protein_name,dengue
AQV12670.1,dengue virus type 4
WRW13106.1,dengue virus type 4
AQV12731.1,dengue virus type 4
XQH47604.1,dengue virus type 4
QTX92202.1,dengue virus type 4
AQV12695.1,dengue virus type 4
WRW13047.1,dengue virus type 4
QOV09272.1,dengue virus type 4
ACS32015.1,dengue virus type 4
XGZ23337.1,dengue virus type 4
WCZ55616.1,dengue virus type 4
WCZ55587.1,dengue virus type 4
WRW13087.1,dengue virus type 4
QTX92250.1,dengue virus type 4
UZJ81404.1,dengue virus type 4
QTX92198.1,dengue virus type 4
AQV12751.1,dengue virus type 4
WRW13054.1,dengue virus type 4
QTX92156.1,dengue virus type 4
XQH47574.1,dengue virus type 4
WME20566.1,dengue virus type 4
QDG00756.1,dengue virus type 4
AFX65870.1,dengue virus type 4
AQV12760.1,dengue virus type 4
UZJ81412.1,dengue virus type 4
AFX65877.1,dengue virus type 4
WRW13114.1,dengue virus type 4
AQV12677.1,dengue virus type 4
QTX92123.1,dengue virus type 4
AQV12766.1,dengue virus type 4
XQH47636.1,dengue virus type 4
QTE05841.1,dengue virus type 4
ACO06147.1,dengue virus type 4
QTX92095.1,dengue virus type 4
QTX92167.1,dengue virus type 4
YDE81644.1,dengue virus type 4
WRW13117.1,dengue virus type 4
AEA50928.1,dengue virus type 4
WVN40809.1,dengue virus type 4
UZJ81406.1,dengue virus type 4
USW91943.1,dengue virus type 4
ACH99663.1,dengue virus type 4
WRW13055.1,dengue virus type 4
WCZ55613.1,dengue virus type 4
AQV12769.1,dengue virus type 4
AQV12704.1,dengue virus type 4
BBG31518.1,dengue virus type 4
AIQ84225.1,dengue virus type 4
AHG23274.1,dengue virus type 4
UZJ81436.1,dengue virus type 4
XQH47601.1,dengue virus type 4
AQV12765.1,dengue virus type 4
QTX92210.1,dengue virus type 4
AGE13481.1,dengue virus type 4
UVK35477.1,dengue virus type 4
AEX09561.1,dengue virus type 4
ACL99032.1,dengue virus type 4
WCZ55603.1,dengue virus type 4
QTX92397.1,dengue virus type 4
AQV12674.1,dengue virus type 4
WVN40862.1,dengue virus type 4
UVK35475.1,dengue virus type 4
UNZ79692.1,dengue virus type 4
AVW85696.1,dengue virus type 4
ACW83007.1,dengue virus type 4
UDI89641.1,dengue virus type 4
WRW13079.1,dengue virus type 4
QVJ82483.1,dengue virus type 4
UZJ81408.1,dengue virus type 4
WCZ55634.1,dengue virus type 4
,dengue virus type 4
WRW13085.1,dengue virus type 4
BBG31516.1,dengue virus type 4
YAJ45066.1,dengue virus type 4
WGD01104.1,dengue virus type 4
XQH47612.1,dengue virus type 4
WXR65036.1,dengue virus type 4
XKQ27354.1,dengue virus type 4
AQV12741.1,dengue virus type 4
QST05092.1,dengue virus type 4
UKS50271.1,dengue virus type 4
QTX92121.1,dengue virus type 4
QTX92220.1,dengue virus type 4
UNO86024.1,dengue virus type 4
UZJ81441.1,dengue virus type 4
WRW13110.1,dengue virus type 4
WCZ55640.1,dengue virus type 4
UZJ81409.1,dengue virus type 4
AQV12662.1,dengue virus type 4
QCE20764.1,dengue virus type 4
BBG31517.1,dengue virus type 4
QTX92288.1,dengue virus type 4
XKV17339.1,dengue virus type 4
WXR65044.1,dengue virus type 4
UDW38825.1,dengue virus type 4
AQV12709.1,dengue virus type 4
WRW13050.1,dengue virus type 4
XJO53393.1,dengue virus type 4
ACH99664.1,dengue virus type 4
UJT50353.1,dengue virus type 4
UZJ81398.1,dengue virus type 4
WCZ55648.1,dengue virus type 4
AQV12728.1,dengue virus type 4
QEP41647.1,dengue virus type 4
XCT47115.1,dengue virus type 4
AQV12721.1,dengue virus type 4
AIQ84240.1,dengue virus type 4
UKS50267.1,dengue virus type 4
AIQ84238.1,dengue virus type 4
WWT53185.1,dengue virus type 4
UDW38824.1,dengue virus type 4
XKQ27370.1,dengue virus type 4
AQV12752.1,dengue virus type 4
AKQ00032.1,dengue virus type 4
QTX92177.1,dengue virus type 4
WVN40824.1,dengue virus type 4
QTX92287.1,dengue virus type 4
WLD15692.1,dengue virus type 4
WVN40839.1,dengue virus type 4
QTX92247.1,dengue virus type 4
ACW83013.1,dengue virus type 4
QFS19541.1,dengue virus type 4
XQH47593.1,dengue virus type 4
AIQ84227.1,dengue virus type 4
QTX92093.1,dengue virus type 4
QPJ20200.1,dengue virus type 4
QTX92292.1,dengue virus type 4
AQV12742.1,dengue virus type 4
QTX92176.1,dengue virus type 4
QTX92263.1,dengue virus type 4
XQH47642.1,dengue virus type 4
QTX92257.1,dengue virus type 4
WME20568.1,dengue virus type 4
UXX63138.1,dengue virus type 4
WRW13123.1,dengue virus type 4
QKO24022.1,dengue virus type 4
QTX92114.1,dengue virus type 4
AKQ00037.1,dengue virus type 4
XVO18450.1,dengue virus type 4
AHG06380.1,dengue virus type 4
XQH47585.1,dengue virus type 4
WRW13081.1,dengue virus type 4
ABR13879.1,dengue virus type 4
QTX92322.1,dengue virus type 4
XQH47578.1,dengue virus type 4
QTX92393.1,dengue virus type 4
QTX92146.1,dengue virus type 4
ACW83008.1,dengue virus type 4
WCZ55596.1,dengue virus type 4
AFX65872.1,dengue virus type 4
QTX92300.1,dengue virus type 4
YDE81638.1,dengue virus type 4
QDG00755.1,dengue virus type 4
WDZ68274.1,dengue virus type 4
WME20570.1,dengue virus type 4
AQV12683.1,dengue virus type 4
QTX92194.1,dengue virus type 4
QTX92171.1,dengue virus type 4
AHN50410.1,dengue virus type 4
UZJ81407.1,dengue virus type 4
AQV12660.1,dengue virus type 4
QTX92161.1,dengue virus type 4
QTX92273.1,dengue virus type 4
QTX92340.1,dengue virus type 4
WGD01093.1,dengue virus type 4
QTX92149.1,dengue virus type 4
QTX92277.1,dengue virus type 4
AQV12771.1,dengue virus type 4
BBG31519.1,dengue virus type 4
UZJ81428.1,dengue virus type 4
AAG45437.1,dengue virus type 4
ARN79601.1,dengue virus type 4
UKS50266.1,dengue virus type 4
WVN40865.1,dengue virus type 4
YAJ45096.1,dengue virus type 4
QTX92366.1,dengue virus type 4
QTX92186.1,dengue virus type 4
WRW13076.1,dengue virus type 4
QTX92207.1,dengue virus type 4
XKQ27378.1,dengue virus type 4
YAA48914.1,dengue virus type 4
QTX92253.1,dengue virus type 4
USW91936.1,dengue virus type 4
QTX92100.1,dengue virus type 4
WRW13119.1,dengue virus type 4
QTX92351.1,dengue virus type 4
WXR65037.1,dengue virus type 4
WCZ55627.1,dengue virus type 4
AFY10033.1,dengue virus type 4
ACW82933.1,dengue virus type 4
AQV12698.1,dengue virus type 4
QTX92382.1,dengue virus type 4
AAW51421.1,dengue virus type 4
WGD01103.1,dengue virus type 4
XQH47575.1,dengue virus type 4
UXX63128.1,dengue virus type 4
QTX92348.1,dengue virus type 4
YDE81639.1,dengue virus type 4
ACS32010.1,dengue virus type 4
QTX92096.1,dengue virus type 4
UNO86025.1,dengue virus type 4
YAJ45112.1,dengue virus type 4
QTX92184.1,dengue virus type 4
QTX92353.1,dengue virus type 4
AFD53008.1,dengue virus type 4
WVN40864.1,dengue virus type 4
QEP41651.1,dengue virus type 4
YBZ63808.1,dengue virus type 4
WRW13095.1,dengue virus type 4
ANW72071.1,dengue virus type 4
UZJ81438.1,dengue virus type 4
WVN40869.1,dengue virus type 4
QTX92189.1,dengue virus type 4
XQH47618.1,dengue virus type 4
ALN22021.1,dengue virus type 4
WRW13130.1,dengue virus type 4
UZJ81426.1,dengue virus type 4
QTX92318.1,dengue virus type 4
AQV12759.1,dengue virus type 4
QTX92303.1,dengue virus type 4
WXR65035.1,dengue virus type 4
USV27813.1,dengue virus type 4
AQV12725.1,dengue virus type 4
WGD01079.1,dengue virus type 4
WRW13096.1,dengue virus type 4
WRU43951.1,dengue virus type 4
WRW13068.1,dengue virus type 4
QTX92375.1,dengue virus type 4
AQV12668.1,dengue virus type 4
UDW38822.1,dengue virus type 4
WLD15700.1,dengue virus type 4
QTX92384.1,dengue virus type 4
XQH47626.1,dengue virus type 4
ACS32019.1,dengue virus type 4
WME20567.1,dengue virus type 4
QTX92099.1,dengue virus type 4
QTX92243.1,dengue virus type 4
QTX92139.1,dengue virus type 4
WRU43955.1,dengue virus type 4
XKQ27356.1,dengue virus type 4
QTX92164.1,dengue virus type 4
AQV12654.1,dengue virus type 4
AHG06382.1,dengue virus type 4
QTX92352.1,dengue virus type 4
WRW13071.1,dengue virus type 4
QTX92344.1,dengue virus type 4
WCZ55642.1,dengue virus type 4
WXR65042.1,dengue virus type 4
QTX92271.1,dengue virus type 4
QZP79863.1,dengue virus type 4
QTE05842.1,dengue virus type 4
XQH47613.1,dengue virus type 4
ARN79587.1,dengue virus type 4
WCZ55624.2,dengue virus type 4
AQV12746.1,dengue virus type 4
AQV12658.1,dengue virus type 4
AUY62013.1,dengue virus type 4
QCZ25011.1,dengue virus type 4
QEP41644.1,dengue virus type 4
AFX65871.1,dengue virus type 4
WGD01096.1,dengue virus type 4
QTE05838.1,dengue virus type 4
AQV12770.1,dengue virus type 4
WRW13083.1,dengue virus type 4
AKQ00028.1,dengue virus type 4
XOX34256.1,dengue virus type 4
QTX92319.1,dengue virus type 4
WXR65049.1,dengue virus type 4
WRW13108.1,dengue virus type 4
QTX92214.1,dengue virus type 4
WCZ55612.1,dengue virus type 4
BBG31521.1,dengue virus type 4
AQV12761.1,dengue virus type 4
WRW13070.1,dengue virus type 4
QTX92242.1,dengue virus type 4
YDE81636.1,dengue virus type 4
QTX92227.1,dengue virus type 4
AQV12685.1,dengue virus type 4
AIQ84234.1,dengue virus type 4
QTX92218.1,dengue virus type 4
QCE20687.1,dengue virus type 4
QHZ01374.1,dengue virus type 4
QTX92195.1,dengue virus type 4
ACS32014.1,dengue virus type 4
AQV12688.1,dengue virus type 4
QTX92104.1,dengue virus type 4
XXH95403.1,dengue virus type 4
WXR65043.1,dengue virus type 4
WRW13080.1,dengue virus type 4
WRU43950.1,dengue virus type 4
AQV12720.1,dengue virus type 4
UKS50268.1,dengue virus type 4
QTX92276.1,dengue virus type 4
XGZ23346.1,dengue virus type 4
WGD01101.1,dengue virus type 4
WLD15695.1,dengue virus type 4
AIQ84223.1,dengue virus type 4
XQH47622.1,dengue virus type 4
UZJ81451.1,dengue virus type 4
AQV12680.1,dengue virus type 4
QTX92090.1,dengue virus type 4
ARB18129.1,dengue virus type 4
WDZ68262.1,dengue virus type 4
WRW13051.1,dengue virus type 4
WCZ55660.2,dengue virus type 4
QTX92168.1,dengue virus type 4
WRW13120.1,dengue virus type 4
WVN40873.1,dengue virus type 4
QTX92201.1,dengue virus type 4
WGD01100.1,dengue virus type 4
AQV12655.1,dengue virus type 4
UZJ81419.1,dengue virus type 4
QTX92334.1,dengue virus type 4
WRW13094.1,dengue virus type 4
AQV12705.1,dengue virus type 4
YAJ45108.1,dengue virus type 4
QTX92281.1,dengue virus type 4
WVN40844.1,dengue virus type 4
QTX92169.1,dengue virus type 4
ACO06145.1,dengue virus type 4
WDZ68269.1,dengue virus type 4
WRW13105.1,dengue virus type 4
QTX92385.1,dengue virus type 4
QCE20765.1,dengue virus type 4
QBA29684.1,dengue virus type 4
AAU89378.1,dengue virus type 4
YBZ63821.1,dengue virus type 4
XKQ27376.1,dengue virus type 4
QTX92115.1,dengue virus type 4
WRW13077.1,dengue virus type 4
WGD01102.1,dengue virus type 4
WCZ55579.2,dengue virus type 4
AQV12768.1,dengue virus type 4
AFX65881.1,dengue virus type 4
WDZ68279.1,dengue virus type 4
XQH47625.1,dengue virus type 4
QTX92373.1,dengue virus type 4
XQH47638.1,dengue virus type 4
WLD15697.1,dengue virus type 4
QTX92223.1,dengue virus type 4
QTE05827.1,dengue virus type 4
AIQ84235.1,dengue virus type 4
YAA48905.1,dengue virus type 4
QDG00753.1,dengue virus type 4
XQH47614.1,dengue virus type 4
UZJ81405.1,dengue virus type 4
QTX92328.1,dengue virus type 4
WRU43945.1,dengue virus type 4
XQH47481.1,dengue virus type 4
XKQ27351.1,dengue virus type 4
YDE81647.1,dengue virus type 4
WRW13103.1,dengue virus type 4
WCZ55635.1,dengue virus type 4
WCZ55621.2,dengue virus type 4
UZJ81396.1,dengue virus type 4
WCZ55591.2,dengue virus type 4
ALN22019.1,dengue virus type 4
QTX92329.1,dengue virus type 4
USW91939.1,dengue virus type 4
UXX63129.1,dengue virus type 4
QCZ25012.1,dengue virus type 4
WWM53779.1,dengue virus type 4
QCZ25009.2,dengue virus type 4
QCE20762.1,dengue virus type 4
QTX92152.1,dengue virus type 4
QTX92151.1,dengue virus type 4
WRW13128.1,dengue virus type 4
WGD01095.1,dengue virus type 4
QTX92354.1,dengue virus type 4
XQH47630.1,dengue virus type 4
YDE81633.1,dengue virus type 4
UZI17955.1,dengue virus type 4
WLD15698.1,dengue virus type 4
XXH95401.1,dengue virus type 4
QTX92132.1,dengue virus type 4
UZJ81400.1,dengue virus type 4
QCE20767.1,dengue virus type 4
WCZ55643.1,dengue virus type 4
ARO78371.1,dengue virus type 4
AQV12714.1,dengue virus type 4
YAJ45061.1,dengue virus type 4
UZJ81417.1,dengue virus type 4
QTX92187.1,dengue virus type 4
XQH47583.1,dengue virus type 4
XQH47640.1,dengue virus type 4
WWT53187.1,dengue virus type 4
WCZ55622.1,dengue virus type 4
QHZ01382.1,dengue virus type 4
UCQ65263.1,dengue virus type 4
QTE05836.1,dengue virus type 4
QTX92244.1,dengue virus type 4
AXG50965.1,dengue virus type 4
WWT53184.1,dengue virus type 4
YAA48904.1,dengue virus type 4
WDE20581.1,dengue virus type 4
AQV12664.1,dengue virus type 4
USI59542.1,dengue virus type 4
QPI70488.1,dengue virus type 4
ACS32018.1,dengue virus type 4
QHZ01375.1,dengue virus type 4
WDZ68273.1,dengue virus type 4
AIQ84233.1,dengue virus type 4
XKQ27334.1,dengue virus type 4
QTX93362.1,dengue virus type 3
AIQ84239.1,dengue virus type 4
WRW13086.1,dengue virus type 4
WWT53186.1,dengue virus type 4
QTX92148.1,dengue virus type 4
QTX92232.1,dengue virus type 4
WXR65053.1,dengue virus type 4
XQH47600.1,dengue virus type 4
YAJ45085.1,dengue virus type 4
QTX92179.1,dengue virus type 4
WEG68715.1,dengue virus type 4
WRW13056.1,dengue virus type 4
WVN40819.1,dengue virus type 4
WCZ55604.1,dengue virus type 4
UZI17961.1,dengue virus type 4
YAE67936.1,dengue virus type 4
QTX92241.1,dengue virus type 4
QTX92361.1,dengue virus type 4
UZJ81394.1,dengue virus type 4
QTX92307.1,dengue virus type 4
QFS19544.1,dengue virus type 4
QTX92274.1,dengue virus type 4
ARN79599.1,dengue virus type 4
AMP43484.1,dengue virus type 4
ACN54389.1,dengue virus type 4
QZP79864.1,dengue virus type 4
QTX92173.1,dengue virus type 4
AEA50929.1,dengue virus type 4
QDG00759.1,dengue virus type 4
WCZ55608.2,dengue virus type 4
QTX92150.1,dengue virus type 4
ARN79589.1,dengue virus type 4
AQV12659.1,dengue virus type 4
WCZ55455.2,dengue virus type 2
ARN79592.1,dengue virus type 4
AST12925.1,dengue virus type 4
WXR65048.1,dengue virus type 4
ACL99031.1,dengue virus type 4
WXR65050.1,dengue virus type 4
QTX92370.1,dengue virus type 4
QFS19545.1,dengue virus type 4
QTX92230.1,dengue virus type 4
WRW13127.1,dengue virus type 4
AQV12748.1,dengue virus type 4
WXR65034.1,dengue virus type 4
QTX92211.1,dengue virus type 4
QTP17338.1,dengue virus type 4
QTX92199.1,dengue virus type 4
YAJ45118.1,dengue virus type 4
XQH47570.1,dengue virus type 4
QTX92127.1,dengue virus type 4
WRW13075.1,dengue virus type 4
ACH61687.1,dengue virus type 4
XDT57288.1,dengue virus type 4
USW91937.1,dengue virus type 4
YAB37936.1,dengue virus type 4
QTX92119.1,dengue virus type 4
QTX92355.1,dengue virus type 4
QTX92180.1,dengue virus type 4
WXR65033.1,dengue virus type 4
AKQ00031.1,dengue virus type 4
WRW13116.1,dengue virus type 4
WRW13111.1,dengue virus type 4
ARJ31953.1,dengue virus type 4
WVN40830.1,dengue virus type 4
QCZ25013.2,dengue virus type 4
XQH47621.1,dengue virus type 4
WCZ55645.1,dengue virus type 4
QTX92239.1,dengue virus type 4
WCZ55654.1,dengue virus type 4
UDW38833.1,dengue virus type 4
QTE05843.1,dengue virus type 4
AHG06379.1,dengue virus type 4
XQH47639.1,dengue virus type 4
ARN79585.1,dengue virus type 4
ACQ44406.1,dengue virus type 4
QTX92383.1,dengue virus type 4
XKQ27353.1,dengue virus type 4
WCZ55607.1,dengue virus type 4
AIQ84230.1,dengue virus type 4
WCZ55655.1,dengue virus type 4
QTE05837.1,dengue virus type 4
QTX92291.1,dengue virus type 4
YAJ45102.1,dengue virus type 4
WDE20583.1,dengue virus type 4
QTX92236.1,dengue virus type 4
QTX92359.1,dengue virus type 4
XQH47577.1,dengue virus type 4
AQV12678.1,dengue virus type 4
XQH47598.1,dengue virus type 4
QTX92357.1,dengue virus type 4
XQH47569.1,dengue virus type 4
AIQ84242.1,dengue virus type 4
QFS19540.1,dengue virus type 4
AAU89375.1,dengue virus type 4
UZJ81402.1,dengue virus type 4
QST05088.1,dengue virus type 4
QTX92153.1,dengue virus type 4
QBQ58394.1,dengue virus type 4
QTX92097.1,dengue virus type 4
XQH47571.1,dengue virus type 4
QTX92323.1,dengue virus type 4
WCZ55646.2,dengue virus type 4
AQV12692.1,dengue virus type 4
AQV12713.1,dengue virus type 4
WRU43960.1,dengue virus type 4
XQH47634.1,dengue virus type 4
AQV12690.1,dengue virus type 4
ARN79603.1,dengue virus type 4
QTE05839.1,dengue virus type 4
ACH61714.1,dengue virus type 4
XQH47624.1,dengue virus type 4
XKQ27359.1,dengue virus type 4
WCZ55628.2,dengue virus type 4
YAJ45104.1,dengue virus type 4
WCZ55589.1,dengue virus type 4
ARN79590.1,dengue virus type 4
AQV12718.1,dengue virus type 4
QTX92372.1,dengue virus type 4
AAX48017.1,dengue virus type 4
QEP41646.1,dengue virus type 4
AAU89376.1,dengue virus type 4
XQH47637.1,dengue virus type 4
AQV12756.1,dengue virus type 4
YBU65599.1,dengue virus type 4
XQH47595.1,dengue virus type 4
WCZ55595.1,dengue virus type 4
QTX92267.1,dengue virus type 4
QTX92392.1,dengue virus type 4
QTX92360.1,dengue virus type 4
QTX92249.1,dengue virus type 4
AIQ84229.1,dengue virus type 4
YDE81643.1,dengue virus type 4
AVW85695.1,dengue virus type 4
WRW13060.1,dengue virus type 4
QDG00758.1,dengue virus type 4
AQV12719.1,dengue virus type 4
AEX91754.1,dengue virus type 4
YAJ45060.1,dengue virus type 4
QTX92215.1,dengue virus type 4
ACS32017.1,dengue virus type 4
ARN79605.1,dengue virus type 4
AQV12735.1,dengue virus type 4
WME20569.1,dengue virus type 4
UCQ65260.1,dengue virus type 4
QTX92172.1,dengue virus type 4
ARO78369.1,dengue virus type 4
UKS50265.1,dengue virus type 4
XQH47628.1,dengue virus type 4
WVN40840.1,dengue virus type 4
QTE05824.1,dengue virus type 4
QTX92285.1,dengue virus type 4
QTX92188.1,dengue virus type 4
QTX92341.1,dengue virus type 4
ACW83011.1,dengue virus type 4
WCZ55652.1,dengue virus type 4
QCE20763.1,dengue virus type 4
QTX92306.1,dengue virus type 4
AIQ84241.1,dengue virus type 4
YAJ45046.1,dengue virus type 4
WXR65056.1,dengue virus type 4
QTX92182.1,dengue virus type 4
AKQ62916.1,dengue virus type 4
AGI95993.1,dengue virus type 4
WCZ55653.1,dengue virus type 4
WGD01105.1,dengue virus type 4
AQV12665.1,dengue virus type 4
QTX92190.1,dengue virus type 4
ACO06140.1,dengue virus type 4
WCZ55606.1,dengue virus type 4
XQH47576.1,dengue virus type 4
AAU89379.1,dengue virus type 4
AFX65880.1,dengue virus type 4
QTX92363.1,dengue virus type 4
QDG00752.1,dengue virus type 4
AQV12717.1,dengue virus type 4
WDZ68263.1,dengue virus type 4
UXX63135.1,dengue virus type 4
AFX65878.1,dengue virus type 4
AFY10034.1,dengue virus type 4
UZJ81435.1,dengue virus type 4
UZJ81416.1,dengue virus type 4
AFY10032.1,dengue virus type 4
QTX92245.1,dengue virus type 4
ACL99035.1,dengue virus type 4
ACQ44390.1,dengue virus type 4
ALJ53458.1,dengue virus type 4
QTX92181.1,dengue virus type 4
ACL99060.1,dengue virus type 4
QST05087.1,dengue virus type 4
YAJ45126.1,dengue virus type 4
QTX92259.1,dengue virus type 4
WVN40859.1,dengue virus type 4
WRW13091.1,dengue virus type 4
UDW38821.1,dengue virus type 4
UZJ81392.1,dengue virus type 4
AQV12727.1,dengue virus type 4
QTX92116.1,dengue virus type 4
WZM84534.1,dengue virus type 4
ACS32037.1,dengue virus type 4
UZJ81423.1,dengue virus type 4
UUG60302.1,dengue virus type 1
XKQ27355.1,dengue virus type 4
WRW13063.1,dengue virus type 4
ACS32013.1,dengue virus type 4
AQV12744.1,dengue virus type 4
QTX92234.1,dengue virus type 4
QTX92185.1,dengue virus type 4
QTX92304.1,dengue virus type 4
ACQ44393.1,dengue virus type 4
UDW38830.1,dengue virus type 4
AHC72432.1,dengue virus type 4
AQV12673.1,dengue virus type 4
AQV12734.1,dengue virus type 4
ARN79597.1,dengue virus type 4
ARN79596.1,dengue virus type 4
AFY10035.1,dengue virus type 4
WCZ55593.2,dengue virus type 4
YAJ45044.1,dengue virus type 4
QTX92212.1,dengue virus type 4
WME20573.1,dengue virus type 4
WRW13113.1,dengue virus type 4
WCZ55662.1,dengue virus type 4
UDW38829.1,dengue virus type 4
UZJ81430.1,dengue virus type 4
AQV12716.1,dengue virus type 4
QTX92134.1,dengue virus type 4
WRW13073.1,dengue virus type 4
YDE81645.1,dengue virus type 4
WRW13100.1,dengue virus type 4
UZJ81411.1,dengue virus type 4
QTX92138.1,dengue virus type 4
ACL99029.1,dengue virus type 4
QTX92206.1,dengue virus type 4
QHZ01377.1,dengue virus type 4
YAJ45100.1,dengue virus type 4
QTX92332.1,dengue virus type 4
UZJ81440.1,dengue virus type 4
YBZ63809.1,dengue virus type 4
AAV31422.1,dengue virus type 4
AQV12661.1,dengue virus type 4
QTX92365.1,dengue virus type 4
AQV12710.1,dengue virus type 4
XQH47610.1,dengue virus type 4
ACW83012.1,dengue virus type 4
AFY10038.1,dengue virus type 4
WVN40832.1,dengue virus type 4
QTX92278.1,dengue virus type 4
QTX92311.1,dengue virus type 4
ACH61691.1,dengue virus type 4
AFY10036.1,dengue virus type 4
AHG23291.1,dengue virus type 4
QZP79862.1,dengue virus type 4
QTX92299.1,dengue virus type 4
AQV12740.1,dengue virus type 4
WRW13053.1,dengue virus type 4
QDG00757.1,dengue virus type 4
WVN40811.1,dengue virus type 4
AQV12739.1,dengue virus type 4
WGD01087.1,dengue virus type 4
WCZ55661.2,dengue virus type 4
UJT50351.1,dengue virus type 4
XHH89769.1,dengue virus type 4
ACH61689.1,dengue virus type 4
AQV12651.1,dengue virus type 4
QTE05832.1,dengue virus type 4
ACL99025.1,dengue virus type 4
WDZ68277.1,dengue virus type 4
AQV12706.1,dengue virus type 4
QTX92098.1,dengue virus type 4
QTX92213.1,dengue virus type 4
WCZ55581.1,dengue virus type 4
QTX92294.1,dengue virus type 4
YAJ45078.1,dengue virus type 4
XKQ27342.1,dengue virus type 4
WCZ55620.2,dengue virus type 4
QTX92137.1,dengue virus type 4
AQV12729.1,dengue virus type 4
XQH47480.1,dengue virus type 4
XHB72336.1,dengue virus type 4
QTX92233.1,dengue virus type 4
QTX92231.1,dengue virus type 4
QTX92339.1,dengue virus type 4
AQV12675.1,dengue virus type 4
QTX92117.1,dengue virus type 4
USW90911.1,dengue virus type 4
WAL37608.1,dengue virus type 4
AHG23275.1,dengue virus type 4
WRW13092.1,dengue virus type 4
WRU43958.1,dengue virus type 4
QTX92089.1,dengue virus type 4
UWM25510.1,dengue virus type 4
XQH47597.1,dengue virus type 4
WCZ55594.1,dengue virus type 4
WRW13109.1,dengue virus type 4
QTX92315.1,dengue virus type 4
XQH47617.1,dengue virus type 4
WGD01084.1,dengue virus type 4
ARO78368.1,dengue virus type 4
WRW13099.1,dengue virus type 4
AMW17747.1,dengue virus type 4
WRW13089.1,dengue virus type 4
WVN40829.1,dengue virus type 4
QTX92105.1,dengue virus type 4
AQV12715.1,dengue virus type 4
WCZ55609.1,dengue virus type 4
QTX92112.1,dengue virus type 4
ACW83010.1,dengue virus type 4
QTX92178.1,dengue virus type 4
AEJ33672.1,dengue virus type 4
XKQ27371.1,dengue virus type 4
WVN40834.1,dengue virus type 4
XQH47581.1,dengue virus type 4
QTX92312.1,dengue virus type 4
WDZ68270.1,dengue virus type 4
WRW13065.1,dengue virus type 4
XXH95400.1,dengue virus type 4
QTX92208.1,dengue virus type 4
AQV12700.1,dengue virus type 4
AQV12687.1,dengue virus type 4
AQV12743.1,dengue virus type 4
ACQ44401.1,dengue virus type 4
UVK35476.1,dengue virus type 4
UZI17959.1,dengue virus type 4
WCZ55644.1,dengue virus type 4
AQV12736.1,dengue virus type 4
AFY10039.1,dengue virus type 4
AUN35144.1,dengue virus type 4
QTX92205.1,dengue virus type 4
QFS19543.1,dengue virus type 4
AIQ84236.1,dengue virus type 4
QTX92217.1,dengue virus type 4
ADK37472.1,dengue virus type 4
WXR65047.1,dengue virus type 4
QTX92261.1,dengue virus type 4
WRW13093.1,dengue virus type 4
ACL99026.1,dengue virus type 4
XGZ23333.1,dengue virus type 4
YBP09349.1,dengue virus type 4
XEO29477.1,dengue virus type 4
WXR65041.1,dengue virus type 4
ACQ44405.1,dengue virus type 4
QTX92125.1,dengue virus type 4
AQV12708.1,dengue virus type 4
WME20572.1,dengue virus type 4
XQH47573.1,dengue virus type 4
UDW38832.1,dengue virus type 4
WRW13059.1,dengue virus type 4
AQV12679.1,dengue virus type 4
UZJ81437.1,dengue virus type 4
AFP27208.1,dengue virus type 4
XQH47627.1,dengue virus type 4
XOX34250.1,dengue virus type 4
WVN40842.1,dengue virus type 4
WCZ55615.2,dengue virus type 4
XQH47586.1,dengue virus type 4
XKQ27377.1,dengue virus type 4
BAU45389.1,dengue virus type 4
YAJ45123.1,dengue virus type 4
QTX92140.1,dengue virus type 4
ARX96505.1,dengue virus type 4
QTX92297.1,dengue virus type 4
QTE05830.1,dengue virus type 4
WVN40871.1,dengue virus type 4
UXX63132.1,dengue virus type 4
ACW82931.1,dengue virus type 4
YAJ45113.1,dengue virus type 4
QTX92110.1,dengue virus type 4
UXY83034.1,dengue virus type 4
QTX92131.1,dengue virus type 4
WGD01080.1,dengue virus type 4
AIQ84221.1,dengue virus type 4
WRW13072.1,dengue virus type 4
ACL99023.1,dengue virus type 4
UDW38828.1,dengue virus type 4
WRW13057.1,dengue virus type 4
WLD15586.1,dengue virus type 4
YDE81637.1,dengue virus type 4
QTX92391.1,dengue virus type 4
WVN40833.1,dengue virus type 4
WCZ55601.1,dengue virus type 4
QCZ25014.1,dengue virus type 4
ARN79598.1,dengue virus type 4
QTX92371.1,dengue virus type 4
AFX65866.1,dengue virus type 4
QTX92379.1,dengue virus type 4
QTX92314.1,dengue virus type 4
AHG23280.1,dengue virus type 4
AQV12666.1,dengue virus type 4
QST05090.1,dengue virus type 4
YDE81635.1,dengue virus type 4
XQH47619.1,dengue virus type 4
YAJ45064.1,dengue virus type 4
YBP09350.1,dengue virus type 4
UZI17957.1,dengue virus type 4
AEX09558.1,dengue virus type 4
QTX92221.1,dengue virus type 4
XQH47596.1,dengue virus type 4
QTX92170.1,dengue virus type 4
AVW85694.1,dengue virus type 4
WRU43947.1,dengue virus type 4
AEX09557.1,dengue virus type 4
YDE81646.1,dengue virus type 4
WCZ55598.1,dengue virus type 4
UZJ81413.1,dengue virus type 4
UNO86027.1,dengue virus type 1
AFX65873.1,dengue virus type 4
AFZ40129.1,dengue virus type 4
QTX92228.1,dengue virus type 4
YAJ45043.1,dengue virus type 4
WCZ55623.1,dengue virus type 4
ACQ44400.1,dengue virus type 4
QTX92394.1,dengue virus type 4
QDZ58861.1,dengue virus type 4
WRW13066.1,dengue virus type 4
QTX92367.1,dengue virus type 4
QTX92272.1,dengue virus type 4
AKQ00030.1,dengue virus type 4
QTX92390.1,dengue virus type 4
XQH47582.1,dengue virus type 4
AQV12702.1,dengue virus type 4
WVN40807.1,dengue virus type 4
WGD01091.1,dengue virus type 4
ACQ44403.1,dengue virus type 4
QTX92327.1,dengue virus type 4
QTX92377.1,dengue virus type 4
QTE18637.1,dengue virus type 4
AQV12701.1,dengue virus type 4
UCQ65262.1,dengue virus type 4
QTX92325.1,dengue virus type 4
YBZ63801.1,dengue virus type 4
QTX92376.1,dengue virus type 4
AQV12763.1,dengue virus type 4
ACW82930.1,dengue virus type 4
QTX92133.1,dengue virus type 4
QTX92316.1,dengue virus type 4
QHZ01373.1,dengue virus type 4
QTX92289.1,dengue virus type 4
YBP09352.1,dengue virus type 4
AQV12726.1,dengue virus type 4
AQV12707.1,dengue virus type 4
XJO53390.1,dengue virus type 4
QTX92147.1,dengue virus type 4
WME20571.1,dengue virus type 4
AQV12703.1,dengue virus type 4
QTX92265.1,dengue virus type 4
UZJ81414.1,dengue virus type 4
WCZ55592.1,dengue virus type 4
ACQ44392.1,dengue virus type 4
QTX92200.1,dengue virus type 4
YBP09354.1,dengue virus type 4
QTX92091.1,dengue virus type 4
QTX92240.1,dengue virus type 4
QTX92386.1,dengue virus type 4
AIQ84220.1,dengue virus type 4
AHK05342.1,dengue virus type 4
UZI17953.1,dengue virus type 4
USV27811.1,dengue virus type 4
ALN22020.1,dengue virus type 4
AQV12656.1,dengue virus type 4
UZJ81429.1,dengue virus type 4
ACW82884.1,dengue virus type 4
AIQ84245.1,dengue virus type 4
QTX92305.1,dengue virus type 4
QTX92284.1,dengue virus type 4
AIQ84243.1,dengue virus type 4
XQH47587.1,dengue virus type 4
AVA30162.1,dengue virus type 4
UZJ81399.1,dengue virus type 4
UZJ81422.1,dengue virus type 4
QTX92128.1,dengue virus type 4
ACQ44398.1,dengue virus type 4
UZJ81395.1,dengue virus type 4
WRU43948.1,dengue virus type 4
WRW13052.1,dengue virus type 4
QTX92256.1,dengue virus type 4
YAB37939.1,dengue virus type 4
UZJ81425.1,dengue virus type 4
QTX92237.1,dengue virus type 4
WCZ55619.1,dengue virus type 4
XQH47588.1,dengue virus type 4
XQH47606.1,dengue virus type 4
UZI17958.1,dengue virus type 4
QFS19547.1,dengue virus type 4
QTE05840.1,dengue virus type 4
XKQ27340.1,dengue virus type 4
WVN40874.1,dengue virus type 4
AEA50926.1,dengue virus type 4
AQV12772.1,dengue virus type 4
QDG00754.1,dengue virus type 4
YBZ63816.1,dengue virus type 4
WVN40841.1,dengue virus type 4
QEP41648.1,dengue virus type 4
UZI17956.1,dengue virus type 4
WCZ55639.1,dengue virus type 4
AFP27207.1,dengue virus type 4
UOS86121.1,dengue virus type 4
WRW13069.1,dengue virus type 4
AFX65875.1,dengue virus type 4
XXL24490.1,dengue virus type 4
QFS19542.1,dengue virus type 4
AEW50183.1,dengue virus type 4
QTX92317.1,dengue virus type 4
XUD98104.1,dengue virus type 4
WCZ55614.1,dengue virus type 4
ACH61725.1,dengue virus type 4
WRU43949.1,dengue virus type 4
WXR65052.1,dengue virus type 4
AFX65879.1,dengue virus type 4
WVN40838.1,dengue virus type 4
YAJ45067.1,dengue virus type 4
XVO60298.1,dengue virus type 4
AQV12732.1,dengue virus type 4
XXH95402.1,dengue virus type 4
UZJ81447.1,dengue virus type 4
BBG31515.1,dengue virus type 4
YAJ45119.1,dengue virus type 4
ACQ44408.1,dengue virus type 4
UDW38827.1,dengue virus type 4
QTP16978.1,dengue virus type 4
ACQ44389.1,dengue virus type 4
WEG68714.1,dengue virus type 4
AHG06378.1,dengue virus type 4
WCZ55618.1,dengue virus type 4
ANK35835.1,dengue virus type 4
AHG06383.1,dengue virus type 4
UZI17954.1,dengue virus type 4
UNO86026.1,dengue virus type 4
QTX92108.1,dengue virus type 4
WRU43952.1,dengue virus type 4
WVN40836.1,dengue virus type 4
AFX65874.1,dengue virus type 4
QCE20766.1,dengue virus type 4
WRW13044.1,dengue virus type 4
XQH47605.1,dengue virus type 4
QTX92268.1,dengue virus type 4
QTX92144.1,dengue virus type 4
QTX92143.1,dengue virus type 4
USI59541.1,dengue virus type 4
USW91938.1,dengue virus type 4
QTE05829.1,dengue virus type 4
WVN40837.1,dengue virus type 4
QTX92145.1,dengue virus type 4
WVN40852.1,dengue virus type 4
QTX92302.1,dengue virus type 4
WCZ55577.2,dengue virus type 4
UKS50270.1,dengue virus type 4
YAB37937.1,dengue virus type 4
XQH47590.1,dengue virus type 4
XCT47114.1,dengue virus type 4
AFY10031.1,dengue virus type 4
QTX92122.1,dengue virus type 4
WCZ55599.1,dengue virus type 4
XKQ27349.1,dengue virus type 4
UKS89504.1,dengue virus type 4
WDZ68259.1,dengue virus type 4
WRW13126.1,dengue virus type 4
QTX92141.1,dengue virus type 4
AQV12738.1,dengue virus type 4
WRW13084.1,dengue virus type 4
WRW13098.1,dengue virus type 4
UZJ81452.1,dengue virus type 4
XQH47611.1,dengue virus type 4
USV27814.1,dengue virus type 4
WZL58235.1,dengue virus type 4
WDZ68272.1,dengue virus type 4
WCZ55580.2,dengue virus type 4
WRU43956.1,dengue virus type 4
WDZ68260.1,dengue virus type 4
ARN79584.1,dengue virus type 4
YBP09347.1,dengue virus type 4
UZJ81453.1,dengue virus type 4
QTX92157.1,dengue virus type 4
XOT41445.1,dengue virus type 4
XYL12305.1,dengue virus type 4
QTX92102.1,dengue virus type 4
AKQ00035.1,dengue virus type 4
XAN94938.1,dengue virus type 4
QCZ25010.1,dengue virus type 4
WCZ55597.2,dengue virus type 4
UXX63134.1,dengue virus type 4
AKQ00033.1,dengue virus type 4
AQV12697.1,dengue virus type 4
AXB26598.1,dengue virus type 4
YAB37935.1,dengue virus type 4
QTX92255.1,dengue virus type 4
ARN79600.1,dengue virus type 4
WLD15701.1,dengue virus type 4
QTX92331.1,dengue virus type 4
AQV12711.1,dengue virus type 4
WLD15592.1,dengue virus type 4
QDG00760.1,dengue virus type 4
WVN40877.1,dengue virus type 4
QST05094.1,dengue virus type 4
WLD15696.1,dengue virus type 4
AQV12755.1,dengue virus type 4
AIQ84228.1,dengue virus type 4
WCZ55625.1,dengue virus type 4
QTX92209.1,dengue virus type 4
ALB78116.1,dengue virus type 4
UZJ81427.1,dengue virus type 4
YBP09353.1,dengue virus type 4
AQV12693.1,dengue virus type 4
ACQ44391.1,dengue virus type 4
UZJ81448.1,dengue virus type 4
WME20563.1,dengue virus type 4
XOX34253.1,dengue virus type 4
AIQ84237.1,dengue virus type 4
ANN30220.2,dengue virus type 4
QDZ58859.1,dengue virus type 4
XQH47633.1,dengue virus type 4
ARN79586.1,dengue virus type 4
WVN40867.1,dengue virus type 4
WRW13058.1,dengue virus type 4
QTX92246.1,dengue virus type 4
YAJ45127.1,dengue virus type 4
WRW13107.1,dengue virus type 4
WRW13045.1,dengue virus type 4
ARM59250.1,dengue virus type 4
YAJ45115.1,dengue virus type 4
WCZ55657.2,dengue virus type 4
UZJ81403.1,dengue virus type 4
WCZ55605.1,dengue virus type 4
WVN40866.1,dengue virus type 4
WRU43953.1,dengue virus type 4
UZJ81432.1,dengue virus type 4
QBT58299.1,dengue virus type 4
YAJ45099.1,dengue virus type 4
AQV12745.1,dengue virus type 4
QTE05831.1,dengue virus type 4
WGD01083.1,dengue virus type 4
WVN40878.1,dengue virus type 4
QTX92321.1,dengue virus type 4
QTX92162.1,dengue virus type 4
ARN79594.1,dengue virus type 4
XQH47572.1,dengue virus type 4
ARN79591.1,dengue virus type 4
QTX92219.1,dengue virus type 4
QTX92106.1,dengue virus type 4
QTX92270.1,dengue virus type 4
XKQ27375.1,dengue virus type 4
WRW13088.1,dengue virus type 4
WRW13046.1,dengue virus type 4
WRU43954.1,dengue virus type 4
WDZ68278.1,dengue virus type 4
AQV12762.1,dengue virus type 4
WCZ55658.1,dengue virus type 4
WOX58781.1,dengue virus type 4
QTX92159.1,dengue virus type 4
YBP09351.1,dengue virus type 4
WVN40806.1,dengue virus type 4
NP_073286.1,dengue virus type 4
YBP09346.1,dengue virus type 4
YDE41653.1,dengue virus type 4
WME20564.1,dengue virus type 4
AFZ40130.1,dengue virus type 4
XOX34252.1,dengue virus type 4
QTX92092.1,dengue virus type 4
XQH47620.1,dengue virus type 4
QHZ01379.1,dengue virus type 4
AXB26599.1,dengue virus type 4
AIQ84244.1,dengue virus type 4
AQV12730.1,dengue virus type 4
ANC57613.1,dengue virus type 4
WVN40847.1,dengue virus type 4
AIQ84222.1,dengue virus type 4
WRW13067.1,dengue virus type 4
ARN79588.1,dengue virus type 4
WCZ55651.1,dengue virus type 4
ACH61692.1,dengue virus type 4
QTX92264.1,dengue virus type 4
AQV12764.1,dengue virus type 4
WDE20584.1,dengue virus type 4
QTX92160.1,dengue virus type 4
BBG31514.1,dengue virus type 4
QTX92346.1,dengue virus type 4
WRW13124.1,dengue virus type 4
XKQ27358.1,dengue virus type 4
QTX92395.1,dengue virus type 4
WCZ55582.1,dengue virus type 4
QEP41650.1,dengue virus type 4
WRW13112.1,dengue virus type 4
WRW13082.1,dengue virus type 4
AHG06381.1,dengue virus type 4
QDZ58857.1,dengue virus type 4
QTX92286.1,dengue virus type 4
YAJ45117.1,dengue virus type 4
QTX92248.1,dengue virus type 4
QFS19549.1,dengue virus type 4
UCQ65264.1,dengue virus type 4
AQV12653.1,dengue virus type 4
WRW13122.1,dengue virus type 4
YAJ45084.1,dengue virus type 4
QTX92313.1,dengue virus type 4
WDE20580.1,dengue virus type 4
WCZ55578.1,dengue virus type 4
WVN40849.1,dengue virus type 4
QFS19546.1,dengue virus type 4
UDI89640.1,dengue virus type 4
WVN40851.1,dengue virus type 4
WXR65038.1,dengue virus type 4
WRW13064.1,dengue virus type 4
QTX92130.1,dengue virus type 4
ACQ44404.1,dengue virus type 4
QTX92336.1,dengue virus type 4
QTX92082.1,dengue virus type 4
AET43237.1,dengue virus type 4
UWM25513.1,dengue virus type 4
WDZ68267.1,dengue virus type 4
UZJ81420.1,dengue virus type 4
AET43240.1,dengue virus type 4
WYV81049.1,dengue virus type 4
QTX92192.1,dengue virus type 4
WRW13049.1,dengue virus type 4
UZJ81415.1,dengue virus type 4
QTX92350.1,dengue virus type 4
UZJ81421.1,dengue virus type 4
ACN54388.1,dengue virus type 4
QTX92101.1,dengue virus type 4
AFX65867.1,dengue virus type 4
WVN40846.1,dengue virus type 4
QEP41645.1,dengue virus type 4
AAW51420.1,dengue virus type 4
YBP09345.1,dengue virus type 4
XQH47608.1,dengue virus type 4
WCZ55610.1,dengue virus type 4
WCZ55641.1,dengue virus type 4
YDE81640.1,dengue virus type 4
AKQ00036.1,dengue virus type 4
AFZ40128.1,dengue virus type 4
QTX92163.1,dengue virus type 4
AQV12652.1,dengue virus type 4
AQV12749.1,dengue virus type 4
WCZ55275.2,dengue virus type 1
UDI89643.1,dengue virus type 4
QTX92343.1,dengue virus type 4
QTX92107.1,dengue virus type 4
WDZ68264.1,dengue virus type 4
QTX92396.1,dengue virus type 4
YDE81634.1,dengue virus type 4
WRW13062.1,dengue virus type 4
QTX92203.1,dengue virus type 4
WDZ68271.1,dengue virus type 4
ARO78367.1,dengue virus type 4
AQV12686.1,dengue virus type 4
AAK58017.1,dengue virus type 4
QTX92103.1,dengue virus type 4
AKQ00029.1,dengue virus type 4
XAX02480.1,dengue virus type 4
ACQ44396.1,dengue virus type 4
QTX92320.1,dengue virus type 4
ARN79606.1,dengue virus type 4
WDZ68266.1,dengue virus type 4
XOX34254.1,dengue virus type 4
WCZ55638.1,dengue virus type 4
ARN79602.1,dengue virus type 4
QTX92333.1,dengue virus type 4
WRW13074.1,dengue virus type 4
ACO06199.1,dengue virus type 4
WCZ55588.1,dengue virus type 4
YAJ45082.1,dengue virus type 4
WRW13115.1,dengue virus type 4
UWM25512.1,dengue virus type 4
WCZ55629.1,dengue virus type 4
UCQ65259.1,dengue virus type 4
QTX92229.1,dengue virus type 4
ANC57614.1,dengue virus type 4
WRW13121.1,dengue virus type 4
YAJ45071.1,dengue virus type 4
WGD01081.1,dengue virus type 4
QTX92193.1,dengue virus type 4
QTX92295.1,dengue virus type 4
BBG31520.1,dengue virus type 4
WCZ55633.2,dengue virus type 4
YBP09344.1,dengue virus type 4
UZJ81434.1,dengue virus type 4
YAJ45059.1,dengue virus type 4
AEA50925.1,dengue virus type 4
QTX92183.1,dengue virus type 4
UDI89644.1,dengue virus type 4
QTX92342.1,dengue virus type 4
XOX34255.1,dengue virus type 4
UZJ81449.1,dengue virus type 4
UZJ81445.1,dengue virus type 4
WVN40835.1,dengue virus type 4
UZJ81418.1,dengue virus type 4
XQH47602.1,dengue virus type 4
AAG30148.1,dengue virus type 4
ANK35834.1,dengue virus type 4
AQV12694.1,dengue virus type 4
UXX63131.1,dengue virus type 4
AUZ41813.1,dengue virus type 4
AQV12650.1,dengue virus type 4
AQV12689.1,dengue virus type 4
ASS36950.1,dengue virus type 4
AIQ84226.1,dengue virus type 4
AIG60035.1,dengue virus type 4
QTX92362.1,dengue virus type 4
QBK46953.1,dengue virus type 4
QTX92262.1,dengue virus type 4
WCZ55585.1,dengue virus type 4
ANW72070.1,dengue virus type 4
WXR65045.1,dengue virus type 4
ALI16138.1,dengue virus type 4
ACL99051.1,dengue virus type 4
AFX65869.1,dengue virus type 4
YAA48917.1,dengue virus type 4
QTX92388.1,dengue virus type 4
WRW13125.1,dengue virus type 4
YAJ45052.1,dengue virus type 4
QTX92166.1,dengue virus type 4
WRW13048.1,dengue virus type 4
XOX34251.1,dengue virus type 4
QTX92216.1,dengue virus type 4
ARM59249.1,dengue virus type 4
UXX63122.1,dengue virus type 4
AFY10037.1,dengue virus type 4
QTX92301.1,dengue virus type 4
QTX92374.1,dengue virus type 4
WCZ55649.2,dengue virus type 4
QTX92113.1,dengue virus type 4
AXB26600.1,dengue virus type 4
WCZ55637.1,dengue virus type 4
AAG45435.1,dengue virus type 4
WVN40850.1,dengue virus type 4
QTX92282.1,dengue virus type 4
AEW50182.1,dengue virus type 4
UDI89642.1,dengue virus type 4
UZJ81450.1,dengue virus type 4
AFY10030.1,dengue virus type 4
UWM25511.1,dengue virus type 4
QTX92266.1,dengue virus type 4
WYV81050.1,dengue virus type 4
QTX92337.1,dengue virus type 4
QTX92252.1,dengue virus type 4
WJG71815.1,dengue virus type 4
QTX92225.1,dengue virus type 4
QTX92283.1,dengue virus type 4
WRW13129.1,dengue virus type 4
AQV12667.1,dengue virus type 4
XQH47635.1,dengue virus type 4
AQV12757.1,dengue virus type 4
XKQ27369.1,dengue virus type 4
WLD15694.1,dengue virus type 4
WRW13078.1,dengue virus type 4
QTX92309.1,dengue virus type 4
YDE81641.1,dengue virus type 4
AQV12724.1,dengue virus type 4
AIQ84231.1,dengue virus type 4
QFS19538.1,dengue virus type 4
QTX92349.1,dengue virus type 4
UZJ81410.1,dengue virus type 4
ALL54587.1,dengue virus type 4
UDW38823.1,dengue virus type 4
QTE05835.1,dengue virus type 4
WLD15590.1,dengue virus type 4
WXR65055.1,dengue virus type 4
QST05093.1,dengue virus type 4
YAJ45128.1,dengue virus type 4
WGD01085.1,dengue virus type 4
AKQ00034.1,dengue virus type 4
AAW30973.1,dengue virus type 4
AAK01233.1,dengue virus type 4
QTX92338.1,dengue virus type 4
AQV12696.1,dengue virus type 4
QTX92111.1,dengue virus type 4
WPF60255.1,dengue virus type 4
XQH47589.1,dengue virus type 4
WDZ68268.1,dengue virus type 4
AQV12733.1,dengue virus type 4
ACS32016.1,dengue virus type 4
QFS19548.1,dengue virus type 4
AQV12758.1,dengue virus type 4
AQV12722.1,dengue virus type 4
AQV12663.1,dengue virus type 4
WVN40876.1,dengue virus type 4
QTX92196.1,dengue virus type 4
AQV12682.1,dengue virus type 4
WCZ55602.1,dengue virus type 4
XQH47615.1,dengue virus type 4
UZJ81401.1,dengue virus type 4
YAJ45076.1,dengue virus type 4
YAJ45116.1,dengue virus type 4
UKS50269.1,dengue virus type 4
YBZ63804.1,dengue virus type 4
QTX92124.1,dengue virus type 4
ACQ44402.1,dengue virus type 4
WDZ68265.1,dengue virus type 4
WME20562.1,dengue virus type 4
AQV12747.1,dengue virus type 4
ACQ44407.1,dengue virus type 4
UXX63133.1,dengue virus type 4
QTX92279.1,dengue virus type 4
AQV12754.1,dengue virus type 4
WRW13118.1,dengue virus type 4
WRU43944.1,dengue virus type 4
QTE18638.1,dengue virus type 4
WLD15702.1,dengue virus type 4
WME20574.1,dengue virus type 4
QTX92204.1,dengue virus type 4
YAJ45093.1,dengue virus type 4
QTX92083.1,dengue virus type 4
YAJ45097.1,dengue virus type 4
WRW13090.1,dengue virus type 4
YBR22706.1,dengue virus type 4
WDZ68257.1,dengue virus type 4
QBA57536.1,dengue virus type 4
UDW38826.1,dengue virus type 4
WCZ55626.2,dengue virus type 4
QTX92310.1,dengue virus type 4
AQV12676.1,dengue virus type 4
AQV12681.1,dengue virus type 4
QTX92347.1,dengue virus type 4
QTE05826.1,dengue virus type 4
AQV12723.1,dengue virus type 4
UZJ81431.1,dengue virus type 4
UZJ81397.1,dengue virus type 4
WCZ55590.1,dengue virus type 4
AQV12671.1,dengue virus type 4
YBP09348.1,dengue virus type 4
AQV12691.1,dengue virus type 4
AQV12712.1,dengue virus type 4
QTX92154.1,dengue virus type 4
WWT53188.1,dengue virus type 4
QTX92389.1,dengue virus type 4
ARN79593.1,dengue virus type 4
WME20565.1,dengue virus type 4
ACH61688.1,dengue virus type 4
QTX92235.1,dengue virus type 4
XQH47592.1,dengue virus type 4
WLD15693.1,dengue virus type 4
QTX92326.1,dengue virus type 4
QTX92158.1,dengue virus type 4
UUG60301.1,dengue virus type 1
WVN40856.1,dengue virus type 4
WVN40872.1,dengue virus type 4
WET62299.1,dengue virus type 4
UZJ81443.1,dengue virus type 4
QTX92129.1,dengue virus type 4
QTX92369.1,dengue virus type 4
QTX92120.1,dengue virus type 4
AAU89380.1,dengue virus type 4
QFS19537.1,dengue virus type 4
WLD15588.1,dengue virus type 4
AFK82574.1,dengue virus type 4
AIQ84224.1,dengue virus type 4
UZJ81442.1,dengue virus type 4
XCT47117.1,dengue virus type 4
ADA00410.1,dengue virus type 4
QTX92238.1,dengue virus type 4
QTX92254.1,dengue virus type 4
QTX92269.1,dengue virus type 4
QFS19539.1,dengue virus type 4
AFP27206.1,dengue virus type 4
UNO86023.1,dengue virus type 4
QTX92293.1,dengue virus type 4
XOT41443.1,dengue virus type 4
QTX92296.1,dengue virus type 4
QCE20761.1,dengue virus type 4
QTX92260.1,dengue virus type 4
WCZ55636.1,dengue virus type 4
QTX92109.1,dengue virus type 4
USV27812.1,dengue virus type 4
WCZ55647.2,dengue virus type 4
XHH89770.1,dengue virus type 4
ACS32012.1,dengue virus type 4
AEA50927.1,dengue virus type 4
QTX92356.1,dengue virus type 4
YAE84965.1,dengue virus type 4
WXR65054.1,dengue virus type 4
QIB99408.1,dengue virus type 4
WCZ55586.1,dengue virus type 4
WLD15587.1,dengue virus type 4
WCZ55632.1,dengue virus type 4
QTX92174.1,dengue virus type 4
XKQ27374.1,dengue virus type 4
AXB26596.1,dengue virus type 4
QTX92275.1,dengue virus type 4
WXR65039.1,dengue virus type 4
XQH47594.1,dengue virus type 4
XRY74908.1,dengue virus type 4
XQH47603.1,dengue virus type 4
UZV49049.1,dengue virus type 4
QTX92088.1,dengue virus type 4
QTX92330.1,dengue virus type 4
AQV12699.1,dengue virus type 4
UJT50356.1,dengue virus type 4
QTX92335.1,dengue virus type 4
UXX63127.1,dengue virus type 4
UUG60303.1,dengue virus type 1
UZJ81433.1,dengue virus type 4
WXR65040.1,dengue virus type 4
QST05089.1,dengue virus type 4
WXR65046.1,dengue virus type 4
QTX92118.1,dengue virus type 4
AQV12750.1,dengue virus type 4
QHZ01380.1,dengue virus type 4
WDZ68276.1,dengue virus type 4
QTX92094.1,dengue virus type 4
QTX92175.1,dengue virus type 4
QTX92387.1,dengue virus type 4
UZI17960.1,dengue virus type 4
XQH47599.1,dengue virus type 4
QTX92381.1,dengue virus type 4
QTX92290.1,dengue virus type 4
WRW13097.1,dengue virus type 4
UZJ81444.1,dengue virus type 4
ACJ04171.1,dengue virus type 4
QTX92324.1,dengue virus type 4
WRU43957.1,dengue virus type 4
UZJ81446.1,dengue virus type 4
QTX92378.1,dengue virus type 4
UZJ81424.1,dengue virus type 4
QTX92280.1,dengue virus type 4
WOX58759.1,dengue virus type 4
QTX92345.1,dengue virus type 4
ACQ44394.1,dengue virus type 4
AKL81368.2,dengue virus type 4
WRW13102.1,dengue virus type 4
AQV12649.1,dengue virus type 4
WLD15699.1,dengue virus type 4
WRU43946.1,dengue virus type 4
QTE05828.1,dengue virus type 4
ACQ44399.1,dengue virus type 4
QTX92380.1,dengue virus type 4
ARO78370.1,dengue virus type 4
QBB90024.1,dengue virus type 4
WRW13104.1,dengue virus type 4
XQH47616.1,dengue virus type 4
AVY51410.1,dengue virus type 4
XQH47629.1,dengue virus type 4
WVN40863.1,dengue virus type 4
XQH47607.1,dengue virus type 4
XQH47584.1,dengue virus type 4
WRW13061.1,dengue virus type 4
UCQ65261.1,dengue virus type 4
XQH47623.1,dengue virus type 4
AAG45436.1,dengue virus type 4
WNX97884.1,dengue virus type 4
XJS06186.1,dengue virus type 4
UXX63137.1,dengue virus type 4
XGZ23330.1,dengue virus type 4
QTX92222.1,dengue virus type 4
QHZ01376.1,dengue virus type 4
WCZ55617.1,dengue virus type 4
UDI89625.1,dengue virus type 4
XQH47579.1,dengue virus type 4
WXR65051.1,dengue virus type 4
ACW83009.1,dengue virus type 4
AQV12753.1,dengue virus type 4
QHZ01381.1,dengue virus type 4
QTX92136.1,dengue virus type 4
QTX92197.1,dengue virus type 4
WCZ55583.1,dengue virus type 4
AQV12767.1,dengue virus type 4
QTX92135.1,dengue virus type 4
XJO53396.1,dengue virus type 4
QTX92358.1,dengue virus type 4
WYV81051.1,dengue virus type 4
UJT50352.1,dengue virus type 4
YAA48927.1,dengue virus type 4
AQV12669.1,dengue virus type 4
WLD15589.1,dengue virus type 4
AAU89377.1,dengue virus type 4
WRW13101.1,dengue virus type 4
WRU43959.1,dengue virus type 4
UDW38831.1,dengue virus type 4
ARN79595.1,dengue virus type 4
WDZ68275.1,dengue virus type 4
QTX92126.1,dengue virus type 4
QTX92298.1,dengue virus type 4
QTX92165.1,dengue virus type 4
WVN40828.1,dengue virus type 4
WCZ55600.1,dengue virus type 4
QTX92191.1,dengue virus type 4
QTE05833.1,dengue virus type 4
QEP41649.1,dengue virus type 4
ACH61693.1,dengue virus type 4
XQH47632.1,dengue virus type 4
YBU65598.1,dengue virus type 4
AGE13482.1,dengue virus type 4
ACQ44395.1,dengue virus type 4
WGD01082.1,dengue virus type 4
AQV12657.1,dengue virus type 4
QTX92308.1,dengue virus type 4
ACQ44397.1,dengue virus type 4
WGD01097.1,dengue virus type 4
WQE65131.1,dengue virus type 4
QTE05834.1,dengue virus type 4
QTX92155.1,dengue virus type 4
QTX92226.1,dengue virus type 4
QTX92368.1,dengue virus type 4
QTX92258.1,dengue virus type 4
AQV12684.1,dengue virus type 4
WLD15591.1,dengue virus type 4
XQH47580.1,dengue virus type 4
WVN40816.1,dengue virus type 4
UXX63136.1,dengue virus type 4
XCT47118.1,dengue virus type 4
AQV12672.1,dengue virus type 4
WVN40843.1,dengue virus type 4
QTX92364.1,dengue virus type 4
WDZ68280.1,dengue virus type 4
AQV12737.1,dengue virus type 4
UZJ81439.1,dengue virus type 4
USV27834.1,dengue virus type 4
XQH47609.1,dengue virus type 4
QTX92142.1,dengue virus type 4
ARN79604.1,dengue virus type 4
WDE20582.1,dengue virus type 4
AEX09559.1,dengue virus type 4
QTE05825.1,dengue virus type 4
ACL99024.1,dengue virus type 4
AAA42964.2,dengue virus type 4
AFX65868.1,dengue virus type 4
UZJ81393.1,dengue virus type 4
WCZ55630.1,dengue virus type 4
ACW82932.1,dengue virus type 4
UXX63130.1,dengue virus type 4
UNI08547.1,dengue virus type 4
WCZ55650.2,dengue virus type 4
ACO06146.1,dengue virus type 4
QTX92251.1,dengue virus type 4
QST05091.1,dengue virus type 4
ARJ31952.1,dengue virus type 4
AFX65876.1,dengue virus type 4
YDE81642.1,dengue virus type 4
WCZ55584.2,dengue virus type 4
WDZ68258.1,dengue virus type 4
QTX92224.1,dengue virus type 4
XQH47631.1,dengue virus type 4
XQH47591.1,dengue virus type 4
XCT47116.1,dengue virus type 4
AEX09560.1,dengue virus type 4
AIQ84232.1,dengue virus type 4
XOF14209.1,dengue virus type 4
YBZ63815.1,dengue virus type 4
XOT41444.1,dengue virus type 4
ACB87139.1,dengue virus type 2
ACA48940.1,dengue virus type 2
QWZ14581.1,dengue virus type 2
WJZ47672.1,dengue virus type 2
AEA50941.1,dengue virus type 2
WCZ55497.2,dengue virus type 2
AHG25309.1,dengue virus type 2
QFS19329.1,dengue virus type 2
ACJ04202.1,dengue virus type 2
QTX93195.1,dengue virus type 2
AKQ00023.1,dengue virus type 2
WBD86221.1,dengue virus type 2
QFS19362.1,dengue virus type 2
XTL09761.1,dengue virus type 2
QTX93211.1,dengue virus type 2
QFS19307.1,dengue virus type 2
WET62297.1,dengue virus type 2
QBB90022.1,dengue virus type 2
XTL09812.1,dengue virus type 2
ACN42704.1,dengue virus type 2
WLD15569.1,dengue virus type 2
WCZ55385.2,dengue virus type 2
WYF38768.1,dengue virus type 2
AHG25307.1,dengue virus type 2
WZW36476.1,dengue virus type 2
WGD00839.1,dengue virus type 2
WWO67093.1,dengue virus type 2
AQV12435.1,dengue virus type 2
XLY78361.1,dengue virus type 2
WJZ47489.1,dengue virus type 2
QQW40796.1,dengue virus type 2
WIL50913.1,dengue virus type 2
ANC57603.1,dengue virus type 2
WVV02176.1,dengue virus type 2
XPF60597.1,dengue virus type 2
WRW12926.1,dengue virus type 2
QHR82522.1,dengue virus type 2
WLD55605.1,dengue virus type 2
YAB37921.1,dengue virus type 2
QUU16652.1,dengue virus type 2
WVV02233.1,dengue virus type 2
QTX93109.1,dengue virus type 2
WCZ55421.2,dengue virus type 2
AYP74884.1,dengue virus type 2
QTX93063.1,dengue virus type 2
QBA57667.1,dengue virus type 2
AKQ00021.1,dengue virus type 2
UYK60846.1,dengue virus type 2
YAA48903.1,dengue virus type 2
WYF38761.1,dengue virus type 2
UDY72402.1,dengue virus type 2
QST06887.1,dengue virus type 2
QSV27713.1,dengue virus type 2
AWK29889.1,dengue virus type 2
WDE20504.1,dengue virus type 2
QST06889.1,dengue virus type 2
UOV35397.1,dengue virus type 2
QMT58639.1,dengue virus type 2
AEB66129.1,dengue virus type 2
WRW12930.1,dengue virus type 2
WJE97924.1,dengue virus type 2
ACS32035.1,dengue virus type 2
XPF60481.1,dengue virus type 2
ACJ04175.1,dengue virus type 2
ADC92351.1,dengue virus type 2
AFH53774.2,dengue virus type 2
WCZ55439.2,dengue virus type 2
XKQ27366.1,dengue virus type 2
WVV02237.1,dengue virus type 2
UEK75499.1,dengue virus type 2
UEK75492.1,dengue virus type 2
WCZ55481.2,dengue virus type 2
ADI80655.1,dengue virus type 2
AGK36290.1,dengue virus type 2
WFO14555.1,dengue virus type 2
XNK03656.1,dengue virus type 2
QQP29644.1,dengue virus type 2
AGX15374.1,dengue virus type 2
WZW36498.1,dengue virus type 2
QFS19469.1,dengue virus type 2
UZW44020.1,dengue virus type 2
QBQ58386.1,dengue virus type 2
ACB87131.1,dengue virus type 2
XMF56239.1,dengue virus type 2
XPF60635.1,dengue virus type 2
YBP09219.1,dengue virus type 2
WVN40661.1,dengue virus type 2
WBD86245.1,dengue virus type 2
XHC89041.1,dengue virus type 2
QZE60606.1,dengue virus type 2
ARM59245.1,dengue virus type 2
WJZ47399.1,dengue virus type 2
ACN42702.1,dengue virus type 2
QCH40778.1,dengue virus type 2
WPK32965.1,dengue virus type 2
AKA55031.1,dengue virus type 2
XPF60372.1,dengue virus type 2
BAD36759.1,dengue virus type 2
QNL13678.1,dengue virus type 2
XPF60501.1,dengue virus type 2
YBP09213.1,dengue virus type 2
XDT57286.1,dengue virus type 2
QQW40746.1,dengue virus type 2
WYF38819.1,dengue virus type 2
QTX93160.1,dengue virus type 2
CAR65155.1,dengue virus type 2
ACA49013.1,dengue virus type 2
ABY65725.1,dengue virus type 2
QQW40658.1,dengue virus type 2
WCZ55427.2,dengue virus type 2
AHG23167.1,dengue virus type 2
XTL09754.1,dengue virus type 2
QCZ24973.1,dengue virus type 2
ANS59190.1,dengue virus type 2
ACA48950.1,dengue virus type 2
XPF60389.1,dengue virus type 2
WWP73930.1,dengue virus type 2
WRW13300.1,dengue virus type 2
QGJ02362.1,dengue virus type 2
AQV12389.1,dengue virus type 2
ACA48875.1,dengue virus type 2
QNL13715.1,dengue virus type 2
QFS19404.1,dengue virus type 2
WJZ47532.1,dengue virus type 2
AAC40839.1,dengue virus type 2
UNZ79673.1,dengue virus type 2
WEG68688.1,dengue virus type 2
XQV99720.1,dengue virus type 2
QST05079.1,dengue virus type 2
WVN40749.1,dengue virus type 2
WHS26804.1,dengue virus type 2
QFS19391.1,dengue virus type 2
XUU11193.1,dengue virus type 2
UJH40714.1,dengue virus type 2
QFS19399.1,dengue virus type 2
QNL13641.1,dengue virus type 2
ACS32020.1,dengue virus type 2
WVV02167.1,dengue virus type 2
XPF60601.1,dengue virus type 2
WJZ47560.1,dengue virus type 2
QSV27710.1,dengue virus type 2
YCB08531.1,dengue virus type 2
QTX92952.1,dengue virus type 2
WZW36502.1,dengue virus type 2
XPF60508.1,dengue virus type 2
AAF29147.1,dengue virus type 2
QQW40714.1,dengue virus type 2
XPF60518.1,dengue virus type 2
WPF59420.1,dengue virus type 2
ACA49033.1,dengue virus type 2
AIH13924.1,dengue virus type 2
QFS19365.1,dengue virus type 2
QQW40668.1,dengue virus type 2
WJZ47468.1,dengue virus type 2
XNK03655.1,dengue virus type 2
QDG00708.1,dengue virus type 2
XTL09871.1,dengue virus type 2
WJZ47667.1,dengue virus type 2
WEG68686.1,dengue virus type 2
UXX51309.1,dengue virus type 2
WJZ47527.1,dengue virus type 2
QMT58640.1,dengue virus type 2
XPF60874.1,dengue virus type 2
WYF38714.1,dengue virus type 2
WDZ68247.1,dengue virus type 2
XPF60633.1,dengue virus type 2
WBD86220.1,dengue virus type 2
AUZ41818.1,dengue virus type 2
AXU25300.1,dengue virus type 2
XER78273.1,dengue virus type 2
AXY94468.1,dengue virus type 2
BBC62175.1,dengue virus type 2
XPF60860.1,dengue virus type 2
AYJ72774.1,dengue virus type 2
XJO99444.1,dengue virus type 2
QQW40785.1,dengue virus type 2
YBK92802.1,dengue virus type 2
QUD37244.1,dengue virus type 2
XTL09795.1,dengue virus type 2
WZW36527.1,dengue virus type 2
XUU11185.1,dengue virus type 2
WGH29398.1,dengue virus type 2
WZW36489.1,dengue virus type 2
AGX15366.1,dengue virus type 2
XPF60583.1,dengue virus type 2
UEK75506.1,dengue virus type 2
XQV99734.1,dengue virus type 2
ACK57815.1,dengue virus type 2
AEB66126.1,dengue virus type 2
ACA48995.1,dengue virus type 2
QTX93052.1,dengue virus type 2
ANS59187.1,dengue virus type 2
XPF60506.1,dengue virus type 2
ACY70763.1,dengue virus type 2
YAB44146.1,dengue virus type 2
YAJ45065.1,dengue virus type 2
WVH32815.1,dengue virus type 2
XPF60373.1,dengue virus type 2
WYF38802.1,dengue virus type 2
XPF60853.1,dengue virus type 2
AEB66124.1,dengue virus type 2
WLD15566.1,dengue virus type 2
XDR01454.1,dengue virus type 2
XPF60509.1,dengue virus type 2
XPF60445.1,dengue virus type 2
ALP06111.1,dengue virus type 2
AET43239.1,dengue virus type 2
QGW05385.1,dengue virus type 2
ACD13425.1,dengue virus type 2
XMF56221.1,dengue virus type 2
UXX51276.1,dengue virus type 2
AYP74886.1,dengue virus type 2
ACQ44517.1,dengue virus type 2
WCZ55549.2,dengue virus type 2
XPF60571.1,dengue virus type 2
XAJ73964.1,dengue virus type 2
WWM53692.1,dengue virus type 2
WJZ47567.1,dengue virus type 2
WJZ47411.1,dengue virus type 2
QCZ24963.1,dengue virus type 2
QOU99766.1,dengue virus type 2
YAE67947.1,dengue virus type 2
WCZ55491.2,dengue virus type 2
WJZ47545.1,dengue virus type 2
WJZ47555.1,dengue virus type 2
ACN42715.1,dengue virus type 2
QFS19321.1,dengue virus type 2
WWP73927.1,dengue virus type 2
XVO59926.1,dengue virus type 2
WBD86231.1,dengue virus type 2
AXY94482.1,dengue virus type 2
WRW12948.1,dengue virus type 2
AQV12520.1,dengue virus type 2
XDT57272.1,dengue virus type 2
ADK37483.1,dengue virus type 2
WVN40663.1,dengue virus type 2
WHT32738.1,dengue virus type 2
XCM77324.1,dengue virus type 2
QQW40751.1,dengue virus type 2
ACD13325.1,dengue virus type 2
XPF60684.1,dengue virus type 2
ACB29511.1,dengue virus type 2
AXY94481.1,dengue virus type 2
AQV12491.1,dengue virus type 2
AXU25290.1,dengue virus type 2
WVV02208.1,dengue virus type 2
WHT32736.1,dengue virus type 2
WRW12900.1,dengue virus type 2
QTX93216.1,dengue virus type 2
XXL24473.1,dengue virus type 2
QMT58623.1,dengue virus type 2
XPF60542.1,dengue virus type 2
WJZ47597.1,dengue virus type 2
WLD55742.1,dengue virus type 2
WNO50251.1,dengue virus type 2
UKT52320.1,dengue virus type 2
QHI43236.1,dengue virus type 2
WVN40748.1,dengue virus type 2
QRG47093.1,dengue virus type 2
ACA48898.1,dengue virus type 2
WDE20507.1,dengue virus type 2
WFO14563.1,dengue virus type 2
XDR01457.1,dengue virus type 2
WNO50233.1,dengue virus type 2
WWP73915.1,dengue virus type 2
QFS19314.1,dengue virus type 2
XPF60450.1,dengue virus type 2
XPF60585.1,dengue virus type 2
QFS19457.1,dengue virus type 2
AVH78241.1,dengue virus type 2
WLD55681.1,dengue virus type 2
WVV02165.1,dengue virus type 2
UXX51250.1,dengue virus type 2
WNJ63361.1,dengue virus type 2
WFO14584.1,dengue virus type 2
WYV81045.1,dengue virus type 2
UCQ65249.1,dengue virus type 2
ARO78366.1,dengue virus type 2
ACJ04333.1,dengue virus type 2
XUU11198.1,dengue virus type 2
QTX93086.1,dengue virus type 2
WVV02197.1,dengue virus type 2
WWO67087.1,dengue virus type 2
XPF60570.1,dengue virus type 2
ACD13428.1,dengue virus type 2
QNL13693.1,dengue virus type 2
AKQ00022.1,dengue virus type 2
QTX93075.1,dengue virus type 2
XTL09870.1,dengue virus type 2
ACY70779.1,dengue virus type 2
QSV27724.1,dengue virus type 2
AXY94447.1,dengue virus type 2
UYK60816.1,dengue virus type 2
AFZ40122.1,dengue virus type 2
WRW12921.1,dengue virus type 2
WRW12914.1,dengue virus type 2
WRW13000.1,dengue virus type 2
WJZ47556.1,dengue virus type 2
WCZ55453.2,dengue virus type 2
XPF60488.1,dengue virus type 2
YDE81659.1,dengue virus type 2
WFO14556.1,dengue virus type 2
CAR65173.2,dengue virus type 2
WCZ55538.2,dengue virus type 2
AGS49172.1,dengue virus type 2
UKS50262.1,dengue virus type 2
XPF60539.1,dengue virus type 2
XHC89043.1,dengue virus type 2
WNN20139.1,dengue virus type 2
WRI67429.1,dengue virus type 2
WVV02228.1,dengue virus type 2
QOW96383.1,dengue virus type 2
AQV12457.1,dengue virus type 2
WZW36512.1,dengue virus type 2
QHR82542.1,dengue virus type 2
XQV99739.1,dengue virus type 2
XPF60474.1,dengue virus type 2
WCZ55451.2,dengue virus type 2
AES93099.1,dengue virus type 2
WVN40711.1,dengue virus type 2
QTX93014.1,dengue virus type 2
WRI67452.1,dengue virus type 2
UNZ79687.1,dengue virus type 2
ACA48869.1,dengue virus type 2
WGD00912.1,dengue virus type 2
WLD55736.1,dengue virus type 2
WIW72146.1,dengue virus type 2
ARO84676.1,dengue virus type 2
QFS19343.1,dengue virus type 2
AQS22555.1,dengue virus type 2
QQP29639.1,dengue virus type 2
QZE60608.1,dengue virus type 2
QFS19317.1,dengue virus type 2
XPF60611.1,dengue virus type 2
XPF60713.1,dengue virus type 2
YBP09209.1,dengue virus type 2
QMT58621.1,dengue virus type 2
QFS19341.1,dengue virus type 2
AQV12521.1,dengue virus type 2
ABG29088.1,dengue virus type 2
WJZ47537.1,dengue virus type 2
AED98520.1,dengue virus type 2
QTX93040.1,dengue virus type 2
AFD28529.1,dengue virus type 2
XPF60638.1,dengue virus type 2
WCZ55532.2,dengue virus type 2
WCZ55536.2,dengue virus type 2
WYF38882.1,dengue virus type 2
XPF60733.1,dengue virus type 2
WHS26800.1,dengue virus type 2
QTX93083.1,dengue virus type 2
WJZ47326.1,dengue virus type 2
XTL09830.1,dengue virus type 2
ARO78364.1,dengue virus type 2
XPF60402.1,dengue virus type 2
XUU11206.1,dengue virus type 2
QQP29634.1,dengue virus type 2
QDG00727.1,dengue virus type 2
XPF60726.1,dengue virus type 2
WLD15573.1,dengue virus type 2
AKA55024.1,dengue virus type 2
WKC20956.1,dengue virus type 2
AKA55013.1,dengue virus type 2
UYK60839.1,dengue virus type 2
WRI67456.1,dengue virus type 2
AQV12423.1,dengue virus type 2
QNL13671.1,dengue virus type 2
QSV27725.1,dengue virus type 2
WVV02183.1,dengue virus type 2
WWS30389.1,dengue virus type 2
XTL09847.1,dengue virus type 2
WIW72145.1,dengue virus type 2
QQW40754.1,dengue virus type 2
WRI67431.1,dengue virus type 2
QTX93003.1,dengue virus type 2
ACL99158.1,dengue virus type 2
AGX15376.1,dengue virus type 2
ACA48937.1,dengue virus type 2
ADA60785.1,dengue virus type 2
WWS30391.1,dengue virus type 2
WVV02193.1,dengue virus type 2
QHR82509.1,dengue virus type 2
QMT58628.1,dengue virus type 2
AUN35122.1,dengue virus type 2
UXX51327.1,dengue virus type 2
QRG47123.1,dengue virus type 2
XPF60719.1,dengue virus type 2
WCD38863.1,dengue virus type 2
WZW36517.1,dengue virus type 2
QTX93171.1,dengue virus type 2
QTX92999.1,dengue virus type 2
AQV12484.1,dengue virus type 2
WRW12885.1,dengue virus type 2
WGD00947.1,dengue virus type 2
ACA48842.1,dengue virus type 2
YCB08537.1,dengue virus type 2
WJZ47498.1,dengue virus type 2
WJX08504.1,dengue virus type 2
XPF60699.1,dengue virus type 2
WYF38783.1,dengue virus type 2
WJZ47509.1,dengue virus type 2
WVN40714.1,dengue virus type 2
UYK60822.1,dengue virus type 2
ACW82983.1,dengue virus type 2
ACN42735.1,dengue virus type 2
WQN06316.1,dengue virus type 2
WHU05356.1,dengue virus type 2
WFO14582.1,dengue virus type 2
WJZ47619.1,dengue virus type 2
AKA55006.1,dengue virus type 2
WVV02195.1,dengue virus type 2
XPF60893.1,dengue virus type 2
WHS26812.1,dengue virus type 2
XUM16039.1,dengue virus type 2
WHU05336.1,dengue virus type 2
ULP34437.1,dengue virus type 2
WVV02184.1,dengue virus type 2
WNN20134.1,dengue virus type 2
WLD55727.1,dengue virus type 2
URK56735.1,dengue virus type 2
AAD32954.1,dengue virus type 2
WRW12875.1,dengue virus type 2
AEH59344.1,dengue virus type 2
BBG31505.1,dengue virus type 2
XPF60540.1,dengue virus type 2
WAP37905.1,dengue virus type 2
UZJ81455.1,dengue virus type 2
XPF60627.1,dengue virus type 2
QZE60601.1,dengue virus type 2
QTX92895.1,dengue virus type 2
QFS19258.1,dengue virus type 2
ACB29510.1,dengue virus type 2
QFS19275.1,dengue virus type 2
XPF60863.1,dengue virus type 2
UEK75512.1,dengue virus type 2
QFS19468.1,dengue virus type 2
WJZ47357.1,dengue virus type 2
WHT32730.1,dengue virus type 2
WZP31916.1,dengue virus type 2
ACJ04235.1,dengue virus type 2
AQV12428.1,dengue virus type 2
WCZ55508.2,dengue virus type 2
UEK75488.1,dengue virus type 2
XPF60517.1,dengue virus type 2
ACD13422.1,dengue virus type 2
XPF60901.1,dengue virus type 2
WDZ68251.1,dengue virus type 2
XPF60334.1,dengue virus type 2
QFS19366.1,dengue virus type 2
ACA48827.1,dengue virus type 2
AKA54984.1,dengue virus type 2
WBD86223.1,dengue virus type 2
XXL24475.1,dengue virus type 2
QTX93101.1,dengue virus type 2
ACL99021.1,dengue virus type 2
AYN79590.1,dengue virus type 2
ACB29503.1,dengue virus type 2
WJZ47374.1,dengue virus type 2
WJZ47329.1,dengue virus type 2
WRW12959.1,dengue virus type 2
AUZ41809.1,dengue virus type 2
WJJ08354.1,dengue virus type 2
WJZ47542.1,dengue virus type 2
URK56732.1,dengue virus type 2
QST06881.1,dengue virus type 2
QTX93099.1,dengue virus type 2
QQP29637.1,dengue virus type 2
QTX92884.1,dengue virus type 2
QCE20748.1,dengue virus type 2
WJZ47356.1,dengue virus type 2
UKS50261.1,dengue virus type 2
WYF38804.1,dengue virus type 2
QSV27704.1,dengue virus type 2
WLD55660.1,dengue virus type 2
UEK75474.1,dengue virus type 2
AUN35124.1,dengue virus type 2
ANS59196.1,dengue virus type 2
XXL24483.1,dengue virus type 2
QFS19289.1,dengue virus type 2
WFP46155.1,dengue virus type 2
WNN20130.1,dengue virus type 2
WHT32741.1,dengue virus type 2
XPF60678.1,dengue virus type 2
QSV27701.1,dengue virus type 2
WHU05342.1,dengue virus type 2
WJE97928.1,dengue virus type 2
WCZ55488.2,dengue virus type 2
XPF60692.1,dengue virus type 2
AYP74880.1,dengue virus type 2
AXY40348.1,dengue virus type 2
XTL09768.1,dengue virus type 2
BBH51318.1,dengue virus type 2
XPF60485.1,dengue virus type 2
WCZ55450.2,dengue virus type 2
WGD00891.1,dengue virus type 2
WCZ55492.2,dengue virus type 2
WQE65116.1,dengue virus type 2
UZI17950.1,dengue virus type 2
UXX51294.1,dengue virus type 2
XQH47529.1,dengue virus type 2
XPF60630.1,dengue virus type 2
QQW40758.1,dengue virus type 2
XPF60875.1,dengue virus type 2
AXY40346.1,dengue virus type 2
WDZ68243.1,dengue virus type 2
ABO33322.1,dengue virus type 2
ARO84696.1,dengue virus type 2
WIW72153.1,dengue virus type 2
WYF38752.1,dengue virus type 2
WVV02189.1,dengue virus type 2
QQW40666.1,dengue virus type 2
YBZ63803.1,dengue virus type 2
WJZ47444.1,dengue virus type 2
QFS19320.1,dengue virus type 2
XTL09770.1,dengue virus type 2
AHG23128.1,dengue virus type 2
AKA55025.1,dengue virus type 2
QTX93096.1,dengue virus type 2
WJZ47602.1,dengue virus type 2
WLD15567.1,dengue virus type 2
QUD37232.1,dengue virus type 2
ACW82885.1,dengue virus type 2
QFS19345.1,dengue virus type 2
QTX93089.1,dengue virus type 2
WCZ55405.2,dengue virus type 2
WLD55644.1,dengue virus type 2
QTX93127.1,dengue virus type 2
UVK35473.1,dengue virus type 2
WRW12884.1,dengue virus type 2
QFS19326.1,dengue virus type 2
YBG23185.1,dengue virus type 2
XTL09846.1,dengue virus type 2
AST11589.1,dengue virus type 2
QTX93132.1,dengue virus type 2
YBZ63793.1,dengue virus type 2
ACH61768.1,dengue virus type 2
QTX92901.1,dengue virus type 2
ACA48860.1,dengue virus type 2
QNL13632.1,dengue virus type 2
WRW12915.1,dengue virus type 2
WGD00910.1,dengue virus type 2
XTL09791.1,dengue virus type 2
QFS19257.1,dengue virus type 2
WVV02196.1,dengue virus type 2
UXX51320.1,dengue virus type 2
XPF60350.1,dengue virus type 2
ACL99167.1,dengue virus type 2
QFS19297.1,dengue virus type 2
WJX08502.1,dengue virus type 2
ACL99220.1,dengue virus type 2
XQV99731.1,dengue virus type 2
XPF60603.1,dengue virus type 2
WBD86222.1,dengue virus type 2
AQV12487.1,dengue virus type 2
WCZ55375.2,dengue virus type 2
WJZ47496.1,dengue virus type 2
WIW72143.1,dengue virus type 2
AYP74889.1,dengue virus type 2
AQV12478.1,dengue virus type 2
ACA48972.1,dengue virus type 2
ABG29086.1,dengue virus type 2
ACA48865.1,dengue virus type 2
XPF60851.1,dengue virus type 2
XTL09859.1,dengue virus type 2
XPF60451.1,dengue virus type 2
WZP38451.1,dengue virus type 2
ABO33328.1,dengue virus type 2
AHG25306.1,dengue virus type 2
XTL09779.1,dengue virus type 2
UXX51279.1,dengue virus type 2
QTX92984.1,dengue virus type 2
XLY78365.1,dengue virus type 2
XKV17337.1,dengue virus type 2
XPF60706.1,dengue virus type 2
XLY78364.1,dengue virus type 2
WRI67443.1,dengue virus type 2
WYF38872.1,dengue virus type 2
YDE81657.1,dengue virus type 2
ADK26429.1,dengue virus type 2
ACO06133.1,dengue virus type 2
XPF60783.1,dengue virus type 2
WJZ47583.1,dengue virus type 2
WJZ47531.1,dengue virus type 2
XTL09826.1,dengue virus type 2
UWM25500.1,dengue virus type 2
ACL99118.1,dengue virus type 2
WWO67056.1,dengue virus type 2
AYP74876.1,dengue virus type 2
WCZ55425.2,dengue virus type 2
XQV99715.1,dengue virus type 2
XOF14207.1,dengue virus type 2
WME20544.1,dengue virus type 2
AQV12384.1,dengue virus type 2
ACN42688.1,dengue virus type 2
WAP37913.1,dengue virus type 2
XLY78370.1,dengue virus type 2
XPF60832.1,dengue virus type 2
WJJ08356.1,dengue virus type 2
AKA55050.1,dengue virus type 2
AKL81369.1,dengue virus type 2
WEG68674.1,dengue virus type 2
AIK23222.1,dengue virus type 2
WJZ47596.1,dengue virus type 2
UYK60795.1,dengue virus type 2
QTX93055.1,dengue virus type 2
XPF60352.1,dengue virus type 2
XUU11173.1,dengue virus type 2
QTX93125.1,dengue virus type 2
WCZ55553.2,dengue virus type 2
WLD55611.1,dengue virus type 2
XPF60376.1,dengue virus type 2
AWD38931.1,dengue virus type 2
QTX93157.1,dengue virus type 2
XPF60543.1,dengue virus type 2
XPF60885.1,dengue virus type 2
WJZ47637.1,dengue virus type 2
WEG68697.1,dengue virus type 2
XPF60367.1,dengue virus type 2
XTL09765.1,dengue virus type 2
ACB87128.1,dengue virus type 2
AAW31409.1,dengue virus type 2
AQV12454.1,dengue virus type 2
QNL13606.1,dengue virus type 2
WNO50236.1,dengue virus type 2
WJZ47673.1,dengue virus type 2
WCZ55541.2,dengue virus type 2
XPF60774.1,dengue virus type 2
QOW96389.1,dengue virus type 2
WGD00852.1,dengue virus type 2
WGD00881.1,dengue virus type 2
ABG29090.1,dengue virus type 2
QTX93194.1,dengue virus type 2
QRG47090.1,dengue virus type 2
WIW72154.1,dengue virus type 2
WLD15568.1,dengue virus type 2
WZW36496.1,dengue virus type 2
AUN35139.1,dengue virus type 2
ACL99217.1,dengue virus type 2
QST06882.1,dengue virus type 2
XPF60459.1,dengue virus type 2
XUM16032.1,dengue virus type 2
ACK28186.1,dengue virus type 2
YBG23194.1,dengue virus type 2
XPF60912.1,dengue virus type 2
UZY43900.1,dengue virus type 2
USW91925.1,dengue virus type 2
XPF60682.1,dengue virus type 2
UXX51230.1,dengue virus type 2
QFS19332.1,dengue virus type 2
YBG70363.1,dengue virus type 2
WDZ68238.1,dengue virus type 2
XMF56253.1,dengue virus type 2
QGW05361.1,dengue virus type 2
QZE60597.1,dengue virus type 2
WJZ47659.1,dengue virus type 2
WGD00838.1,dengue virus type 2
AUB45105.1,dengue virus type 2
QFS19315.1,dengue virus type 2
QTX93229.1,dengue virus type 2
QTX93139.1,dengue virus type 2
AXY94453.1,dengue virus type 2
XTL09841.1,dengue virus type 2
ANQ47247.1,dengue virus type 2
UYK60842.1,dengue virus type 2
WEG68695.1,dengue virus type 2
WVV02243.1,dengue virus type 2
QQW40789.1,dengue virus type 2
WYF38875.1,dengue virus type 2
XPF60928.1,dengue virus type 2
QQW40706.1,dengue virus type 2
QBK56834.1,dengue virus type 2
BAD36758.1,dengue virus type 2
WYF38863.1,dengue virus type 2
USU81832.1,dengue virus type 2
ACA49002.1,dengue virus type 2
AST11593.1,dengue virus type 2
ACA48809.1,dengue virus type 2
WJZ47549.1,dengue virus type 2
QQW40790.1,dengue virus type 2
WJZ47379.1,dengue virus type 2
AXU25298.1,dengue virus type 2
XPF60823.1,dengue virus type 2
XPF60574.1,dengue virus type 2
WYF38825.1,dengue virus type 2
ACN42703.1,dengue virus type 2
XPF60661.1,dengue virus type 2
XPF60354.1,dengue virus type 2
WJZ47321.1,dengue virus type 2
YCB08532.1,dengue virus type 2
WVN40667.1,dengue virus type 2
ACN42689.1,dengue virus type 2
UYK60786.1,dengue virus type 2
XMF56232.1,dengue virus type 2
XPF60705.1,dengue virus type 2
QTX93098.1,dengue virus type 2
QFS19470.1,dengue virus type 2
WML78292.1,dengue virus type 2
XPF60473.1,dengue virus type 2
ACA48897.1,dengue virus type 2
BDD54326.1,dengue virus type 2
WWP73911.1,dengue virus type 2
WYF38764.1,dengue virus type 2
QFS19267.1,dengue virus type 2
WGD00943.1,dengue virus type 2
AHG06361.1,dengue virus type 2
ACK57804.1,dengue virus type 2
XPF60359.1,dengue virus type 2
WPF60245.1,dengue virus type 2
XPF60865.1,dengue virus type 2
QNL13688.1,dengue virus type 2
AKA55077.1,dengue virus type 2
QFS19277.1,dengue virus type 2
AAC40837.1,dengue virus type 2
QQW40699.1,dengue virus type 2
WYF38782.1,dengue virus type 2
QTX92981.1,dengue virus type 2
XPF60378.1,dengue virus type 2
QTX93180.1,dengue virus type 2
QHR82547.1,dengue virus type 2
AQV12513.1,dengue virus type 2
XTL09821.1,dengue virus type 2
YBP09230.1,dengue virus type 2
WET62306.1,dengue virus type 2
XPF60609.1,dengue virus type 2
XCI54598.1,dengue virus type 2
ADU76203.1,dengue virus type 2
WVV02213.1,dengue virus type 2
WHS04910.1,dengue virus type 2
QHR82540.1,dengue virus type 2
XPF60717.1,dengue virus type 2
QRG47109.1,dengue virus type 2
UXX51225.1,dengue virus type 2
ACN42694.1,dengue virus type 2
QNQ18280.1,dengue virus type 2
QFS19308.1,dengue virus type 2
WJZ47559.1,dengue virus type 2
WME20552.1,dengue virus type 2
WJZ47385.1,dengue virus type 2
ACJ04201.1,dengue virus type 2
WVN40746.1,dengue virus type 2
AHG23169.1,dengue virus type 2
QNL13684.1,dengue virus type 2
AYJ72768.1,dengue virus type 2
QFS19462.1,dengue virus type 2
UXX51330.1,dengue virus type 2
AES93105.1,dengue virus type 2
ACA48843.1,dengue virus type 2
WLD15670.1,dengue virus type 2
QTX93071.1,dengue virus type 2
AKA55051.1,dengue virus type 2
WYF38774.1,dengue virus type 2
WRW12871.1,dengue virus type 2
ABO33323.1,dengue virus type 2
WLD15678.1,dengue virus type 2
WGD00854.1,dengue virus type 2
XMF56252.1,dengue virus type 2
YDE81648.1,dengue virus type 2
WBD86226.1,dengue virus type 2
ACA49003.1,dengue virus type 2
AKA55035.1,dengue virus type 2
WJZ47576.1,dengue virus type 2
WJZ47443.1,dengue virus type 2
UYK60835.1,dengue virus type 2
UNZ79668.1,dengue virus type 2
UEK75501.1,dengue virus type 2
UYK60806.1,dengue virus type 2
WYF38905.1,dengue virus type 2
ANS59183.1,dengue virus type 2
WVN40688.1,dengue virus type 2
WLD15572.1,dengue virus type 2
WNN20141.1,dengue virus type 2
WNN20152.1,dengue virus type 2
QOW96377.1,dengue virus type 2
XPF60776.1,dengue virus type 2
AGX15386.1,dengue virus type 2
QTX93060.1,dengue virus type 2
WJZ47446.1,dengue virus type 2
XMF56249.1,dengue virus type 2
UXX51239.1,dengue virus type 2
WYF38769.1,dengue virus type 2
XVO59920.1,dengue virus type 2
QBP33567.1,dengue virus type 2
QFS19412.1,dengue virus type 2
XUU11201.1,dengue virus type 2
WYF38777.1,dengue virus type 2
UXX51235.1,dengue virus type 2
UKS50259.1,dengue virus type 2
QTX93050.1,dengue virus type 2
AXU25286.1,dengue virus type 2
QNL13630.1,dengue virus type 2
QHR82543.1,dengue virus type 2
WYF38784.1,dengue virus type 2
ACO06189.1,dengue virus type 2
WRW12870.1,dengue virus type 2
ADK37496.1,dengue virus type 2
UXX51297.1,dengue virus type 2
ULC57841.1,dengue virus type 2
ANY58850.1,dengue virus type 2
AHM25909.1,dengue virus type 2
AHG23153.1,dengue virus type 2
WVN40726.1,dengue virus type 2
QIS48866.1,dengue virus type 2
WYF38776.1,dengue virus type 2
UXX51282.1,dengue virus type 2
QIS48865.1,dengue virus type 2
XVO59925.1,dengue virus type 2
UEK75497.1,dengue virus type 2
WRI67458.1,dengue virus type 2
UEK75490.1,dengue virus type 2
ACA48968.1,dengue virus type 2
UZJ81454.1,dengue virus type 2
UZJ81457.1,dengue virus type 2
XPF60690.1,dengue virus type 2
XUM16036.1,dengue virus type 2
QTX93121.1,dengue virus type 2
AUN35135.1,dengue virus type 2
AAD32961.2,dengue virus type 2
YBZ63817.1,dengue virus type 2
QQW40753.1,dengue virus type 2
WJJ08352.1,dengue virus type 2
AAF18446.1,dengue virus type 2
YAA48920.1,dengue virus type 2
QTX93117.1,dengue virus type 2
XQH47531.1,dengue virus type 2
XPF60920.1,dengue virus type 2
XPF60329.1,dengue virus type 2
WJZ47511.1,dengue virus type 2
AES93101.1,dengue virus type 2
XPF60584.1,dengue virus type 2
WZW36526.1,dengue virus type 2
WYF38725.1,dengue virus type 2
QHR82539.1,dengue virus type 2
AKA55007.1,dengue virus type 2
YDE81656.1,dengue virus type 2
WYV81044.1,dengue virus type 2
URK56734.1,dengue virus type 2
XPF60399.1,dengue virus type 2
QCZ24982.1,dengue virus type 2
QHE24294.1,dengue virus type 2
QHR82511.1,dengue virus type 2
ACW82986.1,dengue virus type 2
QQW40726.1,dengue virus type 2
YCB08530.1,dengue virus type 2
WCZ55394.2,dengue virus type 2
QNL13599.1,dengue virus type 2
QZN14219.1,dengue virus type 2
XTL09767.1,dengue virus type 2
WYF38881.1,dengue virus type 2
AHG25313.1,dengue virus type 2
AHG23132.1,dengue virus type 2
WJZ47568.1,dengue virus type 2
QCH40782.1,dengue virus type 2
BBH51321.1,dengue virus type 2
UYK60794.1,dengue virus type 2
WNO50257.1,dengue virus type 2
UXX51258.1,dengue virus type 2
UYK60797.1,dengue virus type 2
QTX93189.1,dengue virus type 2
QTX93208.1,dengue virus type 2
QTX93082.1,dengue virus type 2
XPF60562.1,dengue virus type 2
QNL13722.1,dengue virus type 2
QQW40680.1,dengue virus type 2
QBH74347.1,dengue virus type 2
UKS50253.1,dengue virus type 2
QTX92994.1,dengue virus type 2
XPF60573.1,dengue virus type 2
WWS30392.1,dengue virus type 2
WJZ47608.1,dengue virus type 2
XPF60856.1,dengue virus type 2
ACN42683.1,dengue virus type 2
QNL13625.1,dengue virus type 2
XRP78494.1,dengue virus type 2
WJZ47453.1,dengue virus type 2
UXX51301.1,dengue virus type 2
WXH71614.1,dengue virus type 2
WZW36515.1,dengue virus type 2
WNO50237.1,dengue virus type 2
QFS19382.1,dengue virus type 2
WME20549.1,dengue virus type 2
CAR65133.1,dengue virus type 2
WRW12892.1,dengue virus type 2
QOW96374.1,dengue virus type 2
ADK37500.1,dengue virus type 2
WRW12968.1,dengue virus type 2
QNL13654.1,dengue virus type 2
WWO67091.1,dengue virus type 2
WRW12951.1,dengue virus type 2
WAB71360.1,dengue virus type 2
XPF60752.1,dengue virus type 2
WJZ47625.1,dengue virus type 2
WYF38801.1,dengue virus type 2
USU79261.1,dengue virus type 2
QNL13713.1,dengue virus type 2
QOW96386.1,dengue virus type 2
XPF60382.1,dengue virus type 2
URK56729.1,dengue virus type 2
WNJ63355.1,dengue virus type 2
QQW40719.1,dengue virus type 2
QIJ58805.1,dengue virus type 2
WVH32813.1,dengue virus type 2
XPF60363.1,dengue virus type 2
XTL09797.1,dengue virus type 2
ADZ13194.1,dengue virus type 2
ACD13396.1,dengue virus type 2
QQW40677.1,dengue virus type 2
WJZ47643.1,dengue virus type 2
ACA48945.1,dengue virus type 2
ADV39968.1,dengue virus type 2
AQV12448.1,dengue virus type 2
WVV02154.1,dengue virus type 2
WJZ47599.1,dengue virus type 2
XPF60384.1,dengue virus type 2
WEG68678.1,dengue virus type 2
QQW40783.1,dengue virus type 2
WCZ55446.2,dengue virus type 2
AKA54991.1,dengue virus type 2
WRW12970.1,dengue virus type 2
XMG44656.1,dengue virus type 2
QGW05388.1,dengue virus type 2
YBK92809.1,dengue virus type 2
AUZ41805.1,dengue virus type 2
QDG00721.1,dengue virus type 2
XPF60742.1,dengue virus type 2
XPF60416.1,dengue virus type 2
WLD55586.1,dengue virus type 2
ACA48986.1,dengue virus type 2
AQV12412.1,dengue virus type 2
WJZ47396.1,dengue virus type 2
AKA55014.1,dengue virus type 2
XHC89055.1,dengue virus type 2
XPF60629.1,dengue virus type 2
QFS19358.1,dengue virus type 2
AGN94886.1,dengue virus type 2
WJZ47579.1,dengue virus type 2
ABW82014.1,dengue virus type 2
WJZ47373.1,dengue virus type 2
XHC89062.1,dengue virus type 2
WYF38836.1,dengue virus type 2
AQS22538.1,dengue virus type 2
AGN94884.1,dengue virus type 2
WJX08494.1,dengue virus type 2
XRP78492.1,dengue virus type 2
XPF60847.1,dengue virus type 2
WNX97892.1,dengue virus type 2
QTX93059.1,dengue virus type 2
AHG25308.1,dengue virus type 2
UKS50260.1,dengue virus type 2
QQW40711.1,dengue virus type 2
AKA55067.1,dengue virus type 2
QNL13645.1,dengue virus type 2
XTL09766.1,dengue virus type 2
WYF38781.1,dengue virus type 2
YBZ63792.1,dengue virus type 2
ACN42701.1,dengue virus type 2
XUU11176.1,dengue virus type 2
WCZ55461.2,dengue virus type 2
QFS19395.1,dengue virus type 2
WNN20156.1,dengue virus type 2
WJZ47640.1,dengue virus type 2
XPF60694.1,dengue virus type 2
WLD15661.1,dengue virus type 2
QCZ24975.1,dengue virus type 2
WVV02186.1,dengue virus type 2
QFS19240.1,dengue virus type 2
XHB23405.1,dengue virus type 2
XIF04145.1,dengue virus type 2
AXU25283.1,dengue virus type 2
WCZ55506.2,dengue virus type 2
WVN40690.1,dengue virus type 2
QFS19304.1,dengue virus type 2
WVH32816.1,dengue virus type 2
XCI54577.1,dengue virus type 2
QQW40689.1,dengue virus type 2
QFS19310.1,dengue virus type 2
ACW82888.1,dengue virus type 2
QBP33511.1,dengue virus type 2
WJZ47487.1,dengue virus type 2
AYN79586.1,dengue virus type 2
QTX92954.1,dengue virus type 2
XPF60575.1,dengue virus type 2
XXL24477.1,dengue virus type 2
ACA48956.1,dengue virus type 2
QMT58642.1,dengue virus type 2
XPF60825.1,dengue virus type 2
WYF38850.1,dengue virus type 2
XMF56222.1,dengue virus type 2
WLD55615.1,dengue virus type 2
BBG31506.1,dengue virus type 2
WYF38890.1,dengue virus type 2
WJZ47502.1,dengue virus type 2
QTX93209.1,dengue virus type 2
QGW05366.1,dengue virus type 2
AYP74892.1,dengue virus type 2
WRW12882.1,dengue virus type 2
WKC20955.1,dengue virus type 2
WRW12991.1,dengue virus type 2
WRW12924.1,dengue virus type 2
WYF38824.1,dengue virus type 2
QTX92937.1,dengue virus type 2
WET62300.1,dengue virus type 2
URK56767.1,dengue virus type 2
ACA48943.1,dengue virus type 2
UXX51308.1,dengue virus type 2
WPV88483.1,dengue virus type 2
WFO14577.1,dengue virus type 2
AXY94452.1,dengue virus type 2
CAR65145.1,dengue virus type 2
WRW12967.1,dengue virus type 2
ARO84701.1,dengue virus type 2
QNL13701.1,dengue virus type 2
XPF60817.1,dengue virus type 2
WCZ55440.2,dengue virus type 2
ANS59166.1,dengue virus type 2
QNL13658.1,dengue virus type 2
ACA48967.1,dengue virus type 2
WJZ47642.1,dengue virus type 2
WVH32847.1,dengue virus type 2
AHI43693.1,dengue virus type 2
WYF38867.1,dengue virus type 2
WWO67094.1,dengue virus type 2
AOE23003.1,dengue virus type 2
WLD55633.1,dengue virus type 2
ACL99018.1,dengue virus type 2
XPF60487.1,dengue virus type 2
QQW40805.1,dengue virus type 2
WJZ47653.1,dengue virus type 2
ARO84705.1,dengue virus type 2
WVN40717.1,dengue virus type 2
XPF60764.1,dengue virus type 2
WCZ55402.2,dengue virus type 2
QQW40788.1,dengue virus type 2
QGW05359.1,dengue virus type 2
QFS19312.1,dengue virus type 2
XPF60714.1,dengue virus type 2
WJZ47372.1,dengue virus type 2
WCZ55430.2,dengue virus type 2
WRI67435.1,dengue virus type 2
QTX93212.1,dengue virus type 2
WYF38818.1,dengue virus type 2
ACA48901.1,dengue virus type 2
ACA48971.1,dengue virus type 2
WJZ47400.1,dengue virus type 2
UNO86145.1,dengue virus type 1
XAJ73965.1,dengue virus type 2
QCZ24977.1,dengue virus type 2
XDO24410.1,dengue virus type 2
QCZ24979.1,dengue virus type 2
AHG25303.1,dengue virus type 2
QST05074.1,dengue virus type 2
QNG98968.1,dengue virus type 2
WCZ55391.2,dengue virus type 2
WJZ47522.1,dengue virus type 2
YAE67939.1,dengue virus type 2
WCZ55535.2,dengue virus type 2
CAR65152.1,dengue virus type 2
QTX93032.1,dengue virus type 2
QTX92961.1,dengue virus type 2
BBG31507.1,dengue virus type 2
ARO52692.1,dengue virus type 2
QTX93019.1,dengue virus type 2
YAB37918.1,dengue virus type 2
XPF60458.1,dengue virus type 2
YDE81655.1,dengue virus type 2
AKA55016.1,dengue virus type 2
ADU76196.1,dengue virus type 2
UNZ79663.1,dengue virus type 2
WJZ47455.1,dengue virus type 2
QQP29621.1,dengue virus type 2
ACB87137.1,dengue virus type 2
XPF60843.1,dengue virus type 2
ABA61184.1,dengue virus type 2
UXX51260.1,dengue virus type 2
YBG70341.1,dengue virus type 2
WJZ47439.1,dengue virus type 2
WEG68680.1,dengue virus type 2
XHC89060.1,dengue virus type 2
XPF60787.1,dengue virus type 2
WNJ63344.1,dengue virus type 2
QST05084.1,dengue virus type 2
UEK75502.1,dengue virus type 2
ABO33325.1,dengue virus type 2
XPF60734.1,dengue virus type 2
WCZ55414.2,dengue virus type 2
XTL09818.1,dengue virus type 2
WJZ47564.1,dengue virus type 2
XNK03650.1,dengue virus type 2
UYK60796.1,dengue virus type 2
XTL09832.1,dengue virus type 2
WZW36500.1,dengue virus type 2
WEY37040.1,dengue virus type 2
XTL09756.1,dengue virus type 2
QTX92933.1,dengue virus type 2
QFS19460.1,dengue virus type 2
QFS19461.1,dengue virus type 2
AGX15367.1,dengue virus type 2
WGD00849.1,dengue virus type 2
WCZ55172.2,dengue virus type 1
WNN20148.1,dengue virus type 2
WJZ47457.1,dengue virus type 2
WCZ55523.2,dengue virus type 2
WRW12912.1,dengue virus type 2
QTX92972.1,dengue virus type 2
QEV86472.1,dengue virus type 2
XDR01458.1,dengue virus type 2
AEH59346.1,dengue virus type 2
ABG29091.1,dengue virus type 2
QTX93230.1,dengue virus type 2
WVW36849.1,dengue virus type 2
WCZ55417.2,dengue virus type 2
WZW36484.1,dengue virus type 2
WYF38708.1,dengue virus type 2
WJE97910.1,dengue virus type 2
WGD00955.1,dengue virus type 2
UJH40715.1,dengue virus type 2
QTX92949.1,dengue virus type 2
ADK37501.1,dengue virus type 2
ADK37473.1,dengue virus type 2
QXY23101.1,dengue virus type 2
WJZ47473.1,dengue virus type 2
AGN94887.1,dengue virus type 2
ACA48847.1,dengue virus type 2
XPF60784.1,dengue virus type 2
WVN40694.1,dengue virus type 2
ACA49017.1,dengue virus type 2
QCZ24968.1,dengue virus type 2
ACA48941.1,dengue virus type 2
XPF60547.1,dengue virus type 2
XTL09835.1,dengue virus type 2
XPF60647.1,dengue virus type 2
XPF60331.1,dengue virus type 2
UEN68886.1,dengue virus type 2
WVV02238.1,dengue virus type 2
WJZ47422.1,dengue virus type 2
WJZ47626.1,dengue virus type 2
XPF60849.1,dengue virus type 2
ANQ47245.1,dengue virus type 2
ACO06197.1,dengue virus type 2
WJZ47540.1,dengue virus type 2
WHT32734.1,dengue virus type 2
WYF38896.1,dengue virus type 2
URK56744.1,dengue virus type 2
QQW40784.1,dengue virus type 2
WER06547.1,dengue virus type 2
XAX02478.1,dengue virus type 2
WYF38843.1,dengue virus type 2
WVN40763.1,dengue virus type 2
QNL13686.1,dengue virus type 2
WLD15662.1,dengue virus type 2
AKA55015.1,dengue virus type 2
YBL68307.1,dengue virus type 2
QTX92936.1,dengue virus type 2
ACA48946.1,dengue virus type 2
WGD00868.1,dengue virus type 2
WBD86229.1,dengue virus type 2
ACW82889.1,dengue virus type 2
WJZ47474.1,dengue virus type 2
XAJ73966.1,dengue virus type 2
WYF38859.1,dengue virus type 2
WYF38848.1,dengue virus type 2
WJE97906.1,dengue virus type 2
QTX93041.1,dengue virus type 2
QFS19276.1,dengue virus type 2
QEV86381.1,dengue virus type 2
YDE81669.1,dengue virus type 2
WLD55696.1,dengue virus type 2
AQV12471.1,dengue virus type 2
QTX92973.1,dengue virus type 2
WVN40770.1,dengue virus type 2
AKA55040.1,dengue virus type 2
APW49450.1,dengue virus type 2
WJZ47598.1,dengue virus type 2
QFS19410.1,dengue virus type 2
XTL09851.1,dengue virus type 2
UNO86143.1,dengue virus type 1
YDE81662.1,dengue virus type 2
AAC40835.1,dengue virus type 2
XTL09872.1,dengue virus type 2
WGD00865.1,dengue virus type 2
UYK60845.1,dengue virus type 2
WJZ47486.1,dengue virus type 2
YCB08540.1,dengue virus type 2
ACA49029.1,dengue virus type 2
AYN79579.1,dengue virus type 2
XDT57236.1,dengue virus type 2
QGW05365.1,dengue virus type 2
XTL09769.1,dengue virus type 2
WJZ47581.1,dengue virus type 2
UXX51284.1,dengue virus type 2
XRY74893.1,dengue virus type 2
UEK75491.1,dengue virus type 2
QQW40799.1,dengue virus type 2
AXY94476.1,dengue virus type 2
CAR65177.2,dengue virus type 2
WAB71358.1,dengue virus type 2
AQV12374.1,dengue virus type 2
QRG47118.1,dengue virus type 2
AXY94458.1,dengue virus type 2
XUU11181.1,dengue virus type 2
WLD55624.1,dengue virus type 2
XUM16034.1,dengue virus type 2
WZW36483.1,dengue virus type 2
WRW12956.1,dengue virus type 2
XUU11197.1,dengue virus type 2
UEK75480.1,dengue virus type 2
WJE97939.1,dengue virus type 2
XUU11165.1,dengue virus type 2
XPF60423.1,dengue virus type 2
WCZ55468.2,dengue virus type 2
UIU38070.1,dengue virus type 2
WGD00873.1,dengue virus type 2
AGO67248.1,dengue virus type 2
ACQ44527.1,dengue virus type 2
AAF29149.1,dengue virus type 2
USW91922.1,dengue virus type 2
WAP37920.1,dengue virus type 2
WCZ55435.2,dengue virus type 2
AAF18447.1,dengue virus type 2
AAW31411.1,dengue virus type 2
YBG23186.1,dengue virus type 2
WJZ47403.1,dengue virus type 2
WCZ55406.2,dengue virus type 2
CAR65167.2,dengue virus type 2
WCZ55418.2,dengue virus type 2
XMF56268.1,dengue virus type 2
XTL09759.1,dengue virus type 2
XRP78508.1,dengue virus type 2
WIW72152.1,dengue virus type 2
ACL99226.1,dengue virus type 2
QFS19402.1,dengue virus type 2
AKA55064.1,dengue virus type 2
UYK60792.1,dengue virus type 2
XPF60826.1,dengue virus type 2
UYK60830.1,dengue virus type 2
UCQ65248.1,dengue virus type 2
BBG31504.1,dengue virus type 2
UYK60832.1,dengue virus type 2
QFS19286.1,dengue virus type 2
WJX08499.1,dengue virus type 2
XPF60548.1,dengue virus type 2
QNL13647.1,dengue virus type 2
QGQ59351.1,dengue virus type 2
XPF60337.1,dengue virus type 2
WZW36474.1,dengue virus type 2
QRG47126.1,dengue virus type 2
QFS19250.1,dengue virus type 2
WRW12995.1,dengue virus type 2
UYK60828.1,dengue virus type 2
ACS32021.1,dengue virus type 2
WVN40751.1,dengue virus type 2
QTX92948.1,dengue virus type 2
ABW82013.1,dengue virus type 2
QSX24591.1,dengue virus type 2
QBK46951.1,dengue virus type 2
XQV99712.1,dengue virus type 2
WJZ47541.1,dengue virus type 2
WLD55604.1,dengue virus type 2
XVO59924.1,dengue virus type 2
YBK92799.1,dengue virus type 2
QTX93153.1,dengue virus type 2
WCZ55470.2,dengue virus type 2
WCZ55361.2,dengue virus type 2
ACA48839.1,dengue virus type 2
XLY78362.1,dengue virus type 2
QQP29645.1,dengue virus type 2
ARO84695.1,dengue virus type 2
AES93107.1,dengue virus type 2
QSV27707.1,dengue virus type 2
QTX93197.1,dengue virus type 2
QTX92944.1,dengue virus type 2
WCZ55428.2,dengue virus type 2
WWO67086.1,dengue virus type 2
QFS19364.1,dengue virus type 2
AQV12458.1,dengue virus type 2
AQV12377.1,dengue virus type 2
QHN73789.1,dengue virus type 2
XPF60650.1,dengue virus type 2
XPF60718.1,dengue virus type 2
XQV99741.1,dengue virus type 2
WYF38852.1,dengue virus type 2
QTX92905.1,dengue virus type 2
WYF38895.1,dengue virus type 2
XPF60408.1,dengue virus type 2
QQW40661.1,dengue virus type 2
XQV99736.1,dengue virus type 2
QQW40734.1,dengue virus type 2
WZW36501.1,dengue virus type 2
ABA61176.1,dengue virus type 2
WVN40662.1,dengue virus type 2
QTX92958.1,dengue virus type 2
ACB29528.1,dengue virus type 2
WVV02164.1,dengue virus type 2
YCR17165.1,dengue virus type 2
WVV02223.1,dengue virus type 2
WIW72151.1,dengue virus type 2
WVV02173.1,dengue virus type 2
QFS19292.1,dengue virus type 2
WNO50234.1,dengue virus type 2
WJZ47512.1,dengue virus type 2
BBG31508.1,dengue virus type 2
AXY94448.1,dengue virus type 2
AXB26591.1,dengue virus type 2
WNN20133.1,dengue virus type 2
AQV12508.1,dengue virus type 2
CAR65169.2,dengue virus type 2
QTX93198.1,dengue virus type 2
UXX51234.1,dengue virus type 2
QTX92991.1,dengue virus type 2
WWP73916.1,dengue virus type 2
QIS48857.1,dengue virus type 2
UYK60812.1,dengue virus type 2
AVY51408.1,dengue virus type 2
XQH47526.1,dengue virus type 2
UYK60853.1,dengue virus type 2
ACJ04263.1,dengue virus type 2
XCI54597.1,dengue virus type 2
QQW40670.1,dengue virus type 2
YCR17169.1,dengue virus type 2
AHG25311.1,dengue virus type 2
QNL13638.1,dengue virus type 2
ACA49049.1,dengue virus type 2
AQV12468.1,dengue virus type 2
QTX93177.1,dengue virus type 2
QQW40804.1,dengue virus type 2
AKA55021.1,dengue virus type 2
WDR78883.1,dengue virus type 2
WPO12943.1,dengue virus type 2
WJZ47482.1,dengue virus type 2
UZI17951.1,dengue virus type 2
WJZ47409.1,dengue virus type 2
XPF60441.1,dengue virus type 2
ACK57796.1,dengue virus type 2
YBP09228.1,dengue virus type 2
XPF60495.1,dengue virus type 2
WJZ47582.1,dengue virus type 2
WRW12960.1,dengue virus type 2
QQP29631.1,dengue virus type 2
AKA55057.1,dengue virus type 2
WJZ47587.1,dengue virus type 2
WGD00893.1,dengue virus type 2
QHI43232.1,dengue virus type 2
QQW40752.1,dengue virus type 2
AES93111.1,dengue virus type 2
XPF60915.1,dengue virus type 2
AQV12386.1,dengue virus type 2
UDI89632.1,dengue virus type 2
QSV27699.1,dengue virus type 2
ACA48930.1,dengue virus type 2
XCI54580.1,dengue virus type 2
XTL09755.1,dengue virus type 2
WYF38737.1,dengue virus type 2
CAR65136.1,dengue virus type 2
WRW12909.1,dengue virus type 2
QDG00719.1,dengue virus type 2
QFS19405.1,dengue virus type 2
ACA49051.1,dengue virus type 2
XNK03651.1,dengue virus type 2
XPF60676.1,dengue virus type 2
UYK60784.1,dengue virus type 2
ACN42707.1,dengue virus type 2
CAR65149.1,dengue virus type 2
QNL13695.1,dengue virus type 2
ADK37485.1,dengue virus type 2
QQP29642.1,dengue virus type 2
XMF56271.1,dengue virus type 2
WJJ08353.1,dengue virus type 2
YBZ63788.1,dengue virus type 2
WEY36502.1,dengue virus type 2
AGK36297.1,dengue virus type 2
WOX58809.1,dengue virus type 2
QQW40667.1,dengue virus type 2
AQV12427.1,dengue virus type 2
QTX92971.1,dengue virus type 2
XPF60613.1,dengue virus type 2
WCZ55659.2,dengue virus type 4
XPF60484.1,dengue virus type 2
XPF60890.1,dengue virus type 2
XPF60554.1,dengue virus type 2
XPF60929.1,dengue virus type 2
WWP73928.1,dengue virus type 2
WCZ55611.2,dengue virus type 4
QSV27716.1,dengue virus type 2
WJZ47534.1,dengue virus type 2
QNL13704.1,dengue virus type 2
AER45462.1,dengue virus type 2
QGW05375.1,dengue virus type 2
WJZ47658.1,dengue virus type 2
XCM77321.1,dengue virus type 2
AET43252.1,dengue virus type 2
QTX93092.1,dengue virus type 2
ACA48924.1,dengue virus type 2
WDE20511.1,dengue virus type 2
ADK37511.1,dengue virus type 2
XCO51382.1,dengue virus type 2
QTX92976.1,dengue virus type 2
QFS19335.1,dengue virus type 2
AQV12465.1,dengue virus type 2
QFS19390.1,dengue virus type 2
ACL99218.1,dengue virus type 2
WCZ55373.2,dengue virus type 2
XRY74889.1,dengue virus type 2
ACD13354.1,dengue virus type 2
AAA73185.1,dengue virus type 2
CAR65164.2,dengue virus type 2
WDZ68241.1,dengue virus type 2
WVH32814.1,dengue virus type 2
WJE97934.1,dengue virus type 2
URK56730.1,dengue virus type 2
URK56749.1,dengue virus type 2
ADK37499.1,dengue virus type 2
UZV49093.1,dengue virus type 2
QTX93026.1,dengue virus type 2
XPF60390.1,dengue virus type 2
UYK60851.1,dengue virus type 2
XPF60904.1,dengue virus type 2
AYP74877.1,dengue virus type 2
WRW12896.1,dengue virus type 2
WYF38828.1,dengue virus type 2
ACN42705.1,dengue virus type 2
AGK36296.1,dengue virus type 2
WWP73923.1,dengue virus type 2
XMF56264.1,dengue virus type 2
QTX92989.1,dengue virus type 2
ACQ44515.1,dengue virus type 2
ACQ44525.1,dengue virus type 2
WZW36480.1,dengue virus type 2
ACB29516.1,dengue virus type 2
XPF60675.1,dengue virus type 2
WYF38891.1,dengue virus type 2
UYK60787.1,dengue virus type 2
YCR17168.1,dengue virus type 2
WZW36532.1,dengue virus type 2
UEK75471.1,dengue virus type 2
WCZ55366.2,dengue virus type 2
WAP37908.1,dengue virus type 2
AKA55048.1,dengue virus type 2
WCZ55559.2,dengue virus type 2
XPF60903.1,dengue virus type 2
AQV12455.1,dengue virus type 2
XPF60427.1,dengue virus type 2
XUU11178.1,dengue virus type 2
YBP09220.1,dengue virus type 2
WJZ47515.1,dengue virus type 2
QIC50495.1,dengue virus type 2
QTE05817.1,dengue virus type 2
QQW40720.1,dengue virus type 2
QFS19438.1,dengue virus type 2
YAB37926.1,dengue virus type 2
WHS26795.1,dengue virus type 2
WHT32725.1,dengue virus type 2
WJZ47450.1,dengue virus type 2
WLD15680.1,dengue virus type 2
WCZ55570.1,dengue virus type 2
WJZ47528.1,dengue virus type 2
AYP74881.1,dengue virus type 2
UXX51257.1,dengue virus type 2
XPF60691.1,dengue virus type 2
WOX58729.1,dengue virus type 2
WGD00909.1,dengue virus type 2
ACJ04196.1,dengue virus type 2
URK56766.1,dengue virus type 2
XPF60748.1,dengue virus type 2
WJZ47350.1,dengue virus type 2
WGD00933.1,dengue virus type 2
YBK91207.1,dengue virus type 2
WLD55594.1,dengue virus type 2
ACL99115.1,dengue virus type 2
AEA50937.1,dengue virus type 2
URX59367.1,dengue virus type 2
QTX92931.1,dengue virus type 2
AKA55061.1,dengue virus type 2
XHC89046.1,dengue virus type 2
WZW36477.1,dengue virus type 2
WBD86243.1,dengue virus type 2
QNL13576.1,dengue virus type 2
ACN42710.1,dengue virus type 2
WVV02224.1,dengue virus type 2
UXX51270.1,dengue virus type 2
YBG70349.1,dengue virus type 2
WNO50242.1,dengue virus type 2
XDT57232.1,dengue virus type 2
XXL24481.1,dengue virus type 2
ACA49001.1,dengue virus type 2
WCZ55460.2,dengue virus type 2
YAJ45048.1,dengue virus type 2
URK56725.1,dengue virus type 2
XTL09823.1,dengue virus type 2
AEA50942.1,dengue virus type 2
WJE97911.1,dengue virus type 2
WWP73912.1,dengue virus type 2
UXX51290.1,dengue virus type 2
WZW36478.1,dengue virus type 2
CAR65146.1,dengue virus type 2
BAD42417.1,dengue virus type 2
XTL09825.1,dengue virus type 2
WHU05339.1,dengue virus type 2
WJZ47508.1,dengue virus type 2
QTX92889.1,dengue virus type 2
WRW13010.1,dengue virus type 2
XPF60667.1,dengue virus type 2
QQW40679.1,dengue virus type 2
ACH61685.1,dengue virus type 2
UNO86137.1,dengue virus type 1
WHU05350.1,dengue virus type 2
WFO14564.1,dengue virus type 2
WRW12880.1,dengue virus type 2
XXL24479.1,dengue virus type 2
WYF38878.1,dengue virus type 2
QBA57539.1,dengue virus type 2
ACD13407.1,dengue virus type 2
XIF04140.1,dengue virus type 2
WDZ68240.1,dengue virus type 2
ADZ13196.1,dengue virus type 2
ADU76235.1,dengue virus type 2
QHR82513.1,dengue virus type 2
ACL99222.1,dengue virus type 2
WJZ47437.1,dengue virus type 2
XPF60346.1,dengue virus type 2
ACD13415.1,dengue virus type 2
WLD55693.1,dengue virus type 2
ADK37513.1,dengue virus type 2
WJZ47359.1,dengue virus type 2
XIF04141.1,dengue virus type 2
WCZ55423.2,dengue virus type 2
QNL13669.1,dengue virus type 2
QIS48858.1,dengue virus type 2
WJZ47636.1,dengue virus type 2
QTX93097.1,dengue virus type 2
ACL99005.1,dengue virus type 2
XER78274.1,dengue virus type 2
WJZ47621.1,dengue virus type 2
WZW36523.1,dengue virus type 2
XAJ73968.1,dengue virus type 2
WYF38816.1,dengue virus type 2
XPF60612.1,dengue virus type 2
WWP73913.1,dengue virus type 2
WJZ47617.1,dengue virus type 2
WGD00879.1,dengue virus type 2
AWD38936.1,dengue virus type 2
YAB37929.1,dengue virus type 2
XMF56234.1,dengue virus type 2
QTX93095.1,dengue virus type 2
YBK92808.1,dengue virus type 2
UXX51304.1,dengue virus type 2
UXX51268.1,dengue virus type 2
XTL09786.1,dengue virus type 2
QMT58645.1,dengue virus type 2
AQV12419.1,dengue virus type 2
WCZ55432.2,dengue virus type 2
QTX92890.1,dengue virus type 2
AQV12404.1,dengue virus type 2
AQV12403.1,dengue virus type 2
WDZ68235.1,dengue virus type 2
WLD15563.1,dengue virus type 2
ACA48954.1,dengue virus type 2
UXX51277.1,dengue virus type 2
WEY37041.1,dengue virus type 2
UEK75507.1,dengue virus type 2
ACQ44514.1,dengue virus type 2
QFS19328.1,dengue virus type 2
YBP09210.1,dengue virus type 2
QFS19378.1,dengue virus type 2
ANS72888.1,dengue virus type 2
AHG06363.1,dengue virus type 2
ACA48895.1,dengue virus type 2
ACW82878.1,dengue virus type 2
WVN40658.1,dengue virus type 2
WEY37039.1,dengue virus type 2
WJE97941.1,dengue virus type 2
ADV71219.1,dengue virus type 2
WCZ55500.2,dengue virus type 2
XTL09864.1,dengue virus type 2
WJZ47595.1,dengue virus type 2
ACD13420.1,dengue virus type 2
QFS19300.1,dengue virus type 2
WOX58807.1,dengue virus type 2
QFS19423.1,dengue virus type 2
AKA54999.1,dengue virus type 2
WVN40653.1,dengue virus type 2
WLD55661.1,dengue virus type 2
QTX93217.1,dengue virus type 2
ACW82893.1,dengue virus type 2
WJZ47589.1,dengue virus type 2
WCZ55466.2,dengue virus type 2
QTX93017.1,dengue virus type 2
XTL09760.1,dengue virus type 2
WRW12886.1,dengue virus type 2
WNO50240.1,dengue virus type 2
WER07539.1,dengue virus type 2
WGD00885.1,dengue virus type 2
QNL13577.1,dengue virus type 2
UEK75473.1,dengue virus type 2
XPF60755.1,dengue virus type 2
WJZ47584.1,dengue virus type 2
ANS59197.1,dengue virus type 2
AFD28530.1,dengue virus type 2
QTX92891.1,dengue virus type 2
ACA49025.1,dengue virus type 2
XHC89044.1,dengue virus type 2
WJZ47546.1,dengue virus type 2
QRG47088.1,dengue virus type 2
XQC66192.1,dengue virus type 2
XHC89045.1,dengue virus type 2
WCZ55515.2,dengue virus type 2
XBJ98991.1,dengue virus type 2
WIW72147.1,dengue virus type 2
QRG47096.1,dengue virus type 2
XTL09782.1,dengue virus type 2
ARO78365.1,dengue virus type 2
AVD96673.1,dengue virus type 2
AQV12503.1,dengue virus type 2
XQV99744.1,dengue virus type 2
XIF04139.1,dengue virus type 2
WWO67058.1,dengue virus type 2
XUM16041.1,dengue virus type 2
WJZ47641.1,dengue virus type 2
WCZ55568.2,dengue virus type 2
AET43251.1,dengue virus type 2
XTL09790.1,dengue virus type 2
ACD13424.1,dengue virus type 2
ACA48917.1,dengue virus type 2
ACH61762.1,dengue virus type 2
XEK99649.1,dengue virus type 2
UYK60840.1,dengue virus type 2
XRP78507.1,dengue virus type 2
AXY40345.1,dengue virus type 2
WJZ47629.1,dengue virus type 2
UYK60810.1,dengue virus type 2
ABA61177.1,dengue virus type 2
WHS26793.1,dengue virus type 2
WVV53637.1,dengue virus type 2
XHC89039.1,dengue virus type 2
AXY94444.1,dengue virus type 2
QQW40696.1,dengue virus type 2
ACL99156.1,dengue virus type 2
AQV12475.1,dengue virus type 2
URK56762.1,dengue virus type 2
WJE97931.1,dengue virus type 2
AGK36298.1,dengue virus type 2
WCZ55572.2,dengue virus type 2
QFS19306.1,dengue virus type 2
AQV12485.1,dengue virus type 2
UXX51263.1,dengue virus type 2
WNN20153.1,dengue virus type 2
QFS19436.1,dengue virus type 2
AKA55030.1,dengue virus type 2
UYK60791.1,dengue virus type 2
XPF60357.1,dengue virus type 2
AFZ40119.1,dengue virus type 2
QSV27720.1,dengue virus type 2
XQV99729.1,dengue virus type 2
ACO06168.1,dengue virus type 2
UXX51324.1,dengue virus type 2
QQW40685.1,dengue virus type 2
BBH51319.1,dengue virus type 2
WNN20143.1,dengue virus type 2
QFS19400.1,dengue virus type 2
ACK57806.1,dengue virus type 2
XPF60419.1,dengue virus type 2
UYK60819.1,dengue virus type 2
QGW05376.1,dengue virus type 2
XPF60365.1,dengue virus type 2
AQV12437.1,dengue virus type 2
ACL99096.1,dengue virus type 2
AQV12524.1,dengue virus type 2
QFS19416.1,dengue virus type 2
AAF29152.1,dengue virus type 2
XPF60480.1,dengue virus type 2
XMF56246.1,dengue virus type 2
WAW78544.1,dengue virus type 2
BBH51320.1,dengue virus type 2
WXH71613.1,dengue virus type 2
WYF38742.1,dengue virus type 2
QNL13613.1,dengue virus type 2
WJZ47461.1,dengue virus type 2
QHR82504.1,dengue virus type 2
AYE66919.1,dengue virus type 2
WGH29389.1,dengue virus type 2
XPF60688.1,dengue virus type 2
WCZ55404.2,dengue virus type 2
QTX93182.1,dengue virus type 2
WCZ55378.2,dengue virus type 2
QTX92919.1,dengue virus type 2
ADK37522.1,dengue virus type 2
ADK37493.1,dengue virus type 2
QPI11914.1,dengue virus type 2
WZP38455.1,dengue virus type 2
XLY78359.1,dengue virus type 2
XRY74879.1,dengue virus type 2
AXY94478.1,dengue virus type 2
XXL24485.1,dengue virus type 2
XPF60493.1,dengue virus type 2
WRK27496.1,dengue virus type 2
WJZ47336.1,dengue virus type 2
WGD00927.1,dengue virus type 2
WOX58802.1,dengue virus type 2
XPF60745.1,dengue virus type 2
WVV02218.1,dengue virus type 2
AQV12421.1,dengue virus type 2
UEK75517.1,dengue virus type 2
AGX15375.1,dengue virus type 2
XMF56220.1,dengue virus type 2
AYN79587.1,dengue virus type 2
WFO14573.1,dengue virus type 2
WVN40699.1,dengue virus type 2
QQW40725.1,dengue virus type 2
QNL13594.1,dengue virus type 2
XPF60751.1,dengue virus type 2
AAD32960.1,dengue virus type 2
XRY74887.1,dengue virus type 2
WJZ47395.1,dengue virus type 2
QQW40733.1,dengue virus type 2
WCZ55370.2,dengue virus type 2
QBK46950.1,dengue virus type 2
QRG47110.1,dengue virus type 2
WGD00916.1,dengue virus type 2
WVV02205.1,dengue virus type 2
QST06875.1,dengue virus type 2
XPF60799.1,dengue virus type 2
WYF38908.1,dengue virus type 2
WJE97923.1,dengue virus type 2
UYK60826.1,dengue virus type 2
ACA48891.1,dengue virus type 2
WVN40680.1,dengue virus type 2
AHA42535.1,dengue virus type 2
AHI43694.1,dengue virus type 2
ACW82880.1,dengue virus type 2
ACA48916.1,dengue virus type 2
XPF60637.1,dengue virus type 2
XPF60840.1,dengue virus type 2
XPF60370.1,dengue virus type 2
WCZ55493.2,dengue virus type 2
QFS19303.1,dengue virus type 2
WHT32742.1,dengue virus type 2
YCU07707.1,dengue virus type 2
WFO14553.1,dengue virus type 2
UOV35395.1,dengue virus type 2
WLD55578.1,dengue virus type 2
WVN40715.1,dengue virus type 2
XPF60659.1,dengue virus type 2
WVN40676.1,dengue virus type 2
ACD13429.1,dengue virus type 2
ACA48836.1,dengue virus type 2
XPF60516.1,dengue virus type 2
YBZ63785.1,dengue virus type 2
UXX51325.1,dengue virus type 2
AYJ72758.1,dengue virus type 2
WZW36516.1,dengue virus type 2
YEH57880.1,dengue virus type 2
QNL13666.1,dengue virus type 2
ADC32612.1,dengue virus type 2
QOW96370.1,dengue virus type 2
WGH29391.1,dengue virus type 2
UYK60854.1,dengue virus type 2
YAA48902.1,dengue virus type 2
CAR65154.1,dengue virus type 2
QHE24286.1,dengue virus type 2
URK56723.1,dengue virus type 2
XTL09865.1,dengue virus type 2
YBZ63797.1,dengue virus type 2
AII99332.1,dengue virus type 2
WFO14569.1,dengue virus type 2
QQW40655.1,dengue virus type 2
AXU25288.1,dengue virus type 2
ACW82980.1,dengue virus type 2
AQV12463.1,dengue virus type 2
WJZ47447.1,dengue virus type 2
QTX93039.1,dengue virus type 2
XHB72357.1,dengue virus type 2
WRW13004.1,dengue virus type 2
UEK75498.1,dengue virus type 2
XPF60900.1,dengue virus type 2
QFS19351.1,dengue virus type 2
YCB08539.1,dengue virus type 2
ADK26430.1,dengue virus type 2
QQW40770.1,dengue virus type 2
QNL13651.1,dengue virus type 2
ACA49015.1,dengue virus type 2
WET32146.1,dengue virus type 2
WEG68681.1,dengue virus type 2
XPF60532.1,dengue virus type 2
WHT32743.1,dengue virus type 2
AQV12467.1,dengue virus type 2
WJZ47618.1,dengue virus type 2
AGX15379.1,dengue virus type 2
QLH12624.1,dengue virus type 2
QMT58636.1,dengue virus type 2
YDE81658.1,dengue virus type 2
WJZ47607.1,dengue virus type 2
QSV27718.1,dengue virus type 2
AFZ40225.1,dengue virus type 2
QIS48869.1,dengue virus type 2
AQV12500.1,dengue virus type 2
WHS26798.1,dengue virus type 2
QFS19398.1,dengue virus type 2
QIS48864.1,dengue virus type 2
QFS19284.1,dengue virus type 2
WEG68679.1,dengue virus type 2
XPF60531.1,dengue virus type 2
XPF60796.1,dengue virus type 2
XPF60884.1,dengue virus type 2
QTX93100.1,dengue virus type 2
XPF60816.1,dengue virus type 2
USV12650.1,dengue virus type 2
QTX93102.1,dengue virus type 2
QTX93015.1,dengue virus type 2
QTX93170.1,dengue virus type 2
XTL09852.1,dengue virus type 2
QRG47106.1,dengue virus type 2
AQV12459.1,dengue virus type 2
WJZ47406.1,dengue virus type 2
WVV02210.1,dengue virus type 2
WCZ55445.2,dengue virus type 2
WJE97915.1,dengue virus type 2
ACO06187.1,dengue virus type 2
WLD55626.1,dengue virus type 2
AGN94890.1,dengue virus type 2
WEY36503.1,dengue virus type 2
ACA58331.1,dengue virus type 2
QNL13712.1,dengue virus type 2
ABO33327.1,dengue virus type 2
QTX93021.1,dengue virus type 2
URK56759.1,dengue virus type 2
QFS19452.1,dengue virus type 2
YBZ63794.1,dengue virus type 2
AQV12438.1,dengue virus type 2
AQS22539.1,dengue virus type 2
QQW40760.1,dengue virus type 2
AXY94484.1,dengue virus type 2
XCI54606.1,dengue virus type 2
WRW12913.1,dengue virus type 2
XPF60622.1,dengue virus type 2
WLD55610.1,dengue virus type 2
QNL13623.1,dengue virus type 2
YBG70342.1,dengue virus type 2
AAW51407.2,dengue virus type 2
ANS59191.1,dengue virus type 2
WCZ55514.2,dengue virus type 2
WZW36494.1,dengue virus type 2
QTX93008.1,dengue virus type 2
YBG70340.1,dengue virus type 2
XTL09836.1,dengue virus type 2
WRI67432.1,dengue virus type 2
WCZ55431.2,dengue virus type 2
ACJ04330.1,dengue virus type 2
UXX51249.1,dengue virus type 2
WML78293.1,dengue virus type 2
AKA55043.1,dengue virus type 2
QTX93091.1,dengue virus type 2
WYF38820.1,dengue virus type 2
WFD62628.1,dengue virus type 2
WRW12911.1,dengue virus type 2
WYF38733.1,dengue virus type 2
WDZ68231.1,dengue virus type 2
WNJ63342.1,dengue virus type 2
ACD13400.1,dengue virus type 2
ABO33334.1,dengue virus type 2
WWP73919.1,dengue virus type 2
XIF04132.1,dengue virus type 2
YBG70334.1,dengue virus type 2
XCI54612.1,dengue virus type 2
XQV99719.1,dengue virus type 2
WAB71366.1,dengue virus type 2
YBU65592.1,dengue virus type 2
QQW40676.1,dengue virus type 2
WBD86224.1,dengue virus type 2
WCZ55573.2,dengue virus type 2
AGX15385.1,dengue virus type 2
URK56765.1,dengue virus type 2
URK56731.1,dengue virus type 2
QNL13637.1,dengue virus type 2
WCZ55359.2,dengue virus type 2
ANS59171.1,dengue virus type 2
AGX15370.1,dengue virus type 2
XIF04113.1,dengue virus type 2
ACH99659.1,dengue virus type 2
WAB71363.1,dengue virus type 2
QTX93079.1,dengue virus type 2
WVN40725.1,dengue virus type 2
AQV12442.1,dengue virus type 2
ACY70829.1,dengue virus type 2
WYF38710.1,dengue virus type 2
UYK60817.1,dengue virus type 2
QBA57537.1,dengue virus type 2
WXH71615.1,dengue virus type 2
QUU16651.1,dengue virus type 2
WJZ47352.1,dengue virus type 2
AAF29146.1,dengue virus type 2
WZW36467.1,dengue virus type 2
XPF60476.1,dengue virus type 2
XDR01455.1,dengue virus type 2
ACL99161.1,dengue virus type 2
WVV02220.1,dengue virus type 2
WLD15668.1,dengue virus type 2
QHR82523.1,dengue virus type 2
AJW66822.1,dengue virus type 2
QPI11920.1,dengue virus type 2
XTL09748.1,dengue virus type 2
QGW05351.1,dengue virus type 2
CAR65168.2,dengue virus type 2
WCZ55415.2,dengue virus type 2
WGD00856.1,dengue virus type 2
XPF60457.1,dengue virus type 2
UER56709.1,dengue virus type 2
WRW12873.1,dengue virus type 2
WCZ55372.2,dengue virus type 2
ANQ47246.1,dengue virus type 2
WZL58218.1,dengue virus type 2
WNJ63347.1,dengue virus type 2
ACW82981.1,dengue virus type 2
ACJ04283.1,dengue virus type 2
ACK57813.1,dengue virus type 2
UNO86144.1,dengue virus type 1
XQV99746.1,dengue virus type 2
UXX51274.1,dengue virus type 2
QCZ24967.1,dengue virus type 2
XPF60417.1,dengue virus type 2
UQM71440.1,dengue virus type 2
WRW12923.1,dengue virus type 2
QIS48861.1,dengue virus type 2
WJZ47477.1,dengue virus type 2
QTX93205.1,dengue virus type 2
WZW36509.1,dengue virus type 2
ACO06134.1,dengue virus type 2
YBP09229.1,dengue virus type 2
ADK37480.1,dengue virus type 2
WJZ47344.1,dengue virus type 2
WGD00860.1,dengue virus type 2
QTX93013.1,dengue virus type 2
AHG06345.1,dengue virus type 2
XPF60442.1,dengue virus type 2
QSV27717.1,dengue virus type 2
XDT57229.1,dengue virus type 2
AYP74870.1,dengue virus type 2
AUN35119.1,dengue virus type 2
WYF38845.1,dengue virus type 2
AYP74869.1,dengue virus type 2
AYN79595.1,dengue virus type 2
QGW05363.1,dengue virus type 2
XUU11168.1,dengue virus type 2
YAJ45120.1,dengue virus type 2
QTX93012.1,dengue virus type 2
WVN40674.1,dengue virus type 2
AUZ41816.1,dengue virus type 2
ACB29525.1,dengue virus type 2
WWO67060.1,dengue virus type 2
WJZ47332.1,dengue virus type 2
XPF60607.1,dengue virus type 2
QBP33568.1,dengue virus type 2
ADK37482.1,dengue virus type 2
WJZ47369.1,dengue virus type 2
QQW40757.1,dengue virus type 2
ACD13419.1,dengue virus type 2
QFS19241.1,dengue virus type 2
ULA38224.1,dengue virus type 2
AXY94443.1,dengue virus type 2
AHI43692.1,dengue virus type 2
YBP09225.1,dengue virus type 2
QRG47119.1,dengue virus type 2
AQV12436.1,dengue virus type 2
WVQ30768.1,dengue virus type 2
AHG06347.1,dengue virus type 2
QQW40741.1,dengue virus type 2
UXX51273.1,dengue virus type 2
QQW40794.1,dengue virus type 2
AHG25302.1,dengue virus type 2
YAB37920.1,dengue virus type 2
UYK60821.1,dengue virus type 2
AQV12509.1,dengue virus type 2
WJZ47604.1,dengue virus type 2
WVN40724.1,dengue virus type 2
QTX93169.1,dengue virus type 2
ACK57816.1,dengue virus type 2
CAR65137.1,dengue virus type 2
WGD00953.1,dengue virus type 2
XPF60636.1,dengue virus type 2
XTL09777.1,dengue virus type 2
WBD86230.1,dengue virus type 2
QGW05360.1,dengue virus type 2
ACB87126.1,dengue virus type 2
AQV12510.1,dengue virus type 2
AES93112.1,dengue virus type 2
AYJ72760.1,dengue virus type 2
AKA54982.1,dengue virus type 2
XPF60887.1,dengue virus type 2
AQV12505.1,dengue virus type 2
ACA48953.1,dengue virus type 2
WEY36501.1,dengue virus type 2
XDT57237.1,dengue virus type 2
ACA48735.1,dengue virus type 2
QIS48867.1,dengue virus type 2
QUU16649.1,dengue virus type 2
AKA54989.1,dengue virus type 2
XPF60405.1,dengue virus type 2
WHU05345.1,dengue virus type 2
XHC89042.1,dengue virus type 2
WAP37916.1,dengue virus type 2
XMG44657.1,dengue virus type 2
QCZ24981.1,dengue virus type 2
WGH29387.1,dengue virus type 2
XUU11177.1,dengue virus type 2
UYK60782.1,dengue virus type 2
WJZ47624.1,dengue virus type 2
AQS22554.1,dengue virus type 2
XCM77322.1,dengue virus type 2
XPF60919.1,dengue virus type 2
WJZ47462.1,dengue virus type 2
YBP09221.1,dengue virus type 2
ACB29508.1,dengue virus type 2
XPF60521.1,dengue virus type 2
XPF60422.1,dengue virus type 2
AYJ72776.1,dengue virus type 2
XPF60579.1,dengue virus type 2
WCZ55448.2,dengue virus type 2
YBZ63799.1,dengue virus type 2
XPF60788.1,dengue virus type 2
QNL13574.1,dengue virus type 2
QNL13586.1,dengue virus type 2
WAB71356.1,dengue virus type 2
XPF60790.1,dengue virus type 2
QQD36453.1,dengue virus type 2
QFS19372.1,dengue virus type 2
UEK36475.1,dengue virus type 2
XQV99738.1,dengue virus type 2
QTX93007.1,dengue virus type 2
WVW36851.1,dengue virus type 2
XTL09820.1,dengue virus type 2
WVN40677.1,dengue virus type 2
XIF04142.1,dengue virus type 2
YBG70344.1,dengue virus type 2
WJZ47519.1,dengue virus type 2
WYD73663.1,dengue virus type 2
AET43247.1,dengue virus type 2
YBG70352.1,dengue virus type 2
WHT32728.1,dengue virus type 2
XAN94936.1,dengue virus type 2
AWK29893.1,dengue virus type 2
WVV02225.1,dengue virus type 2
WCZ55467.2,dengue virus type 2
WRW12979.1,dengue virus type 2
ANS59192.1,dengue virus type 2
WLD55634.1,dengue virus type 2
QQW40664.1,dengue virus type 2
XPF60665.1,dengue virus type 2
ADK37529.1,dengue virus type 2
QQW40743.1,dengue virus type 2
QQW40803.1,dengue virus type 2
ANS59188.1,dengue virus type 2
AEA50943.1,dengue virus type 2
WZW36530.1,dengue virus type 2
WNO50244.1,dengue virus type 2
XPF60740.1,dengue virus type 2
AWI64266.1,dengue virus type 2
UYK60815.1,dengue virus type 2
AXU25287.1,dengue virus type 2
QMT58646.1,dengue virus type 2
QTX93112.1,dengue virus type 2
UXX51252.1,dengue virus type 2
YAA48919.1,dengue virus type 2
QDG00716.1,dengue virus type 2
XPF60500.1,dengue virus type 2
UZI17952.1,dengue virus type 2
QOW96378.1,dengue virus type 2
WYF38886.1,dengue virus type 2
ACA48874.1,dengue virus type 2
WQN06318.1,dengue virus type 2
AYJ72779.1,dengue virus type 2
ACA48739.1,dengue virus type 2
AKA55018.1,dengue virus type 2
CAR65144.1,dengue virus type 2
UEK75509.1,dengue virus type 2
URK56745.1,dengue virus type 2
QQW40771.1,dengue virus type 2
QQW40761.1,dengue virus type 2
WAB71357.1,dengue virus type 2
WJE97938.1,dengue virus type 2
QGW05352.1,dengue virus type 2
XPF60375.1,dengue virus type 2
QRG47117.1,dengue virus type 2
QTX93105.1,dengue virus type 2
QDG00701.1,dengue virus type 2
WYF38854.1,dengue virus type 2
XUM16040.1,dengue virus type 2
UZJ81460.1,dengue virus type 2
ACA49020.1,dengue virus type 2
YDE81670.1,dengue virus type 2
XPF60467.1,dengue virus type 2
QFS19253.1,dengue virus type 2
WYF38898.1,dengue virus type 2
WLD55741.1,dengue virus type 2
QFS19374.1,dengue virus type 2
XAM89318.1,dengue virus type 2
WYF38901.1,dengue virus type 2
WNJ63353.1,dengue virus type 2
ACW82956.1,dengue virus type 2
WCZ55487.2,dengue virus type 2
WFF71382.1,dengue virus type 2
ACA48888.1,dengue virus type 2
WJZ47633.1,dengue virus type 2
YBW43945.1,dengue virus type 2
QBP33569.1,dengue virus type 2
WWP73922.1,dengue virus type 2
WJX08507.1,dengue virus type 2
WYF38766.1,dengue virus type 2
AXY94462.1,dengue virus type 2
ACA48890.1,dengue virus type 2
WCZ55529.2,dengue virus type 2
WZW36490.1,dengue virus type 2
AXY94477.1,dengue virus type 2
WJE97914.1,dengue virus type 2
ARO84682.1,dengue virus type 2
QTX92942.1,dengue virus type 2
AKQ00040.1,dengue virus type 2
QTX92922.1,dengue virus type 2
UXX51317.1,dengue virus type 2
QPI11919.1,dengue virus type 2
QTX93074.1,dengue virus type 2
WZP31914.1,dengue virus type 2
XQV99742.1,dengue virus type 2
WCZ55520.2,dengue virus type 2
XHC89058.1,dengue virus type 2
WKC20954.1,dengue virus type 2
QRG47101.1,dengue virus type 2
XBC30681.1,dengue virus type 2
WME20543.1,dengue virus type 2
WJZ47414.1,dengue virus type 2
ACJ04177.1,dengue virus type 2
WYF38794.1,dengue virus type 2
WBD86240.1,dengue virus type 2
UZZ63632.1,dengue virus type 2
XPF60600.1,dengue virus type 2
QHR82508.1,dengue virus type 2
YBP09222.1,dengue virus type 2
WWT51511.1,dengue virus type 2
WHT32718.1,dengue virus type 2
BAU36333.1,dengue virus type 2
UXX51331.1,dengue virus type 2
QBE90251.1,dengue virus type 2
XRY74875.1,dengue virus type 2
WPF60260.1,dengue virus type 2
QBP33514.1,dengue virus type 2
AYJ72775.1,dengue virus type 2
XTL09776.1,dengue virus type 2
XHC89052.1,dengue virus type 2
UZJ81456.1,dengue virus type 2
WYF38762.1,dengue virus type 2
QNL13675.1,dengue virus type 2
ACI15879.1,dengue virus type 2
WJZ47338.1,dengue virus type 2
XPF60595.1,dengue virus type 2
AQV12400.1,dengue virus type 2
ACJ04257.1,dengue virus type 2
QSV27719.1,dengue virus type 2
AZS59400.1,dengue virus type 2
XPF60421.1,dengue virus type 2
WYF38851.1,dengue virus type 2
YEP31426.1,dengue virus type 2
WRW12867.1,dengue virus type 2
AXU25282.1,dengue virus type 2
QFS19268.1,dengue virus type 2
QTP17339.1,dengue virus type 2
WRW12877.1,dengue virus type 2
QTX92923.1,dengue virus type 2
WJZ47652.1,dengue virus type 2
WOX58760.1,dengue virus type 2
QQW40773.1,dengue virus type 2
QBP33570.1,dengue virus type 2
ACA49043.1,dengue virus type 2
WJZ47529.1,dengue virus type 2
AXU25285.1,dengue virus type 2
XPF60507.1,dengue virus type 2
XLY78371.1,dengue virus type 2
YBG70331.1,dengue virus type 2
QTX93010.1,dengue virus type 2
QFS19373.1,dengue virus type 2
ACN54391.1,dengue virus type 2
ACA48949.1,dengue virus type 2
WCZ55564.2,dengue virus type 2
QTX93005.1,dengue virus type 2
YBP09216.1,dengue virus type 2
YBP09212.1,dengue virus type 2
ACD13315.1,dengue virus type 2
WLD55603.1,dengue virus type 2
ACA48737.1,dengue virus type 2
WZW36507.1,dengue virus type 2
QNL13718.1,dengue virus type 2
CAI92123.1,dengue virus type 2
XHB72356.1,dengue virus type 2
XUU11205.1,dengue virus type 2
WLD15665.1,dengue virus type 2
UYK60790.1,dengue virus type 2
WJZ47571.1,dengue virus type 2
UEK75481.1,dengue virus type 2
WJZ47661.1,dengue virus type 2
QTX93068.1,dengue virus type 2
QHE24289.1,dengue virus type 2
XUM16030.1,dengue virus type 2
ANS59180.1,dengue virus type 2
AKA55054.1,dengue virus type 2
ACL99070.1,dengue virus type 2
WRW12936.1,dengue virus type 2
QNL13696.1,dengue virus type 2
XPF60689.1,dengue virus type 2
XDT57251.1,dengue virus type 2
QNL13691.1,dengue virus type 2
WRI67438.1,dengue virus type 2
QLH12627.1,dengue virus type 2
QQW40693.1,dengue virus type 2
QNL13642.1,dengue virus type 2
ACW82934.1,dengue virus type 2
XPF60639.1,dengue virus type 2
ACH61722.1,dengue virus type 2
XMF56254.1,dengue virus type 2
ACA48999.1,dengue virus type 2
ACA48935.1,dengue virus type 2
AAD32959.1,dengue virus type 2
BBG31502.1,dengue virus type 2
WJZ47662.1,dengue virus type 2
QTX93187.1,dengue virus type 2
WCZ55542.2,dengue virus type 2
WQN06317.1,dengue virus type 2
ADK37489.1,dengue virus type 2
XPF60921.1,dengue virus type 2
QFS19359.1,dengue virus type 2
QQW40713.1,dengue virus type 2
WVU22886.1,dengue virus type 2
WAP37915.1,dengue virus type 2
WJZ47484.1,dengue virus type 2
QTX93178.1,dengue virus type 2
WRW12954.1,dengue virus type 2
ACA49053.1,dengue virus type 2
AAF29155.1,dengue virus type 2
ACD13406.1,dengue virus type 2
UXX51310.1,dengue virus type 2
UQM71439.1,dengue virus type 2
WCZ55569.2,dengue virus type 2
QTX92956.1,dengue virus type 2
WRW12965.1,dengue virus type 2
XPF60618.1,dengue virus type 2
WLD55621.1,dengue virus type 2
UXX51306.1,dengue virus type 2
XPF60850.1,dengue virus type 2
QNL13723.1,dengue virus type 2
AQV12394.1,dengue virus type 2
WNP52483.1,dengue virus type 2
CAR65171.2,dengue virus type 2
ACA48738.1,dengue virus type 2
QTX93133.1,dengue virus type 2
WJZ47339.1,dengue virus type 2
QNL13703.1,dengue virus type 2
QFQ59598.1,dengue virus type 2
WLD55653.1,dengue virus type 2
WFO14578.1,dengue virus type 2
AXU25311.1,dengue virus type 2
WGD00898.1,dengue virus type 2
WHT32739.1,dengue virus type 2
WGD00889.1,dengue virus type 2
QNL13690.1,dengue virus type 2
QSV27702.1,dengue virus type 2
URK56775.1,dengue virus type 2
XPF60792.1,dengue virus type 2
AXU25304.1,dengue virus type 2
UXX51253.1,dengue virus type 2
XPF60410.1,dengue virus type 2
XQH47524.1,dengue virus type 2
WJZ47342.1,dengue virus type 2
WYF38749.1,dengue virus type 2
WGD00897.1,dengue virus type 2
QNL13633.1,dengue virus type 2
WJX08509.1,dengue virus type 2
WPD48696.1,dengue virus type 2
YBG23187.1,dengue virus type 2
WLD55622.1,dengue virus type 2
ACD13352.1,dengue virus type 2
WME20561.1,dengue virus type 2
XQH47520.1,dengue virus type 2
WRW12891.1,dengue virus type 2
ACK57810.1,dengue virus type 2
WHT32744.1,dengue virus type 2
XVO60299.1,dengue virus type 2
QDG00717.1,dengue virus type 2
QTX93044.1,dengue virus type 2
WWP73924.1,dengue virus type 2
WNJ63348.1,dengue virus type 2
QFS19347.1,dengue virus type 2
WVV02222.1,dengue virus type 2
WVN40701.1,dengue virus type 2
XPF60589.1,dengue virus type 2
QQW40756.1,dengue virus type 2
XPF60349.1,dengue virus type 2
WYF38841.1,dengue virus type 2
WHT32733.1,dengue virus type 2
UVK35472.1,dengue virus type 2
XPF60795.1,dengue virus type 2
UEK75469.1,dengue virus type 2
WYF38809.1,dengue virus type 2
XTL09774.1,dengue virus type 2
XTL09757.1,dengue virus type 2
AGX15371.1,dengue virus type 2
XHC89048.1,dengue virus type 2
AKQ62915.1,dengue virus type 2
WPO12945.1,dengue virus type 2
YDE81666.1,dengue virus type 2
QNL13603.1,dengue virus type 2
WJZ47573.1,dengue virus type 2
AKU37073.1,dengue virus type 2
AFV95788.1,dengue virus type 2
WYF38813.1,dengue virus type 2
WCZ55656.2,dengue virus type 4
WYF38808.1,dengue virus type 2
ABA61178.1,dengue virus type 2
YAE67942.1,dengue virus type 2
AWD38921.1,dengue virus type 2
WRW12889.1,dengue virus type 2
XPF60881.1,dengue virus type 2
QQW40738.1,dengue virus type 2
QNL13622.1,dengue virus type 2
WRW12946.1,dengue virus type 2
WGD00951.1,dengue virus type 2
WRW12974.1,dengue virus type 2
AQV12466.1,dengue virus type 2
XUM16042.1,dengue virus type 2
QTX93159.1,dengue virus type 2
XPF60569.1,dengue virus type 2
ADU76233.1,dengue virus type 2
XUU11163.1,dengue virus type 2
XPF60588.1,dengue virus type 2
WJZ47657.1,dengue virus type 2
QNL13724.1,dengue virus type 2
AKQ00025.1,dengue virus type 2
QQW40807.1,dengue virus type 2
ARM59246.1,dengue virus type 2
XOT82047.1,dengue virus type 2
QQW40768.1,dengue virus type 2
ACS32033.1,dengue virus type 2
QNL13604.1,dengue virus type 2
QFS19428.1,dengue virus type 2
ACA49022.1,dengue virus type 2
ACA48821.1,dengue virus type 2
QTX92968.1,dengue virus type 2
XPF60452.1,dengue virus type 2
UXX51322.1,dengue virus type 2
WOX58756.1,dengue virus type 2
WJZ47355.1,dengue virus type 2
WVN40681.1,dengue virus type 2
AHG06348.1,dengue virus type 2
ACA48811.1,dengue virus type 2
QOT69947.1,dengue virus type 2
QCH40787.1,dengue virus type 2
QQW40723.1,dengue virus type 2
XPF60401.1,dengue virus type 2
XMF56219.1,dengue virus type 2
XPF60812.1,dengue virus type 2
WYF38812.1,dengue virus type 2
WRW12876.1,dengue virus type 2
XPF60756.1,dengue virus type 2
WLD55630.1,dengue virus type 2
XPF60502.1,dengue virus type 2
CAR65174.2,dengue virus type 2
QDG00722.1,dengue virus type 2
AVH78236.1,dengue virus type 2
QTX93144.1,dengue virus type 2
YBP09236.1,dengue virus type 2
XCI54594.1,dengue virus type 2
WDZ68255.1,dengue virus type 2
QTX93224.1,dengue virus type 2
ACW82864.1,dengue virus type 2
QNL13611.1,dengue virus type 2
ACA48848.1,dengue virus type 2
AFD28528.1,dengue virus type 2
WGD00911.1,dengue virus type 2
WZW36514.1,dengue virus type 2
QTX93081.1,dengue virus type 2
ACO06178.1,dengue virus type 2
AEB66125.1,dengue virus type 2
XPF60582.1,dengue virus type 2
URK56752.1,dengue virus type 2
QTX92995.1,dengue virus type 2
URK56724.1,dengue virus type 2
QHR82505.1,dengue virus type 2
XPF60327.1,dengue virus type 2
WJZ47408.1,dengue virus type 2
AHG23138.1,dengue virus type 2
QCH40791.1,dengue virus type 2
XCM77320.1,dengue virus type 2
WLD15571.1,dengue virus type 2
WAP37918.1,dengue virus type 2
WYF38838.1,dengue virus type 2
YBG23190.1,dengue virus type 2
QQW40660.1,dengue virus type 2
QTX93214.1,dengue virus type 2
AXU25315.1,dengue virus type 2
ACJ04244.1,dengue virus type 2
XAM89319.1,dengue virus type 2
AQV12439.1,dengue virus type 2
XTL09783.1,dengue virus type 2
QFS19439.1,dengue virus type 2
WRI67451.1,dengue virus type 2
ACA48837.1,dengue virus type 2
XPF60933.1,dengue virus type 2
QST06878.1,dengue virus type 2
XPF60463.1,dengue virus type 2
ACD13395.1,dengue virus type 2
XPF60522.1,dengue virus type 2
AXU25291.1,dengue virus type 2
ACL99075.1,dengue virus type 2
QMT58633.1,dengue virus type 2
AEH59342.1,dengue virus type 2
QTX93143.1,dengue virus type 2
WGD00923.1,dengue virus type 2
WZW36521.1,dengue virus type 2
XPF60927.1,dengue virus type 2
AXU25302.1,dengue virus type 2
WNO50238.1,dengue virus type 2
WJZ47554.1,dengue virus type 2
AQV12409.1,dengue virus type 2
ACW82882.1,dengue virus type 2
ADK37490.1,dengue virus type 2
QOW96379.1,dengue virus type 2
QTX93172.1,dengue virus type 2
WEG68696.1,dengue virus type 2
QNQ18279.1,dengue virus type 2
ACA48855.1,dengue virus type 2
AQV12470.1,dengue virus type 2
XTL09843.1,dengue virus type 2
QTX93069.1,dengue virus type 2
XAM89337.1,dengue virus type 2
YCB08529.1,dengue virus type 2
QTX93106.1,dengue virus type 2
UOV35391.1,dengue virus type 2
QQP29624.1,dengue virus type 2
ACB29520.1,dengue virus type 2
ACA48921.1,dengue virus type 2
YBP09226.1,dengue virus type 2
WJE97925.1,dengue virus type 2
UDY72395.1,dengue virus type 2
XPF60804.1,dengue virus type 2
ACB29526.1,dengue virus type 2
AKA55071.1,dengue virus type 2
XPF60412.1,dengue virus type 2
XNK03648.1,dengue virus type 2
ACQ44320.1,dengue virus type 2
WCZ55543.2,dengue virus type 2
AAA42962.1,dengue virus type 2
XXL24476.1,dengue virus type 2
UWM25502.1,dengue virus type 2
CAR65163.2,dengue virus type 2
XPF60716.1,dengue virus type 2
WGD00905.1,dengue virus type 2
XXL24486.1,dengue virus type 2
YBK92805.1,dengue virus type 2
WJZ47330.1,dengue virus type 2
WJE97922.1,dengue virus type 2
QCZ24978.1,dengue virus type 2
AKA54983.1,dengue virus type 2
XIF04114.1,dengue virus type 2
QFS19294.1,dengue virus type 2
XPF60361.1,dengue virus type 2
AHG23133.1,dengue virus type 2
WRI67425.1,dengue virus type 2
WBD86237.1,dengue virus type 2
WCZ55479.2,dengue virus type 2
XMF56261.1,dengue virus type 2
QGW05346.1,dengue virus type 2
WRW12906.1,dengue virus type 2
QQW40692.1,dengue virus type 2
QNL13698.1,dengue virus type 2
QGW05383.1,dengue virus type 2
ACN42709.1,dengue virus type 2
QQW40662.1,dengue virus type 2
YBP09232.1,dengue virus type 2
WHS26806.1,dengue virus type 2
ACS32022.1,dengue virus type 2
ACJ04279.1,dengue virus type 2
QQW40744.1,dengue virus type 2
WJZ47432.1,dengue virus type 2
XQH47525.1,dengue virus type 2
XVO59823.1,dengue virus type 2
QST06885.1,dengue virus type 2
QQW40737.1,dengue virus type 2
QNL13697.1,dengue virus type 2
QTX92920.1,dengue virus type 2
AHG06349.1,dengue virus type 2
XPF60646.1,dengue virus type 2
WGD00867.1,dengue virus type 2
QFS19259.1,dengue virus type 2
WYF38831.1,dengue virus type 2
CAR65178.2,dengue virus type 2
WVN40654.1,dengue virus type 2
WVV02175.1,dengue virus type 2
QFS19393.1,dengue virus type 2
AQV12382.1,dengue virus type 2
ACE63530.1,dengue virus type 2
QQW40701.1,dengue virus type 2
UZJ81461.1,dengue virus type 2
ACA48911.1,dengue virus type 2
QCH40796.1,dengue virus type 2
YBG70353.1,dengue virus type 2
WGD00941.1,dengue virus type 2
XPF60666.1,dengue virus type 2
XTL09750.1,dengue virus type 2
WRW13002.1,dengue virus type 2
AHG06350.1,dengue virus type 2
XMF56225.1,dengue virus type 2
QUD37245.1,dengue virus type 2
XPF60872.1,dengue virus type 2
XPF60381.1,dengue virus type 2
XPF60348.1,dengue virus type 2
WJZ47458.1,dengue virus type 2
WIW72156.1,dengue virus type 2
QBP33565.1,dengue virus type 2
WVV02187.1,dengue virus type 2
XPF60917.1,dengue virus type 2
WRI67448.1,dengue virus type 2
QST05086.1,dengue virus type 2
QDG00720.1,dengue virus type 2
ACA48712.1,dengue virus type 2
QGW05379.1,dengue virus type 2
XPF60896.1,dengue virus type 2
QST05085.1,dengue virus type 2
YDE81649.1,dengue virus type 2
WZW36497.1,dengue virus type 2
XLY90658.1,dengue virus type 2
WHS04905.1,dengue virus type 2
UYK60825.1,dengue virus type 2
XPF60524.1,dengue virus type 2
XJO53380.1,dengue virus type 2
WJZ47674.1,dengue virus type 2
WDZ68249.1,dengue virus type 2
QBL56211.1,dengue virus type 2
WCZ55525.2,dengue virus type 2
QTX92974.1,dengue virus type 2
ACA48716.1,dengue virus type 2
WNO50247.1,dengue virus type 2
WYF38899.1,dengue virus type 2
WJX08508.1,dengue virus type 2
XAL83740.1,dengue virus type 2
QTX92977.1,dengue virus type 2
QBP33562.1,dengue virus type 2
AKA55039.1,dengue virus type 2
WGH29400.1,dengue virus type 2
QTX93155.1,dengue virus type 2
WVN40754.1,dengue virus type 2
ACA48994.1,dengue virus type 2
QTX93206.1,dengue virus type 2
QST06874.1,dengue virus type 2
UYK60813.1,dengue virus type 2
XPF60448.1,dengue virus type 2
WVV02239.1,dengue virus type 2
WLD55598.1,dengue virus type 2
QFS19283.1,dengue virus type 2
AQV12414.1,dengue virus type 2
ACA48960.1,dengue virus type 2
AEA50939.1,dengue virus type 2
WYF38840.1,dengue virus type 2
AQV12408.1,dengue virus type 2
ACA49042.1,dengue virus type 2
YEP31425.1,dengue virus type 2
XPF60859.1,dengue virus type 2
WNN20132.1,dengue virus type 2
XPF60335.1,dengue virus type 2
WYF38713.1,dengue virus type 2
QCZ24972.2,dengue virus type 2
AUN35128.1,dengue virus type 2
UYK60827.1,dengue virus type 2
XPF60704.1,dengue virus type 2
QTX92897.1,dengue virus type 2
WCZ55458.1,dengue virus type 2
AQV12518.1,dengue virus type 2
QNL13707.1,dengue virus type 2
URK56741.1,dengue virus type 2
QFS19385.1,dengue virus type 2
WJJ08358.1,dengue virus type 2
QFS19327.1,dengue virus type 2
AAF29151.1,dengue virus type 2
QHR82528.1,dengue virus type 2
QFS19245.1,dengue virus type 2
XPF60431.1,dengue virus type 2
ULC57842.1,dengue virus type 2
AFK65751.1,dengue virus type 2
WDE20510.1,dengue virus type 2
ACN42692.1,dengue virus type 2
XGZ23325.1,dengue virus type 2
ACB87138.1,dengue virus type 2
WRW12969.1,dengue virus type 2
QFS19265.1,dengue virus type 2
XPF60377.1,dengue virus type 2
XUU11184.1,dengue virus type 2
AXU25297.1,dengue virus type 2
YBP09231.1,dengue virus type 2
QUU16655.1,dengue virus type 2
XPF60741.1,dengue virus type 2
WJZ47442.1,dengue virus type 2
WJZ47660.1,dengue virus type 2
UEK75516.1,dengue virus type 2
XPF60342.1,dengue virus type 2
UEK75486.1,dengue virus type 2
QSV27714.1,dengue virus type 2
QTX93193.1,dengue virus type 2
QGW05387.1,dengue virus type 2
ACS32003.1,dengue virus type 2
QMT58635.1,dengue virus type 2
WRW12955.1,dengue virus type 2
QRG47105.1,dengue virus type 2
QBP33560.1,dengue virus type 2
ACN42687.1,dengue virus type 2
ACA48938.1,dengue virus type 2
BAD36760.1,dengue virus type 2
XPF60643.1,dengue virus type 2
WVN40671.1,dengue virus type 2
XPF60641.1,dengue virus type 2
URK56727.1,dengue virus type 2
WAB71367.1,dengue virus type 2
AST11588.1,dengue virus type 2
ACI15880.1,dengue virus type 2
XPF60593.1,dengue virus type 2
ACL99229.1,dengue virus type 2
ACL99020.1,dengue virus type 2
AXU25314.1,dengue virus type 2
WCZ55398.2,dengue virus type 2
QQP29629.1,dengue virus type 2
XCI54584.1,dengue virus type 2
WLD15682.1,dengue virus type 2
WJZ47431.1,dengue virus type 2
XTL09819.1,dengue virus type 2
WLD15653.1,dengue virus type 2
QTX93006.1,dengue virus type 2
QQP29625.1,dengue virus type 2
QFS19411.1,dengue virus type 2
YBG23195.1,dengue virus type 2
WLD55637.1,dengue virus type 2
WCZ55456.2,dengue virus type 2
WJX08498.1,dengue virus type 2
XPF60379.1,dengue virus type 2
WJZ47401.1,dengue virus type 2
AGN94891.1,dengue virus type 2
ACA48846.1,dengue virus type 2
QTX93146.1,dengue virus type 2
QTX93129.1,dengue virus type 2
WRW12964.1,dengue virus type 2
URK56743.1,dengue virus type 2
WRW12962.1,dengue virus type 2
ACD13434.1,dengue virus type 2
QRG47133.1,dengue virus type 2
AQV12481.1,dengue virus type 2
WJZ47381.1,dengue virus type 2
AKA55045.1,dengue virus type 2
WJZ47464.1,dengue virus type 2
WJZ47538.1,dengue virus type 2
AKA55026.1,dengue virus type 2
WYF38746.1,dengue virus type 2
AUN35143.1,dengue virus type 2
URK56760.1,dengue virus type 2
AHB51027.1,dengue virus type 2
WHU05338.1,dengue virus type 2
UXX51280.1,dengue virus type 2
QSV27712.1,dengue virus type 2
WYF38765.1,dengue virus type 2
XQH47522.1,dengue virus type 2
QTX93128.1,dengue virus type 2
QNH29583.1,dengue virus type 2
WGF24023.1,dengue virus type 2
YAJ45051.1,dengue virus type 2
WJZ47606.1,dengue virus type 2
XQH47532.1,dengue virus type 2
WYF38805.1,dengue virus type 2
WCZ55369.2,dengue virus type 2
QFS19325.1,dengue virus type 2
XPF60483.1,dengue virus type 2
WEG68669.1,dengue virus type 2
URK56756.1,dengue virus type 2
WJZ47632.1,dengue virus type 2
QGW05384.1,dengue virus type 2
QBP33513.1,dengue virus type 2
AHG06354.1,dengue virus type 2
AAC40838.1,dengue virus type 2
ARO84697.1,dengue virus type 2
WHU05346.1,dengue virus type 2
XPF60366.1,dengue virus type 2
QTX93163.1,dengue virus type 2
XPF60434.1,dengue virus type 2
WEL11941.1,dengue virus type 2
AKA55066.1,dengue virus type 2
ACY70782.1,dengue virus type 2
ABW06612.1,dengue virus type 2
UXX51328.1,dengue virus type 2
AYJ72770.1,dengue virus type 2
QOW96388.1,dengue virus type 2
QFS19472.1,dengue virus type 2
WCZ55537.2,dengue virus type 2
WJX08503.1,dengue virus type 2
WYF38897.1,dengue virus type 2
AXY94460.1,dengue virus type 2
WCZ55476.2,dengue virus type 2
WJZ47429.1,dengue virus type 2
XPF60371.1,dengue virus type 2
UXX51224.1,dengue virus type 2
AYJ72773.1,dengue virus type 2
UDY72401.1,dengue virus type 2
XVO59824.1,dengue virus type 2
WVV02241.1,dengue virus type 2
QDG00712.1,dengue virus type 2
UXX51254.1,dengue virus type 2
QNL13709.1,dengue virus type 2
QQW40762.1,dengue virus type 2
AHG23141.1,dengue virus type 2
WJX08506.1,dengue virus type 2
XPF60456.1,dengue virus type 2
XPF60510.1,dengue virus type 2
WJX08493.1,dengue virus type 2
WDZ68234.1,dengue virus type 2
USW91924.1,dengue virus type 2
QTX93066.1,dengue virus type 2
ACA48919.1,dengue virus type 2
WLD55733.1,dengue virus type 2
XPF60619.1,dengue virus type 2
WJZ47404.1,dengue virus type 2
WWT51512.1,dengue virus type 2
XVO59922.1,dengue virus type 2
ACQ44317.1,dengue virus type 2
XPF60537.1,dengue virus type 2
WAO01114.1,dengue virus type 2
WNO50245.1,dengue virus type 2
XRY74896.1,dengue virus type 2
ACA48733.1,dengue virus type 2
QFS19302.1,dengue virus type 2
AET43255.1,dengue virus type 2
ARO52693.1,dengue virus type 2
QIC50496.1,dengue virus type 2
QQP29633.1,dengue virus type 2
QFS19348.1,dengue virus type 2
WJZ47365.1,dengue virus type 2
QTX93049.1,dengue virus type 2
QTX93184.1,dengue virus type 2
QFS19403.1,dengue virus type 2
QRG47098.1,dengue virus type 2
WVV02226.1,dengue virus type 2
WVN40704.1,dengue virus type 2
XLY78367.1,dengue virus type 2
WHS26805.1,dengue virus type 2
WJZ47574.1,dengue virus type 2
QZE60595.1,dengue virus type 2
QTX93011.1,dengue virus type 2
WCZ55524.2,dengue virus type 2
QFS19369.1,dengue virus type 2
XTL09793.1,dengue virus type 2
XPF60514.1,dengue virus type 2
AXY94474.1,dengue virus type 2
XPF60909.1,dengue virus type 2
WYF38885.1,dengue virus type 2
QSV27703.1,dengue virus type 2
URK56772.1,dengue virus type 2
XCI54610.1,dengue virus type 2
QQW40681.1,dengue virus type 2
AGN94889.1,dengue virus type 2
AXY94450.1,dengue virus type 2
ACB29517.1,dengue virus type 2
XXL24478.1,dengue virus type 2
XPF60770.1,dengue virus type 2
WJZ47485.1,dengue virus type 2
QQW40765.1,dengue virus type 2
YBG70359.1,dengue virus type 2
XTL09803.1,dengue virus type 2
XPF60732.1,dengue virus type 2
WVV02182.1,dengue virus type 2
WYF38720.1,dengue virus type 2
ACW82887.1,dengue virus type 2
ADU76197.1,dengue virus type 2
WJZ47656.1,dengue virus type 2
QST06883.1,dengue virus type 2
UXX51319.1,dengue virus type 2
XDE79242.1,dengue virus type 2
WFO14568.1,dengue virus type 2
YBG23193.1,dengue virus type 2
WAP37911.1,dengue virus type 2
AHF45703.1,dengue virus type 2
WGD00844.1,dengue virus type 2
BBG31503.1,dengue virus type 2
XPF60780.1,dengue virus type 2
UXX51272.1,dengue virus type 2
WME20560.1,dengue virus type 2
XPF60351.1,dengue virus type 2
XPF60811.1,dengue virus type 2
WRW12988.1,dengue virus type 2
QDG00713.1,dengue virus type 2
QOW96375.1,dengue virus type 2
WGD00935.1,dengue virus type 2
WGD00945.1,dengue virus type 2
UYK60852.1,dengue virus type 2
UXX51333.1,dengue virus type 2
WFD62629.1,dengue virus type 2
WVV02174.1,dengue virus type 2
QTX92902.1,dengue virus type 2
ACA48914.1,dengue virus type 2
ACB87146.1,dengue virus type 2
AKA54995.1,dengue virus type 2
AQV12083.1,dengue virus type 2
QFS19361.1,dengue virus type 2
ANS59176.1,dengue virus type 2
WCZ55556.2,dengue virus type 2
XPF60911.1,dengue virus type 2
WWO67057.1,dengue virus type 2
WLD55575.1,dengue virus type 2
WCZ55434.2,dengue virus type 2
XLY90659.1,dengue virus type 2
ABG29081.1,dengue virus type 2
ACB87125.1,dengue virus type 2
XPF60455.1,dengue virus type 2
WZW36524.1,dengue virus type 2
XIF04112.1,dengue virus type 2
QNJ99451.1,dengue virus type 2
ACA49028.1,dengue virus type 2
WNN20142.1,dengue virus type 2
CAR65147.1,dengue virus type 2
QNH29582.1,dengue virus type 2
WYF38903.1,dengue virus type 2
ACH61724.1,dengue virus type 2
QNL13617.1,dengue virus type 2
QRG47125.1,dengue virus type 2
XUU11190.1,dengue virus type 2
WZW36519.1,dengue virus type 2
XPF60739.1,dengue virus type 2
WRW12985.1,dengue virus type 2
ABW74621.1,dengue virus type 2
WLD55641.1,dengue virus type 2
WJZ47325.1,dengue virus type 2
AGX15381.1,dengue virus type 2
ALP06115.1,dengue virus type 2
XHC89050.1,dengue virus type 2
ADK37488.1,dengue virus type 2
QST06873.1,dengue virus type 2
AHG25304.1,dengue virus type 2
WOX58801.1,dengue virus type 2
YAJ45063.1,dengue virus type 2
QFS19322.1,dengue virus type 2
YBK92804.1,dengue virus type 2
WWP73917.1,dengue virus type 2
QFS19299.1,dengue virus type 2
WZP38454.1,dengue virus type 2
UDI89633.1,dengue virus type 2
ACE63527.1,dengue virus type 2
CAR65141.1,dengue virus type 2
QTX92892.1,dengue virus type 2
WPF60257.1,dengue virus type 2
YCR17170.1,dengue virus type 2
WJZ47440.1,dengue virus type 2
WRW12935.1,dengue virus type 2
WRW13001.1,dengue virus type 2
UNZ79666.1,dengue virus type 2
QGW05382.1,dengue virus type 2
AGX15384.1,dengue virus type 2
AGK36291.1,dengue virus type 2
AHG06351.1,dengue virus type 2
XPF60883.1,dengue virus type 2
WHT32727.1,dengue virus type 2
ARO84686.1,dengue virus type 2
WVV02191.1,dengue virus type 2
WVQ30769.1,dengue virus type 2
XPF60925.1,dengue virus type 2
XPF60805.1,dengue virus type 2
QCZ24983.1,dengue virus type 2
WJX08505.1,dengue virus type 2
QTX92943.1,dengue virus type 2
XPF60838.1,dengue virus type 2
ACD13311.1,dengue virus type 2
WNJ63351.1,dengue virus type 2
WLD15677.1,dengue virus type 2
QQW40806.1,dengue virus type 2
UYK60820.1,dengue virus type 2
ABW82015.1,dengue virus type 2
WNO50259.1,dengue virus type 2
ACA49038.1,dengue virus type 2
QTX93042.1,dengue virus type 2
ACB29512.1,dengue virus type 2
AHG06343.1,dengue virus type 2
USV23381.1,dengue virus type 2
QFS19319.1,dengue virus type 2
CAR66106.1,dengue virus type 2
ACY70801.1,dengue virus type 2
QBQ87238.1,dengue virus type 2
AHZ61501.1,dengue virus type 2
UYK60838.1,dengue virus type 2
AGE89225.1,dengue virus type 2
AAW51406.2,dengue virus type 2
WHT32723.1,dengue virus type 2
QST05081.1,dengue virus type 2
WJZ47649.1,dengue virus type 2
WCZ55371.2,dengue virus type 2
XPF60855.1,dengue virus type 2
WAP37906.1,dengue virus type 2
WJZ47630.1,dengue virus type 2
QNJ99449.1,dengue virus type 2
XQH47511.1,dengue virus type 2
XCN40756.1,dengue virus type 2
ACN42691.1,dengue virus type 2
XIE39164.1,dengue virus type 2
QOW96380.1,dengue virus type 2
ACO06183.1,dengue virus type 2
ADK37530.1,dengue virus type 2
AYJ72765.1,dengue virus type 2
QTX93057.1,dengue virus type 2
WYF38888.1,dengue virus type 2
WAX27061.1,dengue virus type 2
ARO84690.1,dengue virus type 2
QTX93150.1,dengue virus type 2
ACD13414.1,dengue virus type 2
UEK75515.1,dengue virus type 2
XTL09804.1,dengue virus type 2
QRG47095.1,dengue virus type 2
XPF60369.1,dengue virus type 2
AQV12469.1,dengue virus type 2
XRY74873.1,dengue virus type 2
QFS19278.1,dengue virus type 2
ABK51383.1,dengue virus type 2
QQW40766.1,dengue virus type 2
QQW40808.1,dengue virus type 2
WLD55650.1,dengue virus type 2
ALP06110.1,dengue virus type 2
WCZ55407.2,dengue virus type 2
WJZ47480.1,dengue virus type 2
QNL13706.1,dengue virus type 2
QQW40703.1,dengue virus type 2
QGW05380.1,dengue virus type 2
ADK37523.1,dengue virus type 2
WFO14562.1,dengue virus type 2
XPF60439.1,dengue virus type 2
XPF60430.1,dengue virus type 2
QFS19311.1,dengue virus type 2
WWS30384.1,dengue virus type 2
AQV12446.1,dengue virus type 2
WJZ47375.1,dengue virus type 2
WCZ55576.2,dengue virus type 2
QTX92909.1,dengue virus type 2
AQV12456.1,dengue virus type 2
WVN40670.1,dengue virus type 2
WCZ55393.2,dengue virus type 2
QQW40731.1,dengue virus type 2
ABA61183.1,dengue virus type 2
XQH47516.1,dengue virus type 2
QQW40659.1,dengue virus type 2
XMF56262.1,dengue virus type 2
WHT32720.1,dengue virus type 2
QNL13732.1,dengue virus type 2
AVH78237.1,dengue virus type 2
ACY70784.1,dengue virus type 2
QTX93131.1,dengue virus type 2
AOE47562.1,dengue virus type 2
ACO06162.1,dengue virus type 2
XPF60478.1,dengue virus type 2
WJX08501.1,dengue virus type 2
YEO36752.1,dengue virus type 2
XPF60867.1,dengue virus type 2
ANC57599.1,dengue virus type 2
QTX93123.1,dengue virus type 2
YEO36753.1,dengue virus type 2
XPF60827.1,dengue virus type 2
XJO99445.1,dengue virus type 2
AWK29890.1,dengue virus type 2
WVV02180.1,dengue virus type 2
WRI67450.1,dengue virus type 2
QQW40764.1,dengue virus type 2
AYP74895.1,dengue virus type 2
XPF60555.1,dengue virus type 2
WJZ47615.1,dengue virus type 2
XPF60730.1,dengue virus type 2
WGD00861.1,dengue virus type 2
XPF60368.1,dengue virus type 2
AWD38925.1,dengue virus type 2
AGX15378.1,dengue virus type 2
QHR82541.1,dengue virus type 2
AKA55010.1,dengue virus type 2
QZN14217.1,dengue virus type 2
XPF60818.1,dengue virus type 2
XPF60388.1,dengue virus type 2
ANS59179.1,dengue virus type 2
XCI54613.1,dengue virus type 2
WVN40700.1,dengue virus type 2
WLD55620.1,dengue virus type 2
AGX15372.1,dengue virus type 2
XNM90865.1,dengue virus type 2
XTL09747.1,dengue virus type 2
WCZ55531.2,dengue virus type 2
ACA58330.1,dengue virus type 2
WGH29390.1,dengue virus type 2
WRW12919.1,dengue virus type 2
WJZ47575.1,dengue virus type 2
WWO67061.1,dengue virus type 2
UXX51232.1,dengue virus type 2
AET72454.1,dengue virus type 2
WYF38877.1,dengue virus type 2
ACA48987.1,dengue virus type 2
AAD32964.1,dengue virus type 2
WJZ47628.1,dengue virus type 2
WAW78546.1,dengue virus type 2
ACA48896.1,dengue virus type 2
WRW12958.1,dengue virus type 2
WGD00939.1,dengue virus type 2
QTX92911.1,dengue virus type 2
QQW40697.1,dengue virus type 2
ADK37497.1,dengue virus type 2
YBG70351.1,dengue virus type 2
WUG62310.1,dengue virus type 2
UXX51248.1,dengue virus type 2
XPF60862.1,dengue virus type 2
QTX92993.1,dengue virus type 2
XHC89040.1,dengue virus type 2
QIS48871.1,dengue virus type 2
ACQ44475.1,dengue virus type 2
WNN20145.1,dengue virus type 2
XPF60406.1,dengue virus type 2
AQV12490.1,dengue virus type 2
UXX51267.1,dengue virus type 2
XPF60339.1,dengue virus type 2
WRW12904.1,dengue virus type 2
XAM94373.1,dengue virus type 2
ACA48909.1,dengue virus type 2
WJZ47558.1,dengue virus type 2
AQV12084.1,dengue virus type 2
QFS19349.1,dengue virus type 2
WRI67436.1,dengue virus type 2
ACD13355.1,dengue virus type 2
XPF60362.1,dengue virus type 2
WLD15676.1,dengue virus type 2
QFS19271.1,dengue virus type 2
XAJ73971.1,dengue virus type 2
WBD86244.1,dengue virus type 2
XPF60738.1,dengue virus type 2
XPF60598.1,dengue virus type 2
ACJ04270.1,dengue virus type 2
WRW12994.1,dengue virus type 2
QFS19455.1,dengue virus type 2
AQV12407.1,dengue virus type 2
ABO33324.1,dengue virus type 2
ACA49055.1,dengue virus type 2
WLD15564.1,dengue virus type 2
XPF60453.1,dengue virus type 2
YDE81676.1,dengue virus type 2
BAH86603.1,dengue virus type 2
ULP34436.1,dengue virus type 2
XPF60374.1,dengue virus type 2
QFS19334.1,dengue virus type 2
QFS19295.1,dengue virus type 2
WYF38778.1,dengue virus type 2
YAE67949.1,dengue virus type 2
WRW12922.1,dengue virus type 2
QGW05368.1,dengue virus type 2
WRW12966.1,dengue virus type 2
QQP29626.1,dengue virus type 2
XPF60753.1,dengue virus type 2
AXX75488.2,dengue virus type 2
QSV27723.1,dengue virus type 2
WYF38729.1,dengue virus type 2
WCZ55477.2,dengue virus type 2
WJZ47533.1,dengue virus type 2
WJZ47550.1,dengue virus type 2
WCZ55528.2,dengue virus type 2
XTL09827.1,dengue virus type 2
YDE81663.1,dengue virus type 2
WHU05352.1,dengue virus type 2
XIF04133.1,dengue virus type 2
ACN42713.1,dengue virus type 2
ACB29505.1,dengue virus type 2
WNJ63345.1,dengue virus type 2
XVO59921.1,dengue virus type 2
QTX93080.1,dengue virus type 2
USV03369.1,dengue virus type 2
ADK37475.1,dengue virus type 2
QHE24290.1,dengue virus type 2
URK56726.1,dengue virus type 2
URK56773.1,dengue virus type 2
WFO14554.1,dengue virus type 2
QCH40788.1,dengue virus type 2
YBZ63778.1,dengue virus type 2
WJZ47566.1,dengue virus type 2
YCR17166.1,dengue virus type 2
XTL09834.1,dengue virus type 2
ACA48717.1,dengue virus type 2
ANS59194.1,dengue virus type 2
QTX92998.1,dengue virus type 2
USW91920.1,dengue virus type 2
QHR82537.1,dengue virus type 2
UOV35394.1,dengue virus type 2
XPF60608.1,dengue virus type 2
AKA55075.1,dengue virus type 2
QTX92975.1,dengue virus type 2
UXX51269.1,dengue virus type 2
AQV12426.1,dengue virus type 2
WZW36503.1,dengue virus type 2
AWD38922.1,dengue virus type 2
AHA80987.1,dengue virus type 2
XTL09840.1,dengue virus type 2
YAE67941.1,dengue virus type 2
WCZ55443.2,dengue virus type 2
XPF60737.1,dengue virus type 2
ACW82875.1,dengue virus type 2
QCH40793.1,dengue virus type 2
WCZ55551.2,dengue virus type 2
URK56757.1,dengue virus type 2
ACD13350.1,dengue virus type 2
UXX51262.1,dengue virus type 2
ACJ04261.1,dengue virus type 2
AYN79596.1,dengue virus type 2
YBG70354.1,dengue virus type 2
QBP33564.1,dengue virus type 2
WJZ47612.1,dengue virus type 2
QTX93164.1,dengue virus type 2
QBP33558.1,dengue virus type 2
XPF60743.1,dengue virus type 2
ACW82894.1,dengue virus type 2
XQH47528.1,dengue virus type 2
YEH82741.1,dengue virus type 2
XPF60325.1,dengue virus type 2
ACJ04301.1,dengue virus type 2
URK56750.1,dengue virus type 2
UNY43260.1,dengue virus type 2
AUN35118.1,dengue virus type 2
ACA58338.1,dengue virus type 2
WLD55632.1,dengue virus type 2
QRG47097.1,dengue virus type 2
AXU25308.1,dengue virus type 2
AYJ72763.1,dengue virus type 2
WWP73929.1,dengue virus type 2
ACA48852.1,dengue virus type 2
XHC89057.1,dengue virus type 2
AEI29060.1,dengue virus type 2
WIW72155.1,dengue virus type 2
QQW40736.1,dengue virus type 2
AQV12473.1,dengue virus type 2
ACA48715.1,dengue virus type 2
ACL99122.1,dengue virus type 2
XAM89336.1,dengue virus type 2
AAF86463.1,dengue virus type 2
UCQ65252.1,dengue virus type 2
XQV99745.1,dengue virus type 2
XPF60868.1,dengue virus type 2
WVV02163.1,dengue virus type 2
UZV49092.1,dengue virus type 2
YAE67940.1,dengue virus type 2
QHI43221.1,dengue virus type 2
WLD55642.1,dengue virus type 2
WCZ55510.2,dengue virus type 2
WNO50235.1,dengue virus type 2
WRW12881.1,dengue virus type 2
QTX92888.1,dengue virus type 2
WCZ55377.2,dengue virus type 2
ACW82985.1,dengue virus type 2
ACW82910.1,dengue virus type 2
WJZ47428.1,dengue virus type 2
QHE24296.1,dengue virus type 2
ACO06195.1,dengue virus type 2
XUB19298.1,dengue virus type 2
QGW05347.1,dengue virus type 2
WLD55666.1,dengue virus type 2
XUU11174.1,dengue virus type 2
XPF60400.1,dengue virus type 2
UOV35396.1,dengue virus type 2
QTX92967.1,dengue virus type 2
AUN35125.1,dengue virus type 2
XPF60672.1,dengue virus type 2
AAW31408.1,dengue virus type 2
QNL13591.1,dengue virus type 2
ACA48742.1,dengue virus type 2
QBA29681.1,dengue virus type 2
QFS19401.1,dengue virus type 2
ADV71220.1,dengue virus type 2
QFS19425.1,dengue virus type 2
YBG23192.1,dengue virus type 2
QTX93222.1,dengue virus type 2
XPF60846.1,dengue virus type 2
QCZ24964.2,dengue virus type 2
XPF60711.1,dengue virus type 2
UXX51307.1,dengue virus type 2
WJZ47588.1,dengue virus type 2
QTX93165.1,dengue virus type 2
XPF60777.1,dengue virus type 2
YDE81651.1,dengue virus type 2
XQS36761.1,dengue virus type 2
AQS22537.1,dengue virus type 2
QNL13653.1,dengue virus type 2
ACN42693.1,dengue virus type 2
WVN40672.1,dengue virus type 2
QRG47094.1,dengue virus type 2
XAJ73972.1,dengue virus type 2
XPF60669.1,dengue virus type 2
QUU16654.1,dengue virus type 2
WJZ47417.1,dengue virus type 2
ABA61179.1,dengue virus type 2
WRW12940.1,dengue virus type 2
WCZ55490.2,dengue virus type 2
QTX93145.1,dengue virus type 2
ACW82873.1,dengue virus type 2
WFF71381.1,dengue virus type 2
XPF60594.1,dengue virus type 2
QUU16656.1,dengue virus type 2
XPF60496.1,dengue virus type 2
WRW12920.1,dengue virus type 2
WVN40750.1,dengue virus type 2
YEP31423.1,dengue virus type 2
WLD55584.1,dengue virus type 2
WLD55593.1,dengue virus type 2
WLD15660.1,dengue virus type 2
AKA55004.1,dengue virus type 2
WWO67092.1,dengue virus type 2
QQW40673.1,dengue virus type 2
WZW36492.1,dengue virus type 2
XQC66194.1,dengue virus type 2
QTX92940.1,dengue virus type 2
AST11590.1,dengue virus type 2
ACJ04266.1,dengue virus type 2
QNL13710.1,dengue virus type 2
WGD00930.1,dengue virus type 2
WLD15663.1,dengue virus type 2
QSV27700.1,dengue virus type 2
WVV02242.1,dengue virus type 2
WCZ55408.2,dengue virus type 2
UPU98232.1,dengue virus type 2
WRI67428.1,dengue virus type 2
WLD15655.1,dengue virus type 2
UNI08544.1,dengue virus type 2
WPF59421.1,dengue virus type 2
XUU11203.1,dengue virus type 2
WRW13005.1,dengue virus type 2
QFS19247.1,dengue virus type 2
QCZ24969.1,dengue virus type 2
ACS32026.1,dengue virus type 2
XQV99716.1,dengue virus type 2
QTX93054.1,dengue virus type 2
XIF04115.1,dengue virus type 2
UCQ65247.1,dengue virus type 2
WJZ47323.1,dengue virus type 2
XPF60779.1,dengue virus type 2
UEK75472.1,dengue virus type 2
QNL13634.1,dengue virus type 2
QTX93196.1,dengue virus type 2
YAB37922.1,dengue virus type 2
QUU16657.1,dengue virus type 2
XPF60426.1,dengue virus type 2
QQW40780.1,dengue virus type 2
WJZ47402.1,dengue virus type 2
XCI54587.1,dengue virus type 2
ARO78357.1,dengue virus type 2
WCZ55422.2,dengue virus type 2
QTX93140.1,dengue virus type 2
WNJ63358.1,dengue virus type 2
WWZ43194.1,dengue virus type 2
WYF38904.1,dengue virus type 2
AGX15387.1,dengue virus type 2
QGW05353.1,dengue virus type 2
QFS19370.1,dengue virus type 2
CAM35389.1,dengue virus type 2
ANT47239.1,dengue virus type 2
UEK75487.1,dengue virus type 2
QEI46449.1,dengue virus type 2
QQW40688.1,dengue virus type 2
YDE81660.1,dengue virus type 2
WJZ47666.1,dengue virus type 2
WBD86233.1,dengue virus type 2
UYK60783.1,dengue virus type 2
XTL09844.1,dengue virus type 2
QTX93162.1,dengue virus type 2
XHC89054.1,dengue virus type 2
XPF60910.1,dengue virus type 2
XCI54607.1,dengue virus type 2
WRW12932.1,dengue virus type 2
QNL13607.1,dengue virus type 2
QTX93072.1,dengue virus type 2
WJZ47361.1,dengue virus type 2
XCI54590.1,dengue virus type 2
WJZ47413.1,dengue virus type 2
WHT32737.1,dengue virus type 2
QOW96395.1,dengue virus type 2
AQV12405.1,dengue virus type 2
YAB37927.1,dengue virus type 2
AHG06355.1,dengue virus type 2
XTL09758.1,dengue virus type 2
AHG23170.1,dengue virus type 2
AQV12444.1,dengue virus type 2
AAB58782.1,dengue virus type 2
ACL99227.1,dengue virus type 2
WFO14557.1,dengue virus type 2
XPF60632.1,dengue virus type 2
YAE67937.1,dengue virus type 2
AKA55042.1,dengue virus type 2
QTX93004.1,dengue virus type 2
AYP74883.1,dengue virus type 2
XPF60520.1,dengue virus type 2
WVV02158.1,dengue virus type 2
AVH78240.1,dengue virus type 2
WZP38468.1,dengue virus type 2
WRW12997.1,dengue virus type 2
QFS19363.1,dengue virus type 2
QFS19264.1,dengue virus type 2
QNL13649.1,dengue virus type 2
ACK57817.1,dengue virus type 2
AQV12411.1,dengue virus type 2
UXX51265.1,dengue virus type 2
QDG00710.1,dengue virus type 2
AEB66130.1,dengue virus type 2
ADK37507.1,dengue virus type 2
QTX93045.1,dengue virus type 2
WWT51508.1,dengue virus type 2
XRP78493.1,dengue virus type 2
WLD55591.1,dengue virus type 2
AKA55038.1,dengue virus type 2
QNL13650.1,dengue virus type 2
ANT47238.1,dengue virus type 2
XBJ98990.1,dengue virus type 2
WGD00934.1,dengue virus type 2
WJZ47435.1,dengue virus type 2
AKQ00027.1,dengue virus type 2
XPF60492.1,dengue virus type 2
WHU05334.1,dengue virus type 2
WJZ47383.1,dengue virus type 2
WLD55582.1,dengue virus type 2
WKC20953.1,dengue virus type 2
WAB71365.1,dengue virus type 2
XAJ73967.1,dengue virus type 2
QTX93199.1,dengue virus type 2
UNO86146.1,dengue virus type 1
AKA55058.1,dengue virus type 2
WYF38834.1,dengue virus type 2
XTL09796.1,dengue virus type 2
WGD00944.1,dengue virus type 2
UDI89631.1,dengue virus type 2
QNL13677.1,dengue virus type 2
AQV12420.1,dengue virus type 2
AXU25310.1,dengue virus type 2
WHS04835.1,dengue virus type 2
QQW40774.1,dengue virus type 2
ACN42712.1,dengue virus type 2
WJZ47380.1,dengue virus type 2
WJZ47445.1,dengue virus type 2
WZW36531.1,dengue virus type 2
WNJ63352.1,dengue virus type 2
ABG29083.1,dengue virus type 2
URK56755.1,dengue virus type 2
ACQ44531.1,dengue virus type 2
ACH99661.1,dengue virus type 2
WNO50243.1,dengue virus type 2
XPF60724.1,dengue virus type 2
QHR82516.1,dengue virus type 2
AHG06340.1,dengue virus type 2
AIK23223.1,dengue virus type 2
ACW82874.1,dengue virus type 2
QPI70485.1,dengue virus type 2
ACW82928.1,dengue virus type 2
AXY94483.1,dengue virus type 2
QTX92997.1,dengue virus type 2
WNO50250.1,dengue virus type 2
QBK56836.1,dengue virus type 2
XPF60758.1,dengue virus type 2
ADA60770.1,dengue virus type 2
QTX92935.1,dengue virus type 2
AFK65749.1,dengue virus type 2
ACA48923.1,dengue virus type 2
WHS04902.1,dengue virus type 2
QDG00723.1,dengue virus type 2
WLD55639.1,dengue virus type 2
ACO06165.1,dengue virus type 2
QTE05821.1,dengue virus type 2
WYF38717.1,dengue virus type 2
ACL99124.1,dengue virus type 2
ADK37524.1,dengue virus type 2
WRI67449.1,dengue virus type 2
QGQ59353.1,dengue virus type 2
WWZ43195.1,dengue virus type 2
WCZ55563.2,dengue virus type 2
XPF60523.1,dengue virus type 2
QTX93027.1,dengue virus type 2
WGD00880.1,dengue virus type 2
XPF60332.1,dengue virus type 2
XPF60443.1,dengue virus type 2
WYF38792.1,dengue virus type 2
QTX92986.1,dengue virus type 2
WJZ47345.1,dengue virus type 2
ACA48922.1,dengue virus type 2
WQE65117.1,dengue virus type 2
QTE05820.1,dengue virus type 2
WNO50261.1,dengue virus type 2
QHR82534.1,dengue virus type 2
XQC66193.1,dengue virus type 2
WFO14579.1,dengue virus type 2
QST06888.1,dengue virus type 2
ACL99236.1,dengue virus type 2
ACD13356.1,dengue virus type 2
WJZ47620.1,dengue virus type 2
XPF60654.1,dengue virus type 2
WZW36529.1,dengue virus type 2
WYF38724.1,dengue virus type 2
WYF38879.1,dengue virus type 2
WYF38785.1,dengue virus type 2
WJZ47331.1,dengue virus type 2
XLY78368.1,dengue virus type 2
UNO86138.1,dengue virus type 1
QFS19445.1,dengue virus type 2
QFS19261.1,dengue virus type 2
WBD86234.1,dengue virus type 2
WLD55585.1,dengue virus type 2
AWD38924.1,dengue virus type 2
WWT51506.1,dengue virus type 2
UKF18852.1,dengue virus type 2
AQV12430.1,dengue virus type 2
WLD55595.1,dengue virus type 2
XPF60772.1,dengue virus type 2
QRG47099.1,dengue virus type 2
ACN42706.1,dengue virus type 2
YCB66285.1,dengue virus type 2
WME20559.1,dengue virus type 2
XPF60489.1,dengue virus type 2
AQV12432.1,dengue virus type 2
XPF60428.1,dengue virus type 2
WYF38849.1,dengue virus type 2
WJZ47467.1,dengue virus type 2
WLD55606.1,dengue virus type 2
AXU25294.1,dengue virus type 2
AHB51029.1,dengue virus type 2
QHE24283.1,dengue virus type 2
QTX92955.1,dengue virus type 2
AKA55068.1,dengue virus type 2
ACY70778.1,dengue virus type 2
YBG70335.1,dengue virus type 2
ACO06211.1,dengue virus type 2
XQV99723.1,dengue virus type 2
USW91923.1,dengue virus type 2
QTX93122.1,dengue virus type 2
QHI43231.1,dengue virus type 2
ANS59173.1,dengue virus type 2
XPF60433.1,dengue virus type 2
WHT32729.1,dengue virus type 2
QTX93233.1,dengue virus type 2
WYF38750.1,dengue virus type 2
AES93116.1,dengue virus type 2
WWO67055.1,dengue virus type 2
XUM16033.1,dengue virus type 2
QFS19367.1,dengue virus type 2
QFS19248.1,dengue virus type 2
QFS19466.1,dengue virus type 2
XPF60344.1,dengue virus type 2
XTL09773.1,dengue virus type 2
WWZ43192.1,dengue virus type 2
XPF60679.1,dengue virus type 2
WHS04908.1,dengue virus type 2
QFS19407.1,dengue virus type 2
QTX93077.1,dengue virus type 2
YEO36747.1,dengue virus type 2
XPF60356.1,dengue virus type 2
ACD13309.1,dengue virus type 2
QFS19266.1,dengue virus type 2
ACQ44499.1,dengue virus type 2
XPF60461.1,dengue virus type 2
AKA54997.1,dengue virus type 2
AYP74885.1,dengue virus type 2
WET62307.1,dengue virus type 2
WZW36495.1,dengue virus type 2
QQP29638.1,dengue virus type 2
QNL13694.1,dengue virus type 2
WNO50260.1,dengue virus type 2
WNO50248.1,dengue virus type 2
USW91926.1,dengue virus type 2
WYF38884.1,dengue virus type 2
QST06880.1,dengue virus type 2
XPF60491.1,dengue virus type 2
QHR82527.1,dengue virus type 2
WCZ55400.2,dengue virus type 2
WCZ55546.2,dengue virus type 2
AAA42941.1,dengue virus type 2
XPF60708.1,dengue virus type 2
QTX93220.1,dengue virus type 2
WNO50256.1,dengue virus type 2
QTX93033.1,dengue virus type 2
AKA55044.1,dengue virus type 2
QDG00709.1,dengue virus type 2
YDE81673.1,dengue virus type 2
WRW12987.1,dengue virus type 2
QMT58638.1,dengue virus type 2
AQV12506.1,dengue virus type 2
XDE79240.1,dengue virus type 2
XPF60886.1,dengue virus type 2
WZP38460.1,dengue virus type 2
ACO06171.1,dengue virus type 2
ACA49006.1,dengue virus type 2
USW91921.1,dengue virus type 2
WAB71361.1,dengue virus type 2
AHG06341.1,dengue virus type 2
WJE97943.1,dengue virus type 2
XCN40759.1,dengue virus type 2
WVH32819.1,dengue virus type 2
NP_056776.2,dengue virus type 2
AQV12441.1,dengue virus type 2
XPF60916.1,dengue virus type 2
QTX92946.1,dengue virus type 2
ACN58738.1,dengue virus type 2
WCZ55495.2,dengue virus type 2
BBH51317.1,dengue virus type 2
QTX92917.1,dengue virus type 2
UXX51236.1,dengue virus type 2
WFO14581.1,dengue virus type 2
AYP74888.1,dengue virus type 2
XTL09831.1,dengue virus type 2
QMT58620.1,dengue virus type 2
WJZ47524.1,dengue virus type 2
XPF60353.1,dengue virus type 2
QFS19376.1,dengue virus type 2
WCZ55465.2,dengue virus type 2
UXX51292.1,dengue virus type 2
ULA45340.1,dengue virus type 2
ACA48920.1,dengue virus type 2
WVN40731.1,dengue virus type 2
AQV12406.1,dengue virus type 2
QHR82548.1,dengue virus type 2
ACO06179.1,dengue virus type 2
QQW40682.1,dengue virus type 2
AKQ62914.1,dengue virus type 2
QTX92939.1,dengue virus type 2
UYK60804.1,dengue virus type 2
ACW82879.1,dengue virus type 2
ACA49012.1,dengue virus type 2
XPF60873.1,dengue virus type 2
WJZ47631.1,dengue virus type 2
UYK60843.1,dengue virus type 2
WET62302.1,dengue virus type 2
UYK60789.1,dengue virus type 2
ACD13412.1,dengue virus type 2
WFO14571.1,dengue virus type 2
QQW40775.1,dengue virus type 2
AKA55078.1,dengue virus type 2
WCZ55484.2,dengue virus type 2
QOT69946.1,dengue virus type 2
UEK75494.1,dengue virus type 2
QFS19443.1,dengue virus type 2
YBP09224.1,dengue virus type 2
QTX93043.1,dengue virus type 2
YBP09214.1,dengue virus type 2
WEG68667.1,dengue virus type 2
UXX51243.1,dengue virus type 2
WVN40673.1,dengue virus type 2
UOV35389.1,dengue virus type 2
AHC72404.1,dengue virus type 2
QQW40786.1,dengue virus type 2
QTX92932.1,dengue virus type 2
XIF04121.1,dengue virus type 2
WLD55602.1,dengue virus type 2
ANA09031.1,dengue virus type 2
WRW13013.1,dengue virus type 2
QNL13612.1,dengue virus type 2
QQW40802.1,dengue virus type 2
ACA48951.1,dengue virus type 2
XPF60785.1,dengue virus type 2
ARO84678.1,dengue virus type 2
WVV02215.1,dengue virus type 2
ACA48910.1,dengue virus type 2
WWS30386.1,dengue virus type 2
YBP09238.1,dengue virus type 2
QTX93151.1,dengue virus type 2
WYF38736.1,dengue virus type 2
ACA48872.1,dengue virus type 2
WCZ55399.2,dengue virus type 2
XTL09788.1,dengue virus type 2
YBP09223.1,dengue virus type 2
WRW12939.1,dengue virus type 2
QNL13615.1,dengue virus type 2
WJZ47569.1,dengue virus type 2
WBD86232.1,dengue virus type 2
YBG70346.1,dengue virus type 2
ADA60759.1,dengue virus type 2
WVV02206.1,dengue virus type 2
WYF38893.1,dengue virus type 2
ACO06216.1,dengue virus type 2
WJZ47655.1,dengue virus type 2
XPF60592.1,dengue virus type 2
WWS30385.1,dengue virus type 2
URK56740.1,dengue virus type 2
AOE23002.1,dengue virus type 2
UXX51293.1,dengue virus type 2
ACO06198.1,dengue virus type 2
AYP74878.1,dengue virus type 2
WAW78545.1,dengue virus type 2
ACA48810.1,dengue virus type 2
WLD55627.1,dengue virus type 2
ACL99225.1,dengue virus type 2
XPF60869.1,dengue virus type 2
XMF56280.1,dengue virus type 2
WRW13009.1,dengue virus type 2
AAA42942.1,dengue virus type 2
XPF60766.1,dengue virus type 2
XMF56224.1,dengue virus type 2
QFS19435.1,dengue virus type 2
QMT58624.1,dengue virus type 2
XPF60759.1,dengue virus type 2
WJZ47351.1,dengue virus type 2
USW90906.1,dengue virus type 2
WWO67088.1,dengue virus type 2
AQV12401.1,dengue virus type 2
QWZ14585.1,dengue virus type 2
QYU75493.1,dengue virus type 2
QTX93203.1,dengue virus type 2
XCI54595.1,dengue virus type 2
AXY94446.1,dengue virus type 2
WJZ47497.1,dengue virus type 2
WAP37921.1,dengue virus type 2
XPF60621.1,dengue virus type 2
WJZ47676.1,dengue virus type 2
WRW12938.1,dengue virus type 2
UXX51255.1,dengue virus type 2
ACQ44533.1,dengue virus type 2
WVQ30767.1,dengue virus type 2
ACH61726.1,dengue virus type 2
QHI43223.1,dengue virus type 2
WWO67062.1,dengue virus type 2
QMT58641.1,dengue virus type 2
XMF56238.1,dengue virus type 2
QTX92951.1,dengue virus type 2
WCZ55518.2,dengue virus type 2
XPF60556.1,dengue virus type 2
WFF71377.1,dengue virus type 2
WNN20137.1,dengue virus type 2
WVN40697.1,dengue virus type 2
WHT32724.1,dengue virus type 2
QFS19471.1,dengue virus type 2
ACW82929.1,dengue virus type 2
WZW36472.1,dengue virus type 2
XPF60803.1,dengue virus type 2
AXY94479.1,dengue virus type 2
XPF60486.1,dengue virus type 2
XPF60703.1,dengue virus type 2
WGD00938.1,dengue virus type 2
WGD00915.1,dengue virus type 2
QTX92960.1,dengue virus type 2
AWD38935.1,dengue virus type 2
AKA55012.1,dengue virus type 2
UYK60781.1,dengue virus type 2
AYJ72757.2,dengue virus type 2
QCH40783.1,dengue virus type 2
WHU05335.1,dengue virus type 2
AYP74898.1,dengue virus type 2
ARO84691.1,dengue virus type 2
AYP74893.1,dengue virus type 2
ACQ44505.1,dengue virus type 2
QNL13568.1,dengue virus type 2
WDZ68253.1,dengue virus type 2
XUU11196.1,dengue virus type 2
AXY94466.1,dengue virus type 2
UXX51296.1,dengue virus type 2
YBU65593.1,dengue virus type 2
WVH32820.1,dengue virus type 2
QTX92081.1,dengue virus type 2
ADK37517.1,dengue virus type 2
UXX51271.1,dengue virus type 2
WNN20138.1,dengue virus type 2
QTX93115.1,dengue virus type 2
XPF60623.1,dengue virus type 2
WLD15664.1,dengue virus type 2
ACB29502.1,dengue virus type 2
ABA61182.1,dengue virus type 2
QFS19318.1,dengue virus type 2
AKA55036.1,dengue virus type 2
WNJ63354.1,dengue virus type 2
ABG29079.1,dengue virus type 2
AYJ72772.1,dengue virus type 2
WCZ55574.2,dengue virus type 2
QQW40663.1,dengue virus type 2
WJZ47491.1,dengue virus type 2
WJZ47421.1,dengue virus type 2
AVH78243.1,dengue virus type 2
QNL13676.1,dengue virus type 2
QZE60602.1,dengue virus type 2
AKA55028.1,dengue virus type 2
XFB80462.1,dengue virus type 2
ANS59195.1,dengue virus type 2
WYF38786.1,dengue virus type 2
WLD55743.1,dengue virus type 2
QTX93154.1,dengue virus type 2
AES93106.1,dengue virus type 2
QQW40674.1,dengue virus type 2
AGK36294.1,dengue virus type 2
XPF60876.1,dengue virus type 2
XPF60750.1,dengue virus type 2
XPF60392.1,dengue virus type 2
AKA55062.1,dengue virus type 2
WCZ55383.2,dengue virus type 2
QOW96393.1,dengue virus type 2
ACB87141.1,dengue virus type 2
ADK37498.1,dengue virus type 2
XPF60878.1,dengue virus type 2
UDE22783.1,dengue virus type 2
WLD15666.1,dengue virus type 2
QQW40748.1,dengue virus type 2
AHI43691.1,dengue virus type 2
WEG68682.1,dengue virus type 2
XPF60437.1,dengue virus type 2
WJZ47324.1,dengue virus type 2
QTX92893.1,dengue virus type 2
QXY23099.1,dengue virus type 2
QTX93061.1,dengue virus type 2
WLD15570.1,dengue virus type 2
WRW13008.1,dengue virus type 2
ACA48906.1,dengue virus type 2
WYF38830.1,dengue virus type 2
WHS26810.1,dengue virus type 2
ACY70797.1,dengue virus type 2
ACB87132.1,dengue virus type 2
QQW40735.1,dengue virus type 2
XRY74884.1,dengue virus type 2
WYF38889.1,dengue virus type 2
WYF38856.1,dengue virus type 2
WIW72149.1,dengue virus type 2
WVN40657.1,dengue virus type 2
BBG31509.1,dengue virus type 2
WFO14570.1,dengue virus type 2
QFS19427.1,dengue virus type 2
WJZ47506.1,dengue virus type 2
WVN40764.1,dengue virus type 2
WCZ55555.2,dengue virus type 2
AKA55000.1,dengue virus type 2
AAF29150.1,dengue virus type 2
URK56764.1,dengue virus type 2
AQV12449.1,dengue virus type 2
XNJ16078.1,dengue virus type 2
ARO78363.1,dengue virus type 2
WFF71380.1,dengue virus type 2
XPF60628.1,dengue virus type 2
XPF60789.1,dengue virus type 2
ADK37487.1,dengue virus type 2
WFO14566.1,dengue virus type 2
AWK29892.1,dengue virus type 2
AFZ40226.1,dengue virus type 2
ACS32024.1,dengue virus type 2
QFS19353.1,dengue virus type 2
QBO55906.1,dengue virus type 2
WVV02198.1,dengue virus type 2
USW90908.1,dengue virus type 2
XVO59928.1,dengue virus type 2
XPF60415.1,dengue virus type 2
QQW40791.1,dengue virus type 2
QTX93185.1,dengue virus type 2
AQS22556.1,dengue virus type 2
WJZ47613.1,dengue virus type 2
WJZ47639.1,dengue virus type 2
XPF60541.1,dengue virus type 2
XQH47512.1,dengue virus type 2
WHU05351.1,dengue virus type 2
WYF38844.1,dengue virus type 2
WHU05353.1,dengue virus type 2
QQW40721.1,dengue virus type 2
QIS48863.1,dengue virus type 2
XPF60586.1,dengue virus type 2
XUU11207.1,dengue virus type 2
XTL09785.1,dengue virus type 2
XPF60723.1,dengue virus type 2
WDZ68245.1,dengue virus type 2
WRW12934.1,dengue virus type 2
ACS32039.1,dengue virus type 2
ACA48814.1,dengue virus type 2
WEG68677.1,dengue virus type 2
WCZ55505.2,dengue virus type 2
AUY62011.1,dengue virus type 2
XPF60747.1,dengue virus type 2
AKA55002.1,dengue virus type 2
QQW40665.1,dengue virus type 2
UXX51275.1,dengue virus type 2
WJZ47594.1,dengue virus type 2
WVV02201.1,dengue virus type 2
ANC57596.1,dengue virus type 2
QRG47112.1,dengue virus type 2
AUN35129.1,dengue virus type 2
WCZ55526.2,dengue virus type 2
AET43249.1,dengue virus type 2
QRG47103.1,dengue virus type 2
UXX51278.1,dengue virus type 2
XPF60721.1,dengue virus type 2
WGD00888.1,dengue virus type 2
QFS19357.1,dengue virus type 2
WYF38722.1,dengue virus type 2
AUN35126.1,dengue virus type 2
QNL13627.1,dengue virus type 2
QQP29632.1,dengue virus type 2
XTL09874.1,dengue virus type 2
WYF38827.1,dengue virus type 2
ACN42731.1,dengue virus type 2
WBD86242.1,dengue virus type 2
QTX93073.1,dengue virus type 2
ADK37514.1,dengue virus type 2
QTX92957.1,dengue virus type 2
WRW12894.1,dengue virus type 2
WME20545.1,dengue virus type 2
QSV27727.1,dengue virus type 2
QRG47092.1,dengue virus type 2
WHU05340.1,dengue virus type 2
AKA55047.1,dengue virus type 2
XPF60577.1,dengue virus type 2
XPF60781.1,dengue virus type 2
QGW05367.1,dengue virus type 2
WZW36466.1,dengue virus type 2
XUU11194.1,dengue virus type 2
CAR65156.1,dengue virus type 2
XPF60591.1,dengue virus type 2
ACD13408.1,dengue virus type 2
QGW05345.1,dengue virus type 2
AGK36299.1,dengue virus type 2
XPF60727.1,dengue virus type 2
XMF59662.1,dengue virus type 2
WVV02157.1,dengue virus type 2
QTX93191.1,dengue virus type 2
QBP33566.1,dengue virus type 2
XPF60754.1,dengue virus type 2
ABW06614.1,dengue virus type 2
WVV02192.1,dengue virus type 2
XPF60596.1,dengue virus type 2
WGD00942.1,dengue virus type 2
QFS19448.1,dengue virus type 2
WGD00946.1,dengue virus type 2
WLD55649.1,dengue virus type 2
XPF60477.1,dengue virus type 2
QTX92959.1,dengue virus type 2
WJZ47448.1,dengue virus type 2
XUU11188.1,dengue virus type 2
ACA48957.1,dengue virus type 2
ADK37525.1,dengue virus type 2
WLD15675.1,dengue virus type 2
QTX93210.1,dengue virus type 2
XPF60681.1,dengue virus type 2
WYF38759.1,dengue virus type 2
XQH47515.1,dengue virus type 2
QTX93225.1,dengue virus type 2
XCN40757.1,dengue virus type 2
XPF60857.1,dengue virus type 2
ADV71217.1,dengue virus type 2
ADK37509.1,dengue virus type 2
QCZ24966.1,dengue virus type 2
WCZ55401.2,dengue virus type 2
QBQ87236.1,dengue virus type 2
ACN42738.1,dengue virus type 2
WYF38907.1,dengue virus type 2
QUD37242.1,dengue virus type 2
ACA48813.1,dengue virus type 2
WVN40739.1,dengue virus type 2
WJZ47433.1,dengue virus type 2
XCN40758.1,dengue virus type 2
ARO84698.1,dengue virus type 2
WJZ47388.1,dengue virus type 2
WJZ47398.1,dengue virus type 2
XQV99730.1,dengue virus type 2
ACB87140.1,dengue virus type 2
XRY74900.1,dengue virus type 2
UNO86147.1,dengue virus type 1
BDD54327.1,dengue virus type 2
WJZ47476.1,dengue virus type 2
QQW40750.1,dengue virus type 2
QTX93035.1,dengue virus type 2
XTL09813.1,dengue virus type 2
ACL99116.1,dengue virus type 2
XTL09771.1,dengue virus type 2
QFS19331.1,dengue virus type 2
WCZ55575.1,dengue virus type 2
QTX92887.1,dengue virus type 2
ACK57812.1,dengue virus type 2
ACA48918.1,dengue virus type 2
QFS19415.1,dengue virus type 2
ACA48873.1,dengue virus type 2
AKA55076.1,dengue virus type 2
XPF60404.1,dengue virus type 2
QFQ59596.1,dengue virus type 2
AQV12496.1,dengue virus type 2
WJE97919.1,dengue virus type 2
ACD13432.1,dengue virus type 2
AXY94451.1,dengue virus type 2
WLD15679.1,dengue virus type 2
XIF04136.1,dengue virus type 2
QFS19344.1,dengue virus type 2
AHG06342.1,dengue virus type 2
QHR82524.1,dengue virus type 2
ANC57601.1,dengue virus type 2
XPF60686.1,dengue virus type 2
XLY90660.1,dengue virus type 2
ADK37495.1,dengue virus type 2
URK56761.1,dengue virus type 2
AXU25293.1,dengue virus type 2
ACJ04250.1,dengue virus type 2
AXY94459.1,dengue virus type 2
XPF60407.1,dengue virus type 2
WYF38723.1,dengue virus type 2
WQE65102.1,dengue virus type 2
WNO50254.1,dengue virus type 2
QTX93231.1,dengue virus type 2
UYK60841.1,dengue virus type 2
XPF60395.1,dengue virus type 2
QFS19447.1,dengue virus type 2
WZW36505.1,dengue virus type 2
ACA48933.1,dengue virus type 2
QLH12628.1,dengue virus type 2
WRW12999.1,dengue virus type 2
ACO06180.1,dengue virus type 2
XPF60581.1,dengue virus type 2
WYF38833.1,dengue virus type 2
YEO36748.1,dengue virus type 2
WVV02230.1,dengue virus type 2
WEY37044.1,dengue virus type 2
XPF60899.1,dengue virus type 2
XUU11170.1,dengue virus type 2
YBG23191.1,dengue virus type 2
QGW05370.1,dengue virus type 2
QFS19336.1,dengue virus type 2
XPF60889.1,dengue virus type 2
YCR17173.1,dengue virus type 2
XKQ27357.1,dengue virus type 2
WVV02229.1,dengue virus type 2
XPF60926.1,dengue virus type 2
ACE63536.1,dengue virus type 2
WJE97936.1,dengue virus type 2
WJZ47614.1,dengue virus type 2
ANS59189.1,dengue virus type 2
WYF38791.1,dengue virus type 2
WHS26792.1,dengue virus type 2
ACA48853.1,dengue virus type 2
ADK37478.1,dengue virus type 2
ACA48952.1,dengue virus type 2
XPF60380.1,dengue virus type 2
XNK03654.1,dengue virus type 2
AQV12479.1,dengue virus type 2
QTE05819.1,dengue virus type 2
XHB72354.1,dengue virus type 2
AXU25306.1,dengue virus type 2
ACD13411.1,dengue virus type 2
XPF60852.1,dengue virus type 2
AFZ40227.1,dengue virus type 2
QNL13644.1,dengue virus type 2
XRP78509.1,dengue virus type 2
QTE05818.1,dengue virus type 2
AQV12519.1,dengue virus type 2
QQW40778.1,dengue virus type 2
UYK60803.1,dengue virus type 2
AQV12452.1,dengue virus type 2
QHI43228.1,dengue virus type 2
QOU99767.1,dengue virus type 2
WYF38866.1,dengue virus type 2
WDZ68237.1,dengue virus type 2
QFS19434.1,dengue virus type 2
XPF60670.1,dengue virus type 2
ACY70830.1,dengue virus type 2
WJZ47504.1,dengue virus type 2
XPF60525.1,dengue virus type 2
UEK75475.1,dengue virus type 2
WHS04906.1,dengue virus type 2
WRI67426.1,dengue virus type 2
XPF60558.1,dengue virus type 2
XTL09861.1,dengue virus type 2
ACA48730.1,dengue virus type 2
XAJ73962.1,dengue virus type 2
WJZ47675.1,dengue virus type 2
WCZ55486.2,dengue virus type 2
ACA49040.1,dengue virus type 2
AKA54994.1,dengue virus type 2
WNX97889.1,dengue virus type 2
AJO16118.1,dengue virus type 2
WYF38900.1,dengue virus type 2
ACL98984.1,dengue virus type 2
ACA48844.1,dengue virus type 2
YBP09227.1,dengue virus type 2
QQP29641.1,dengue virus type 2
QNL13616.1,dengue virus type 2
XPF60854.1,dengue virus type 2
XPF60771.1,dengue virus type 2
WJZ47483.1,dengue virus type 2
QEV86473.1,dengue virus type 2
WLD55619.1,dengue virus type 2
AKA55019.1,dengue virus type 2
XMF56235.1,dengue virus type 2
QFS19281.1,dengue virus type 2
AXU25280.1,dengue virus type 2
QNL13570.1,dengue virus type 2
AQV12453.1,dengue virus type 2
QTX92916.1,dengue virus type 2
ACA49019.1,dengue virus type 2
ABG29087.1,dengue virus type 2
QFS19467.1,dengue virus type 2
QIS48870.1,dengue virus type 2
WCZ55409.2,dengue virus type 2
AXY40351.1,dengue virus type 2
WJZ47434.1,dengue virus type 2
QCH40781.1,dengue virus type 2
WLD55739.1,dengue virus type 2
ACS32038.1,dengue virus type 2
ACK57801.1,dengue virus type 2
QOU99768.1,dengue virus type 2
QTX93076.1,dengue virus type 2
QTX93174.1,dengue virus type 2
AAB58783.1,dengue virus type 2
WVV02199.1,dengue virus type 2
YAA48918.1,dengue virus type 2
ACJ04237.1,dengue virus type 2
WVN40669.1,dengue virus type 2
QTX92898.1,dengue virus type 2
YBG70339.1,dengue virus type 2
QCZ24976.1,dengue virus type 2
QTX93020.1,dengue virus type 2
XPF60393.1,dengue virus type 2
ABG29089.1,dengue virus type 2
ACQ44536.1,dengue virus type 2
UWM25503.1,dengue virus type 2
QTX93028.1,dengue virus type 2
WGD00842.1,dengue virus type 2
WGD00857.1,dengue virus type 2
WLD55672.1,dengue virus type 2
WDZ68252.1,dengue virus type 2
XPF60728.1,dengue virus type 2
YEO36743.1,dengue virus type 2
WVN40721.1,dengue virus type 2
XUU11200.1,dengue virus type 2
UEK75485.1,dengue virus type 2
WJZ47410.1,dengue virus type 2
WLD55667.1,dengue virus type 2
XRP78505.1,dengue virus type 2
WOX58796.1,dengue virus type 2
XPF60891.1,dengue virus type 2
WGF24021.1,dengue virus type 2
QQW40694.1,dengue virus type 2
AQV12388.1,dengue virus type 2
XPF60833.1,dengue virus type 2
ACA48832.1,dengue virus type 2
XMF56260.1,dengue virus type 2
ACY70799.1,dengue virus type 2
ABV55251.1,dengue virus type 2
ACA48808.1,dengue virus type 2
XQV99718.1,dengue virus type 2
QFS19409.1,dengue virus type 2
UXX51237.1,dengue virus type 2
QLH12623.1,dengue virus type 2
YBP09234.1,dengue virus type 2
AVT42116.1,dengue virus type 2
WJZ47423.1,dengue virus type 2
WWP73918.1,dengue virus type 2
XDT57270.1,dengue virus type 2
ADK26435.1,dengue virus type 2
WJZ47577.1,dengue virus type 2
WYF38822.1,dengue virus type 2
ADK37520.1,dengue virus type 2
WRW12977.1,dengue virus type 2
XPF60677.1,dengue virus type 2
APW49449.1,dengue virus type 2
QQW40691.1,dengue virus type 2
WJZ47623.1,dengue virus type 2
XTL09762.1,dengue virus type 2
AQV12387.1,dengue virus type 2
ADK37494.1,dengue virus type 2
AAG30730.1,dengue virus type 2
AWK29891.1,dengue virus type 2
URK56746.1,dengue virus type 2
AGX15383.1,dengue virus type 2
QFS19440.1,dengue virus type 2
ACQ44504.1,dengue virus type 2
WCZ55507.2,dengue virus type 2
AQV12515.1,dengue virus type 2
XPF60923.1,dengue virus type 2
WWS30388.1,dengue virus type 2
WYF38832.1,dengue virus type 2
WCZ55413.2,dengue virus type 2
UVK35471.1,dengue virus type 2
ADV71216.1,dengue virus type 2
WCZ55379.2,dengue virus type 2
WCZ55483.2,dengue virus type 2
WBA29692.1,dengue virus type 2
ACS32031.1,dengue virus type 2
ACY70828.1,dengue virus type 2
ADK37492.1,dengue virus type 2
YCB08535.1,dengue virus type 2
AYJ72762.2,dengue virus type 2
ACA48851.1,dengue virus type 2
UYK60798.1,dengue virus type 2
UDY72396.1,dengue virus type 2
CAR65142.1,dengue virus type 2
WDZ68256.1,dengue virus type 2
WGD00922.1,dengue virus type 2
AKA55003.1,dengue virus type 2
WFO14560.1,dengue virus type 2
QTX93120.1,dengue virus type 2
WLD55579.1,dengue virus type 2
WJZ47536.1,dengue virus type 2
WCZ55462.2,dengue virus type 2
XHB72351.1,dengue virus type 2
WYF38760.1,dengue virus type 2
WRW12947.1,dengue virus type 2
XTL09853.1,dengue virus type 2
WVN40650.1,dengue virus type 2
QZN14215.1,dengue virus type 2
QQW40715.1,dengue virus type 2
AXY94480.1,dengue virus type 2
AXY94469.1,dengue virus type 2
AHG23168.1,dengue virus type 2
WYF38767.1,dengue virus type 2
WYF38780.1,dengue virus type 2
AQV12385.1,dengue virus type 2
QSV27711.1,dengue virus type 2
WCZ55565.2,dengue virus type 2
AIU47320.1,dengue virus type 2
QTX93173.1,dengue virus type 2
QTX93022.1,dengue virus type 2
AXU25313.1,dengue virus type 2
QNL13636.1,dengue virus type 2
WNP52482.1,dengue virus type 2
CAR65139.1,dengue virus type 2
QTX93167.1,dengue virus type 2
WVV02171.1,dengue virus type 2
WVU22882.1,dengue virus type 2
WJX08510.1,dengue virus type 2
AFZ40120.1,dengue virus type 2
UYK60807.1,dengue virus type 2
QQW40700.1,dengue virus type 2
ACN42682.1,dengue virus type 2
WGD00890.1,dengue virus type 2
XPF60526.1,dengue virus type 2
WRW12961.1,dengue virus type 2
WYV81047.1,dengue virus type 2
XTL09845.1,dengue virus type 2
USI59539.1,dengue virus type 2
XPF60848.1,dengue virus type 2
WLS84155.1,dengue virus type 2
QUU16646.1,dengue virus type 2
ACL99128.1,dengue virus type 2
QQW40712.1,dengue virus type 2
QTX93093.1,dengue virus type 2
UXX51332.1,dengue virus type 2
WJZ47419.1,dengue virus type 2
XMF56256.1,dengue virus type 2
ACA48714.1,dengue virus type 2
QFS19437.1,dengue virus type 2
WMJ64418.1,dengue virus type 2
WJZ47343.1,dengue virus type 2
YEO36746.1,dengue virus type 2
WRW12949.1,dengue virus type 2
AHM25910.1,dengue virus type 2
XPF60801.1,dengue virus type 2
YBG70345.1,dengue virus type 2
XPF60824.1,dengue virus type 2
ABA61185.1,dengue virus type 2
AGX15365.1,dengue virus type 2
QFS19465.1,dengue virus type 2
WJZ47470.1,dengue virus type 2
QNL13714.1,dengue virus type 2
XPF60810.1,dengue virus type 2
WEG68694.1,dengue virus type 2
QBP33510.1,dengue virus type 2
QTX92899.1,dengue virus type 2
WGH29393.1,dengue virus type 2
QZE60605.1,dengue virus type 2
YCU07708.1,dengue virus type 2
XPF60568.1,dengue virus type 2
WAB71362.1,dengue virus type 2
WML78294.1,dengue virus type 2
AFK65755.1,dengue virus type 2
WVN40768.1,dengue virus type 2
AUN35130.1,dengue virus type 2
WRW12931.1,dengue virus type 2
QGW05356.1,dengue virus type 2
WYF38815.1,dengue virus type 2
WBD86236.1,dengue virus type 2
QCH40786.1,dengue virus type 2
AQV12390.1,dengue virus type 2
ACN42737.1,dengue virus type 2
YBP09211.1,dengue virus type 2
ADV71218.1,dengue virus type 2
WZW36511.1,dengue virus type 2
XTL09863.1,dengue virus type 2
AQV12494.1,dengue virus type 2
YBW43946.1,dengue virus type 2
ACQ44535.1,dengue virus type 2
WDE20503.1,dengue virus type 2
WRW12905.1,dengue virus type 2
WRI67434.1,dengue virus type 2
QDG00703.1,dengue virus type 2
AHG06352.1,dengue virus type 2
XHC89059.1,dengue virus type 2
QFS19262.1,dengue virus type 2
WYF38835.1,dengue virus type 2
XRP78503.1,dengue virus type 2
WHT32721.1,dengue virus type 2
XTL09850.1,dengue virus type 2
ANC57600.1,dengue virus type 2
AYP74897.1,dengue virus type 2
ACL99119.1,dengue virus type 2
ACB29518.1,dengue virus type 2
WCZ55550.2,dengue virus type 2
WLD55677.1,dengue virus type 2
QTX93000.1,dengue virus type 2
WJZ47405.1,dengue virus type 2
XPF60602.1,dengue virus type 2
WGD00872.1,dengue virus type 2
ACY70798.1,dengue virus type 2
WCZ55389.2,dengue virus type 2
WGD00846.1,dengue virus type 2
XPF60552.1,dengue virus type 2
QFS19384.1,dengue virus type 2
ACA48824.1,dengue virus type 2
XTL09744.1,dengue virus type 2
WJZ47585.1,dengue virus type 2
QQW40707.1,dengue virus type 2
UEK75470.1,dengue virus type 2
ACA48962.1,dengue virus type 2
AXY94455.1,dengue virus type 2
QFS19449.1,dengue virus type 2
WYF38731.1,dengue virus type 2
WGD00931.1,dengue virus type 2
AEH59343.1,dengue virus type 2
WJZ47663.1,dengue virus type 2
QMT58625.1,dengue virus type 2
AYP74887.1,dengue virus type 2
WCZ55463.2,dengue virus type 2
ANS59170.1,dengue virus type 2
WLD55682.1,dengue virus type 2
XDT57256.1,dengue virus type 2
QDG00724.1,dengue virus type 2
WRW12907.1,dengue virus type 2
ABG29084.1,dengue virus type 2
WRW12978.1,dengue virus type 2
WLD55725.1,dengue virus type 2
WYF38779.1,dengue virus type 2
UXX51246.1,dengue virus type 2
AQV12514.1,dengue virus type 2
AKA55052.1,dengue virus type 2
YBG70348.1,dengue virus type 2
WVN40703.1,dengue virus type 2
CAR65150.1,dengue virus type 2
XPF60769.1,dengue virus type 2
QCZ24971.1,dengue virus type 2
QCZ24980.1,dengue virus type 2
BAX09289.1,dengue virus type 2
ACL99123.1,dengue virus type 2
QFS19290.1,dengue virus type 2
WXH71617.1,dengue virus type 2
XPF60580.1,dengue virus type 2
WBR50506.1,dengue virus type 2
QQW40704.1,dengue virus type 2
QFS19260.1,dengue virus type 2
WRW12888.1,dengue virus type 2
UJL05612.1,dengue virus type 2
QTX93058.1,dengue virus type 2
YBK92800.1,dengue virus type 2
ABO33333.1,dengue virus type 2
WCZ55437.2,dengue virus type 2
QBP33559.1,dengue virus type 2
QNL13662.1,dengue virus type 2
ACO06182.1,dengue virus type 2
WCZ55411.2,dengue virus type 2
WRW12869.1,dengue virus type 2
WDZ68239.1,dengue virus type 2
QQW40781.1,dengue virus type 2
WLD55654.1,dengue virus type 2
QFS19249.1,dengue virus type 2
AGX15377.1,dengue virus type 2
UKS50255.1,dengue virus type 2
WVN40736.1,dengue virus type 2
XPF60653.1,dengue virus type 2
XIF04144.1,dengue virus type 2
XPF60797.1,dengue virus type 2
AET43250.1,dengue virus type 2
AES93115.1,dengue virus type 2
XPF60610.1,dengue virus type 2
ACO06210.1,dengue virus type 2
XQV99728.1,dengue virus type 2
XPF60819.1,dengue virus type 2
WRI67460.1,dengue virus type 2
AYN79588.1,dengue virus type 2
ACO06135.1,dengue virus type 2
QHR82544.1,dengue virus type 2
XPF60798.1,dengue virus type 2
XXN76108.1,dengue virus type 2
YBG70343.1,dengue virus type 2
WCZ55380.2,dengue virus type 2
XPF60578.1,dengue virus type 2
AXY94485.1,dengue virus type 2
WYF38823.1,dengue virus type 2
UKS50251.1,dengue virus type 2
AGX15382.1,dengue virus type 2
WGD00924.1,dengue virus type 2
UNZ79669.1,dengue virus type 2
AQV12523.1,dengue virus type 2
ADK37521.1,dengue virus type 2
UOV35390.1,dengue virus type 2
ARO78359.1,dengue virus type 2
AKA54981.1,dengue virus type 2
ALI16136.1,dengue virus type 2
WDZ68242.1,dengue virus type 2
XPF60794.1,dengue virus type 2
WJZ47463.1,dengue virus type 2
WLD15674.1,dengue virus type 2
UYK60799.1,dengue virus type 2
QEI46448.1,dengue virus type 2
ACY70785.1,dengue virus type 2
ACQ44409.1,dengue virus type 2
QFS19296.1,dengue virus type 2
UXX51323.1,dengue virus type 2
XPF60744.1,dengue virus type 2
WJZ47644.1,dengue virus type 2
QCH40775.1,dengue virus type 2
YBL68308.1,dengue virus type 2
XPF60545.1,dengue virus type 2
CAR65158.1,dengue virus type 2
XPF60466.1,dengue virus type 2
WCZ55473.2,dengue virus type 2
WNO50239.1,dengue virus type 2
XTL09866.1,dengue virus type 2
WVN40734.1,dengue virus type 2
WHS04904.1,dengue virus type 2
XPF60394.1,dengue virus type 2
AXU25296.1,dengue virus type 2
WCZ55419.2,dengue virus type 2
AUN35127.1,dengue virus type 2
WGD00847.1,dengue virus type 2
AUZ41804.1,dengue virus type 2
WPO12942.1,dengue virus type 2
WPF60244.1,dengue virus type 2
QSV27726.1,dengue virus type 2
AHC72406.1,dengue virus type 2
WCZ55368.2,dengue virus type 2
AYP74891.1,dengue virus type 2
XPF60700.1,dengue virus type 2
XPF60870.1,dengue virus type 2
XPF60544.1,dengue virus type 2
YDE81661.1,dengue virus type 2
WJX08495.1,dengue virus type 2
WLD55581.1,dengue virus type 2
XPF60693.1,dengue virus type 2
WCZ55478.2,dengue virus type 2
WNJ63360.1,dengue virus type 2
QXY23103.1,dengue virus type 2
ANG57777.1,dengue virus type 2
WHS04911.1,dengue virus type 2
AIK23226.1,dengue virus type 2
QMT58634.1,dengue virus type 2
AGX15373.1,dengue virus type 2
XPF60465.1,dengue virus type 2
WVN40757.1,dengue virus type 2
UNO86139.1,dengue virus type 1
QTX93176.1,dengue virus type 2
AQV12433.1,dengue virus type 2
AAD32963.1,dengue virus type 2
QZE60598.1,dengue virus type 2
WJE97926.1,dengue virus type 2
XIF04135.1,dengue virus type 2
UXX51299.1,dengue virus type 2
QFS19406.1,dengue virus type 2
QMT58622.1,dengue virus type 2
AUN35137.1,dengue virus type 2
XVO18453.1,dengue virus type 2
XCI54603.1,dengue virus type 2
XCI54602.1,dengue virus type 2
WVV02231.1,dengue virus type 2
AXY94463.1,dengue virus type 2
QDG00725.1,dengue virus type 2
AWD38926.1,dengue virus type 2
AFM82485.1,dengue virus type 2
ACD13398.1,dengue virus type 2
QUU16653.1,dengue virus type 2
QFS19323.1,dengue virus type 2
XQH47509.1,dengue virus type 2
QDG00706.1,dengue virus type 2
QNL13579.1,dengue virus type 2
WZL58215.1,dengue virus type 2
XLY78369.1,dengue virus type 2
QQW40769.1,dengue virus type 2
XQS36757.1,dengue virus type 2
WLD15658.1,dengue virus type 2
XPF60651.1,dengue virus type 2
UKS50257.1,dengue virus type 2
UXX51298.1,dengue virus type 2
AQV12525.1,dengue virus type 2
XPF60710.1,dengue virus type 2
ULE38258.1,dengue virus type 2
QTX92928.1,dengue virus type 2
XTL09743.1,dengue virus type 2
ACN42699.1,dengue virus type 2
XPF60658.1,dengue virus type 2
WZW36485.1,dengue virus type 2
XHB72355.1,dengue virus type 2
YAB37924.1,dengue virus type 2
WGD00900.1,dengue virus type 2
QTX92992.1,dengue virus type 2
WJZ47333.1,dengue virus type 2
WWT51510.1,dengue virus type 2
WWZ43193.1,dengue virus type 2
ACS32008.1,dengue virus type 2
WYF38740.1,dengue virus type 2
ACY70827.1,dengue virus type 2
XPF60683.1,dengue virus type 2
QOW96381.1,dengue virus type 2
QTX92921.1,dengue virus type 2
XER78272.1,dengue virus type 2
WJZ47367.1,dengue virus type 2
WVN40723.1,dengue virus type 2
QPN97027.1,dengue virus type 2
ACK57805.1,dengue virus type 2
AEH59347.1,dengue virus type 2
ACQ44519.1,dengue virus type 2
WHT32722.1,dengue virus type 2
UYK60836.1,dengue virus type 2
QLH12626.1,dengue virus type 2
UDY72403.1,dengue virus type 2
QOW96392.1,dengue virus type 2
XHC89037.1,dengue virus type 2
WRW12925.1,dengue virus type 2
QQW40710.1,dengue virus type 2
QFS19350.1,dengue virus type 2
WYF38755.1,dengue virus type 2
ACA48870.1,dengue virus type 2
UEK75508.1,dengue virus type 2
ANS59172.1,dengue virus type 2
WZW36482.1,dengue virus type 2
QQW40742.1,dengue virus type 2
XQV99733.1,dengue virus type 2
XVO59923.1,dengue virus type 2
ACA48864.1,dengue virus type 2
QNL13631.1,dengue virus type 2
ACO06154.1,dengue virus type 2
XCI54581.1,dengue virus type 2
WJZ47647.1,dengue virus type 2
WLD55662.1,dengue virus type 2
QFS19388.1,dengue virus type 2
ARO78361.1,dengue virus type 2
XTL09848.1,dengue virus type 2
ACQ44532.1,dengue virus type 2
WRW12878.1,dengue virus type 2
QHE24287.1,dengue virus type 2
ACA49016.1,dengue virus type 2
WVV53638.1,dengue virus type 2
QFS19444.1,dengue virus type 2
ACD13421.1,dengue virus type 2
ACB87130.1,dengue virus type 2
QBK46796.1,dengue virus type 2
QFS19251.1,dengue virus type 2
ACK57802.1,dengue virus type 2
WFP46154.1,dengue virus type 2
XCI54575.1,dengue virus type 2
AQV12434.1,dengue virus type 2
ACD13345.1,dengue virus type 2
XMF56250.1,dengue virus type 2
WLD55728.1,dengue virus type 2
ACK57797.1,dengue virus type 2
AGN94882.1,dengue virus type 2
AHG23134.1,dengue virus type 2
QBP33563.1,dengue virus type 2
ACN54393.1,dengue virus type 2
XPF60673.1,dengue virus type 2
XTL09858.1,dengue virus type 2
ABR13877.1,dengue virus type 2
WGF24025.1,dengue virus type 2
ACA48817.1,dengue virus type 2
QTX92966.1,dengue virus type 2
XPF60343.1,dengue virus type 2
WYF38810.1,dengue virus type 2
WEL11942.1,dengue virus type 2
QTX92885.1,dengue virus type 2
ACY70846.1,dengue virus type 2
WJZ47426.1,dengue virus type 2
QTX92918.1,dengue virus type 2
WGD00883.1,dengue virus type 2
XPF60529.1,dengue virus type 2
WJE97917.1,dengue virus type 2
WRW12983.1,dengue virus type 2
XPF60657.1,dengue virus type 2
WVN40693.1,dengue virus type 2
QFS19430.1,dengue virus type 2
WVH32809.1,dengue virus type 2
ACA48867.1,dengue virus type 2
WNX97878.1,dengue virus type 2
ACO06181.1,dengue virus type 2
AXU25281.1,dengue virus type 2
WAP37914.1,dengue virus type 2
ACA48966.1,dengue virus type 2
ACA48908.1,dengue virus type 2
XRY74878.1,dengue virus type 2
UEK75513.1,dengue virus type 2
WDZ68236.1,dengue virus type 2
AHG06362.1,dengue virus type 2
WYF38751.1,dengue virus type 2
XDR01456.1,dengue virus type 2
XQH47510.1,dengue virus type 2
WZW36518.1,dengue virus type 2
WCZ55519.2,dengue virus type 2
XTL09873.1,dengue virus type 2
WJZ47565.1,dengue virus type 2
QRG47089.1,dengue virus type 2
WJZ47510.1,dengue virus type 2
ACB87129.1,dengue virus type 2
WCZ55358.2,dengue virus type 2
XPF60731.1,dengue virus type 2
ADK37486.1,dengue virus type 2
WFF71373.1,dengue virus type 2
XPF60892.1,dengue virus type 2
WYF38906.1,dengue virus type 2
QNL13592.1,dengue virus type 2
WZL58217.1,dengue virus type 2
WVN40678.1,dengue virus type 2
QQW40690.1,dengue virus type 2
XTL09753.1,dengue virus type 2
XPF60712.1,dengue virus type 2
XPF60341.1,dengue virus type 2
WCZ55516.2,dengue virus type 2
WLD55695.1,dengue virus type 2
XPF60553.1,dengue virus type 2
AXU25279.1,dengue virus type 2
WYF38855.1,dengue virus type 2
WVH32846.1,dengue virus type 2
WHT32719.1,dengue virus type 2
AST11592.1,dengue virus type 2
ACQ44516.1,dengue virus type 2
QRG47127.1,dengue virus type 2
ADV71215.1,dengue virus type 2
XPF60882.1,dengue virus type 2
WVV02169.1,dengue virus type 2
QDG00702.1,dengue virus type 2
AQV12431.1,dengue virus type 2
WJZ47449.1,dengue virus type 2
WJZ47646.1,dengue virus type 2
QQP29643.1,dengue virus type 2
YBP09233.1,dengue virus type 2
AKA55070.1,dengue virus type 2
XPF60821.1,dengue virus type 2
WLD15574.1,dengue virus type 2
ACD13413.1,dengue virus type 2
URK56736.1,dengue virus type 2
XTL09749.1,dengue virus type 2
WVV02179.1,dengue virus type 2
AYJ72764.1,dengue virus type 2
AUN35117.1,dengue virus type 2
QQW40779.1,dengue virus type 2
XQV99713.1,dengue virus type 2
WYF38817.1,dengue virus type 2
WGH29394.1,dengue virus type 2
WJZ47469.1,dengue virus type 2
QMT58626.1,dengue virus type 2
QFS19333.1,dengue virus type 2
QSV27722.1,dengue virus type 2
AIU39216.1,dengue virus type 2
YAA48915.1,dengue virus type 2
XQH47530.1,dengue virus type 2
QUD37240.1,dengue virus type 2
ACA48828.1,dengue virus type 2
WJJ08351.1,dengue virus type 2
QWZ14582.1,dengue virus type 2
WRW12992.1,dengue virus type 2
WJZ47605.1,dengue virus type 2
WRW12893.1,dengue virus type 2
USW91941.1,dengue virus type 2
QFS19389.1,dengue virus type 2
WVV02166.1,dengue virus type 2
XPF60572.1,dengue virus type 2
QFS19243.1,dengue virus type 2
WFF71383.1,dengue virus type 2
WCZ55501.2,dengue virus type 2
ACA49048.1,dengue virus type 2
WYF38789.1,dengue virus type 2
UBI73851.1,dengue virus type 2
XCM77330.1,dengue virus type 2
QEV86474.1,dengue virus type 2
ACB87136.1,dengue virus type 2
ACD13399.1,dengue virus type 2
ACD13327.1,dengue virus type 2
WJZ47551.1,dengue virus type 2
WVN40691.1,dengue virus type 2
QTX93107.1,dengue virus type 2
WVV02194.1,dengue virus type 2
QQW40672.1,dengue virus type 2
ACD13426.1,dengue virus type 2
ACA48992.1,dengue virus type 2
ACA48823.1,dengue virus type 2
YBW43944.1,dengue virus type 2
WGD00875.1,dengue virus type 2
ACQ44473.1,dengue virus type 2
QTX92963.1,dengue virus type 2
QNL13580.1,dengue virus type 2
QTX93124.1,dengue virus type 2
WYF38880.1,dengue virus type 2
WRW12952.1,dengue virus type 2
AYO90661.1,dengue virus type 2
QFS19272.1,dengue virus type 2
XPF60385.1,dengue virus type 2
BAJ05336.1,dengue virus type 2
QTX93051.1,dengue virus type 2
XPF60831.1,dengue virus type 2
WJZ47669.1,dengue virus type 2
QTX92983.1,dengue virus type 2
QTX92906.1,dengue virus type 2
WVV02181.1,dengue virus type 2
AHC72408.1,dengue virus type 2
QGW05378.1,dengue virus type 2
WZL58222.1,dengue virus type 2
AYN79581.1,dengue virus type 2
WJZ47572.1,dengue virus type 2
QTX92965.1,dengue virus type 2
QHE24297.1,dengue virus type 2
ACA58332.1,dengue virus type 2
XPF60560.1,dengue virus type 2
ACB29514.1,dengue virus type 2
YBP09217.1,dengue virus type 2
WEG68689.1,dengue virus type 2
AXY94473.1,dengue virus type 2
AUN35120.1,dengue virus type 2
UKS50252.1,dengue virus type 2
QTX93126.1,dengue virus type 2
URK56748.1,dengue virus type 2
XPF60695.1,dengue virus type 2
XTL09868.1,dengue virus type 2
ACD13401.1,dengue virus type 2
XLY78366.1,dengue virus type 2
WJZ47518.1,dengue virus type 2
ACA49007.1,dengue virus type 2
WJZ47505.1,dengue virus type 2
ABW06613.1,dengue virus type 2
QLH12622.1,dengue virus type 2
XDT57287.1,dengue virus type 2
XPF60765.1,dengue virus type 2
WLD15577.1,dengue virus type 2
QHR82538.1,dengue virus type 2
QQW40801.1,dengue virus type 2
XCM77329.1,dengue virus type 2
XPF60813.1,dengue virus type 2
XPF60614.1,dengue virus type 2
URK56770.1,dengue virus type 2
WJZ47436.1,dengue virus type 2
CAR65157.1,dengue virus type 2
WDE20502.1,dengue virus type 2
WHS26808.1,dengue virus type 2
XPF60625.1,dengue virus type 2
WVN40655.1,dengue virus type 2
WYF38739.1,dengue virus type 2
QQW40678.1,dengue virus type 2
WCZ55547.2,dengue virus type 2
ANS59178.1,dengue virus type 2
WME20554.1,dengue virus type 2
XPF60814.1,dengue virus type 2
QHR82503.1,dengue virus type 2
QNL13679.1,dengue virus type 2
ADK37491.1,dengue virus type 2
QTX93087.1,dengue virus type 2
QFS19355.1,dengue virus type 2
XPF60505.1,dengue virus type 2
YBP09237.1,dengue virus type 2
ARO84679.1,dengue virus type 2
ACJ04170.1,dengue virus type 2
WLD15669.1,dengue virus type 2
WLD55719.1,dengue virus type 2
XTL09828.1,dengue virus type 2
ACA48915.1,dengue virus type 2
WLD55721.1,dengue virus type 2
QPI70487.1,dengue virus type 2
QFS19450.1,dengue virus type 2
ACA48850.1,dengue virus type 2
ACD13349.1,dengue virus type 2
ACB29529.1,dengue virus type 2
YCR17171.1,dengue virus type 2
XUU11199.1,dengue virus type 2
XPF60494.1,dengue virus type 2
ACA48965.1,dengue virus type 2
ACL99223.1,dengue virus type 2
WNN20135.1,dengue virus type 2
ACA58337.1,dengue virus type 2
ACD13427.1,dengue virus type 2
URK56722.1,dengue virus type 2
XPF60674.1,dengue virus type 2
WVV02209.1,dengue virus type 2
WRW12910.1,dengue virus type 2
QFS19309.1,dengue virus type 2
AGN94881.1,dengue virus type 2
UXX51326.1,dengue virus type 2
XHC89049.1,dengue virus type 2
UDY72404.1,dengue virus type 2
ABG29085.1,dengue virus type 2
WPF59427.1,dengue virus type 2
QHE24288.1,dengue virus type 2
XQV99726.1,dengue virus type 2
WGD00903.1,dengue virus type 2
XTL09810.1,dengue virus type 2
ARO78358.1,dengue virus type 2
ACA48905.1,dengue virus type 2
QTX92990.1,dengue virus type 2
AQV12379.1,dengue virus type 2
WJZ47503.1,dengue virus type 2
WZW36520.1,dengue virus type 2
XPF60364.1,dengue virus type 2
WVV02170.1,dengue virus type 2
QGW05389.1,dengue virus type 2
XPF60793.1,dengue virus type 2
XPF60631.1,dengue virus type 2
WLD55601.1,dengue virus type 2
AYJ72780.1,dengue virus type 2
ACS32002.1,dengue virus type 2
QFS19464.1,dengue virus type 2
UEK75505.1,dengue virus type 2
QNL13569.1,dengue virus type 2
XPF60626.1,dengue virus type 2
XNK03653.1,dengue virus type 2
QNL13597.1,dengue virus type 2
WCZ55527.2,dengue virus type 2
QHE24292.1,dengue virus type 2
AQV12472.1,dengue virus type 2
XUU11202.1,dengue virus type 2
WRW12953.1,dengue virus type 2
QHI43238.1,dengue virus type 2
XPF60497.1,dengue virus type 2
XCM77328.1,dengue virus type 2
QTX93090.1,dengue virus type 2
XPF60462.1,dengue virus type 2
ANS59174.1,dengue virus type 2
ACY70823.1,dengue virus type 2
ACA48998.1,dengue virus type 2
XPF60822.1,dengue virus type 2
WYF38734.1,dengue virus type 2
WAP37909.1,dengue virus type 2
QDG00718.1,dengue virus type 2
ACA48857.1,dengue virus type 2
WBD86219.1,dengue virus type 2
WHU05354.1,dengue virus type 2
WLD55571.1,dengue virus type 2
QUD37234.1,dengue virus type 2
AEA50938.1,dengue virus type 2
ACB87124.1,dengue virus type 2
XDT57284.1,dengue virus type 2
WJZ47507.1,dengue virus type 2
WVN40744.1,dengue virus type 2
AXU25307.1,dengue virus type 2
XPF60844.1,dengue virus type 2
XCI54582.1,dengue virus type 2
ACA48996.1,dengue virus type 2
QUD37241.1,dengue virus type 2
ACH61686.1,dengue virus type 2
UEK75477.1,dengue virus type 2
ACA48841.1,dengue virus type 2
AXU25299.1,dengue virus type 2
QCZ24970.1,dengue virus type 2
WCZ55471.2,dengue virus type 2
QTX92941.1,dengue virus type 2
AYN79589.1,dengue virus type 2
WJZ47590.1,dengue virus type 2
QFS19274.1,dengue virus type 2
XPF60845.1,dengue virus type 2
XPF60482.1,dengue virus type 2
WWO67059.1,dengue virus type 2
XPF60616.1,dengue virus type 2
ACA49000.1,dengue virus type 2
WYF38741.1,dengue virus type 2
QQW40776.1,dengue virus type 2
ABW82016.1,dengue virus type 2
XPF60336.1,dengue virus type 2
XUU11192.1,dengue virus type 2
XPF60866.1,dengue virus type 2
WVV02203.1,dengue virus type 2
QBQ58388.1,dengue virus type 2
WME20548.1,dengue virus type 2
ANC57595.1,dengue virus type 2
WLD15667.1,dengue virus type 2
QQW40747.1,dengue virus type 2
WLD55618.1,dengue virus type 2
URK56754.1,dengue virus type 2
AQV12443.1,dengue virus type 2
ACN42734.1,dengue virus type 2
WFO14558.1,dengue virus type 2
AQV12511.1,dengue virus type 2
XQH47513.1,dengue virus type 2
QSV27708.1,dengue virus type 2
AES93100.1,dengue virus type 2
XUU11161.1,dengue virus type 2
XMF56237.1,dengue virus type 2
QHR82500.1,dengue virus type 2
ACK57798.1,dengue virus type 2
WVN40752.1,dengue virus type 2
QQW40787.1,dengue virus type 2
AAD18036.1,dengue virus type 2
QBH74346.1,dengue virus type 2
QDG00714.1,dengue virus type 2
WFO14574.1,dengue virus type 2
WGD00871.1,dengue virus type 2
WJZ47392.1,dengue virus type 2
WJE97945.1,dengue virus type 2
YCB08538.1,dengue virus type 2
AKA55055.1,dengue virus type 2
ACK57814.1,dengue virus type 2
QFS19352.1,dengue virus type 2
ACH99682.1,dengue virus type 2
AQV12462.1,dengue virus type 2
WLD55671.1,dengue virus type 2
WCZ55558.2,dengue virus type 2
WVV02232.1,dengue virus type 2
QST05080.1,dengue virus type 2
WLD55608.1,dengue virus type 2
QTX93119.1,dengue virus type 2
WVN40762.1,dengue virus type 2
XPF60403.1,dengue virus type 2
YAE67938.1,dengue virus type 2
UXX51289.1,dengue virus type 2
XPF60534.1,dengue virus type 2
WDE20508.1,dengue virus type 2
XUU11208.1,dengue virus type 2
QFS19396.1,dengue virus type 2
ABA61180.1,dengue virus type 2
QRG47132.1,dengue virus type 2
XPF60778.1,dengue virus type 2
AUN35131.1,dengue virus type 2
WZW36486.1,dengue virus type 2
QRG47115.1,dengue virus type 2
QDG00699.1,dengue virus type 2
WCZ55475.2,dengue virus type 2
QTX92886.1,dengue virus type 2
WME20557.1,dengue virus type 2
QFS19263.1,dengue virus type 2
AOE47561.1,dengue virus type 2
QNL13702.1,dengue virus type 2
WJZ47341.1,dengue virus type 2
QNL13683.1,dengue virus type 2
XPF60864.1,dengue virus type 2
UDY72394.1,dengue virus type 2
WGD00937.1,dengue virus type 2
ACW82937.1,dengue virus type 2
WYF38795.1,dengue virus type 2
WLD55617.1,dengue virus type 2
YDE81675.1,dengue virus type 2
XQS36762.1,dengue virus type 2
WHT32731.1,dengue virus type 2
WJZ47561.1,dengue virus type 2
QQP29622.1,dengue virus type 2
ACA49045.1,dengue virus type 2
WJZ47521.1,dengue virus type 2
XPF60839.1,dengue virus type 2
ARO84692.1,dengue virus type 2
UEK75476.1,dengue virus type 2
WLD55609.1,dengue virus type 2
AGX15369.1,dengue virus type 2
ACK57808.1,dengue virus type 2
ACA48929.1,dengue virus type 2
ABG29075.1,dengue virus type 2
AYJ72777.2,dengue virus type 2
UNO86140.1,dengue virus type 1
YDE81667.1,dengue virus type 2
WHS26794.1,dengue virus type 2
XPF60701.1,dengue virus type 2
XTL09775.1,dengue virus type 2
QTX92912.1,dengue virus type 2
QQW40718.1,dengue virus type 2
QNL13601.1,dengue virus type 2
WJZ47544.1,dengue virus type 2
XTL09798.1,dengue virus type 2
WFO14559.1,dengue virus type 2
WJZ47490.1,dengue virus type 2
YBG70333.1,dengue virus type 2
QTX93034.1,dengue virus type 2
WVN40769.1,dengue virus type 2
ACA48835.1,dengue virus type 2
ACD13317.1,dengue virus type 2
WNN20149.1,dengue virus type 2
URK56774.1,dengue virus type 2
QHI43222.1,dengue virus type 2
WYF38753.1,dengue virus type 2
QQW40724.1,dengue virus type 2
XTL09867.1,dengue virus type 2
XPF60498.1,dengue virus type 2
WCZ55567.2,dengue virus type 2
QNL13700.1,dengue virus type 2
ACW82881.1,dengue virus type 2
WYF38735.1,dengue virus type 2
WAB71364.1,dengue virus type 2
WRW12898.1,dengue virus type 2
AHG25312.1,dengue virus type 2
QFQ59597.1,dengue virus type 2
WJZ47420.1,dengue virus type 2
WVN40679.1,dengue virus type 2
WRW12982.1,dengue virus type 2
AKA54988.1,dengue virus type 2
WBD86228.1,dengue virus type 2
WGD00928.1,dengue virus type 2
AXY94464.1,dengue virus type 2
WJJ08355.1,dengue virus type 2
QUU16647.1,dengue virus type 2
QIS48860.1,dengue virus type 2
ACA48963.1,dengue virus type 2
AYJ72766.1,dengue virus type 2
XQV99721.1,dengue virus type 2
WJZ47452.1,dengue virus type 2
WRI67433.1,dengue virus type 2
QRG47091.1,dengue virus type 2
ACS32025.1,dengue virus type 2
WZW36504.1,dengue virus type 2
AWD38930.1,dengue virus type 2
WLD55600.1,dengue virus type 2
QBQ87237.1,dengue virus type 2
XPF60330.1,dengue virus type 2
UXX51303.1,dengue virus type 2
AOE47563.1,dengue virus type 2
XCF07980.1,dengue virus type 2
UXX51233.1,dengue virus type 2
UXX51321.1,dengue virus type 2
YBZ63789.1,dengue virus type 2
AUN35121.1,dengue virus type 2
AKA55046.1,dengue virus type 2
YAA48916.1,dengue virus type 2
WVN40737.1,dengue virus type 2
WBD86217.1,dengue virus type 2
WJE97920.1,dengue virus type 2
QIS48872.1,dengue virus type 2
ACJ04242.1,dengue virus type 2
ACA48964.1,dengue virus type 2
QCH40789.1,dengue virus type 2
QTX92987.1,dengue virus type 2
WJZ47514.1,dengue virus type 2
ARO84688.1,dengue virus type 2
AHI43753.1,dengue virus type 2
XPF60519.1,dengue virus type 2
QCH40779.1,dengue virus type 2
ACQ44537.1,dengue virus type 2
XCI54599.1,dengue virus type 2
YBZ63800.1,dengue virus type 2
WVQ30772.1,dengue virus type 2
XPF60469.1,dengue virus type 2
QST05076.1,dengue virus type 2
XTL09855.1,dengue virus type 2
QGW05355.1,dengue virus type 2
WAP37922.1,dengue virus type 2
AXB26601.1,dengue virus type 2
ACQ44526.1,dengue virus type 2
ACA48990.1,dengue virus type 2
ABG29078.1,dengue virus type 2
QNL13608.1,dengue virus type 2
UYK60834.1,dengue virus type 2
WOX58806.1,dengue virus type 2
WVV02168.1,dengue virus type 2
XUU11189.1,dengue virus type 2
WAW78543.1,dengue virus type 2
WAP37910.1,dengue virus type 2
QTX92979.1,dengue virus type 2
BBH51322.1,dengue virus type 2
WAU46417.1,dengue virus type 2
WYF38868.1,dengue virus type 2
QQW40792.1,dengue virus type 2
QTX93188.1,dengue virus type 2
WLD55708.1,dengue virus type 2
WHS26813.1,dengue virus type 2
XRY74891.1,dengue virus type 2
WEG68676.1,dengue virus type 2
XPF60757.1,dengue virus type 2
XPF60763.1,dengue virus type 2
AKA55069.1,dengue virus type 2
ACA49018.1,dengue virus type 2
QTX93200.1,dengue virus type 2
XTL09811.1,dengue virus type 2
ACA48854.1,dengue virus type 2
QQW40772.1,dengue virus type 2
WRW12883.1,dengue virus type 2
XCM77323.1,dengue virus type 2
USV27748.1,dengue virus type 2
QTX93221.1,dengue virus type 2
AXY94454.1,dengue virus type 2
WLD55689.1,dengue virus type 2
QNL13672.1,dengue virus type 2
YDE81665.1,dengue virus type 2
AXB26586.1,dengue virus type 2
ACD13397.1,dengue virus type 2
WCZ55420.2,dengue virus type 2
QTX92970.1,dengue virus type 2
WGD00940.1,dengue virus type 2
WVV02155.1,dengue virus type 2
QFS19288.1,dengue virus type 2
WCZ55557.2,dengue virus type 2
AXU25289.1,dengue virus type 2
ACA48988.1,dengue virus type 2
QFS19298.1,dengue virus type 2
AYN79591.1,dengue virus type 2
WJZ47622.1,dengue virus type 2
URK56768.1,dengue virus type 2
QFS19421.1,dengue virus type 2
QQW40705.1,dengue virus type 2
XIF04119.1,dengue virus type 2
XTL09787.1,dengue virus type 2
QFS19453.1,dengue virus type 2
XPF60355.1,dengue virus type 2
AQV12440.1,dengue virus type 2
QNL13656.1,dengue virus type 2
WCZ55438.2,dengue virus type 2
AKA55049.1,dengue virus type 2
WCZ55530.2,dengue virus type 2
ACA48815.1,dengue virus type 2
XTL09824.1,dengue virus type 2
QNL13593.1,dengue virus type 2
WRW12957.1,dengue virus type 2
QHR82518.1,dengue virus type 2
AXU25278.1,dengue virus type 2
QFS19422.1,dengue virus type 2
QQW40729.1,dengue virus type 2
WLD55746.1,dengue virus type 2
XDT57239.1,dengue virus type 2
WJZ47601.1,dengue virus type 2
QTX93025.1,dengue virus type 2
QCH40780.1,dengue virus type 2
WJZ47394.1,dengue virus type 2
XTL09816.1,dengue virus type 2
WYF38773.1,dengue virus type 2
WRW12976.1,dengue virus type 2
QCH40776.1,dengue virus type 2
WRW12942.1,dengue virus type 2
XPF60527.1,dengue virus type 2
AOE47565.1,dengue virus type 2
QGW05350.1,dengue virus type 2
WJE97927.1,dengue virus type 2
WCZ55511.2,dengue virus type 2
AUN35133.1,dengue virus type 2
WJZ47593.1,dengue virus type 2
WYF38730.1,dengue virus type 2
WRI67439.1,dengue virus type 2
AHG06339.1,dengue virus type 2
WJZ47525.1,dengue virus type 2
WCZ55517.2,dengue virus type 2
QST06879.1,dengue virus type 2
WDZ68244.1,dengue virus type 2
QTX92953.1,dengue virus type 2
ACQ44500.1,dengue virus type 2
QTX92913.1,dengue virus type 2
QFS19451.1,dengue virus type 2
QFS19316.1,dengue virus type 2
XPF60715.1,dengue virus type 2
QBP33556.1,dengue virus type 2
QTX93053.1,dengue virus type 2
ADK37515.1,dengue virus type 2
UEK75478.1,dengue virus type 2
XPF60605.1,dengue virus type 2
XCN40755.1,dengue virus type 2
WLD55726.1,dengue virus type 2
XPF60615.1,dengue virus type 2
QUD37236.1,dengue virus type 2
QQW40800.1,dengue virus type 2
XPF60879.1,dengue virus type 2
WJZ47354.1,dengue virus type 2
QTX93024.1,dengue virus type 2
WRW13016.1,dengue virus type 2
ARO84681.1,dengue virus type 2
WRI67454.1,dengue virus type 2
QZE60599.1,dengue virus type 2
WBD86247.1,dengue virus type 2
ACW82984.1,dengue virus type 2
ACO06212.1,dengue virus type 2
XUU11180.1,dengue virus type 2
AKA55065.1,dengue virus type 2
WHU05343.1,dengue virus type 2
AUZ41811.1,dengue virus type 2
ABG29076.1,dengue virus type 2
WGD00870.1,dengue virus type 2
WPF59426.1,dengue virus type 2
WYF38738.1,dengue virus type 2
XPF60513.1,dengue virus type 2
QGW05386.1,dengue virus type 2
XVO18454.1,dengue virus type 2
ARO84699.1,dengue virus type 2
ACK57809.1,dengue virus type 2
AHG23115.1,dengue virus type 2
WGF24018.1,dengue virus type 2
WYF38853.1,dengue virus type 2
WCZ55459.2,dengue virus type 2
WCZ55469.2,dengue virus type 2
WGF24022.1,dengue virus type 2
YDE81664.1,dengue virus type 2
QNL13661.1,dengue virus type 2
XTL09763.1,dengue virus type 2
AKA55034.1,dengue virus type 2
AQV12489.1,dengue virus type 2
QHR82526.1,dengue virus type 2
AAL96681.1,dengue virus type 2
WVN40755.1,dengue virus type 2
XQH47518.1,dengue virus type 2
QTX93138.1,dengue virus type 2
QQW40740.1,dengue virus type 2
XPF60830.1,dengue virus type 2
AQV12402.1,dengue virus type 2
QFS19431.1,dengue virus type 2
WJZ47358.1,dengue virus type 2
WJZ47425.1,dengue virus type 2
URK56771.1,dengue virus type 2
WRW13006.1,dengue virus type 2
ANC57602.1,dengue virus type 2
YAE67948.1,dengue virus type 2
AWD38934.1,dengue virus type 2
XIF04116.1,dengue virus type 2
WJE97921.1,dengue virus type 2
WYF38715.1,dengue virus type 2
WFO14576.1,dengue virus type 2
WVN40652.1,dengue virus type 2
UYK60811.1,dengue virus type 2
AKA55053.1,dengue virus type 2
QHR82507.1,dengue virus type 2
WCZ55449.2,dengue virus type 2
QEV86475.1,dengue virus type 2
QSV27715.1,dengue virus type 2
ACN42740.1,dengue virus type 2
QST06884.1,dengue virus type 2
YBG70355.1,dengue virus type 2
AYP74894.1,dengue virus type 2
WRI67455.1,dengue virus type 2
AQV12395.1,dengue virus type 2
AXU25295.1,dengue virus type 2
WCZ55442.2,dengue virus type 2
ADK37508.1,dengue virus type 2
WRW12945.1,dengue virus type 2
ACN42732.1,dengue virus type 2
QMT58629.1,dengue virus type 2
XCN40754.1,dengue virus type 2
XXL24484.1,dengue virus type 2
QQW40656.1,dengue virus type 2
AKA54987.1,dengue virus type 2
XPF60397.1,dengue virus type 2
ANC57593.1,dengue virus type 2
WEG68692.1,dengue virus type 2
XPF60576.1,dengue virus type 2
XCI54585.1,dengue virus type 2
YBP09208.1,dengue virus type 2
WJZ47454.1,dengue virus type 2
YBG70357.1,dengue virus type 2
QFS19330.1,dengue virus type 2
AXY94475.1,dengue virus type 2
CAD31751.1,dengue virus type 2
UXX51227.1,dengue virus type 2
WVH32811.1,dengue virus type 2
WRW12980.1,dengue virus type 2
QFS19433.1,dengue virus type 2
QNL13689.1,dengue virus type 2
WVV02221.1,dengue virus type 2
QNL13609.1,dengue virus type 2
XCM77326.1,dengue virus type 2
QQW40759.1,dengue virus type 2
QTX93062.1,dengue virus type 2
WYF38721.1,dengue virus type 2
WHS26801.1,dengue virus type 2
ACA49004.1,dengue virus type 2
AES93104.1,dengue virus type 2
WNN20147.1,dengue virus type 2
QFS19380.1,dengue virus type 2
WCZ55554.2,dengue virus type 2
AXY94445.1,dengue virus type 2
QQW40767.1,dengue virus type 2
ANC57594.1,dengue virus type 2
WYF38788.1,dengue virus type 2
QTX93218.1,dengue virus type 2
ARO84677.1,dengue virus type 2
WHS04909.1,dengue virus type 2
WYF38772.1,dengue virus type 2
QTX93029.1,dengue virus type 2
XAJ73963.1,dengue virus type 2
QHI43229.1,dengue virus type 2
AYE66920.1,dengue virus type 2
WPF60242.1,dengue virus type 2
WZW36479.1,dengue virus type 2
AYP74896.1,dengue virus type 2
ACW82919.1,dengue virus type 2
WHU05337.1,dengue virus type 2
WGH29388.1,dengue virus type 2
QTX93141.1,dengue virus type 2
ADK37484.1,dengue virus type 2
QOW96384.1,dengue virus type 2
XIF04117.1,dengue virus type 2
QTX93111.1,dengue virus type 2
YDE81652.1,dengue virus type 2
WLD15672.1,dengue virus type 2
XHB72353.1,dengue virus type 2
WNN20154.1,dengue virus type 2
WGD00929.1,dengue virus type 2
WDZ68246.1,dengue virus type 2
AHC72409.1,dengue virus type 2
BAX09290.1,dengue virus type 2
WLD55648.1,dengue virus type 2
WGF24020.1,dengue virus type 2
WBD86246.1,dengue virus type 2
XUM16038.1,dengue virus type 2
QTX92950.1,dengue virus type 2
XMG44655.1,dengue virus type 2
ABA61181.1,dengue virus type 2
XPF60931.1,dengue virus type 2
UJO73338.1,dengue virus type 2
ACQ44478.1,dengue virus type 2
XDT57268.1,dengue virus type 2
WJZ47600.1,dengue virus type 2
XPF60660.1,dengue virus type 2
WWO67090.1,dengue virus type 2
BAH86604.1,dengue virus type 2
ABW74619.1,dengue virus type 2
WVU22885.1,dengue virus type 2
QNJ99450.1,dengue virus type 2
XTL09806.1,dengue virus type 2
XPF60429.1,dengue virus type 2
QNL13648.1,dengue virus type 2
WVQ30771.1,dengue virus type 2
QMT58630.1,dengue virus type 2
XMF56247.1,dengue virus type 2
WYF38727.1,dengue virus type 2
ACW82982.1,dengue virus type 2
WZW36493.1,dengue virus type 2
AEB66123.1,dengue virus type 2
WZW36491.1,dengue virus type 2
UOV35393.1,dengue virus type 2
XPF60536.1,dengue virus type 2
ACD13433.1,dengue virus type 2
YCR17167.1,dengue virus type 2
XXL24480.1,dengue virus type 2
XPF60606.1,dengue virus type 2
WYF38876.1,dengue virus type 2
QTX93070.1,dengue virus type 2
QTX92903.1,dengue virus type 2
XPF60836.1,dengue virus type 2
ACD13430.1,dengue virus type 2
WLD55750.1,dengue virus type 2
WLD15671.1,dengue virus type 2
ADK37527.1,dengue virus type 2
XMF56257.1,dengue virus type 2
WWT51507.1,dengue virus type 2
QGW05354.1,dengue virus type 2
ACA48913.1,dengue virus type 2
XPF60383.1,dengue virus type 2
QRG47130.1,dengue virus type 2
CAR65134.1,dengue virus type 2
QEV86476.1,dengue virus type 2
YBG70356.1,dengue virus type 2
WMJ64415.1,dengue virus type 2
UEK75479.1,dengue virus type 2
WJZ47523.1,dengue virus type 2
AAF29153.1,dengue virus type 2
ARO78360.1,dengue virus type 2
XHC89061.1,dengue virus type 2
UYK60833.1,dengue virus type 2
UXX51229.1,dengue virus type 2
URK56769.1,dengue virus type 2
WJZ47520.1,dengue virus type 2
WXH71619.1,dengue virus type 2
WLD55685.1,dengue virus type 2
WNJ63343.1,dengue virus type 2
WJE97909.1,dengue virus type 2
WJZ47334.1,dengue virus type 2
UEK75489.1,dengue virus type 2
XPF60906.1,dengue virus type 2
XDT57242.1,dengue virus type 2
AQV12482.1,dengue virus type 2
AQV12480.1,dengue virus type 2
WLD55592.1,dengue virus type 2
WBD86235.1,dengue virus type 2
WRI67453.1,dengue virus type 2
URK56763.1,dengue virus type 2
WRW12975.1,dengue virus type 2
ARO78356.1,dengue virus type 2
ACA49027.1,dengue virus type 2
WVN40695.1,dengue virus type 2
QFS19432.1,dengue virus type 2
QTX93056.1,dengue virus type 2
UXX51295.1,dengue virus type 2
QGQ59352.1,dengue virus type 2
QTX93018.1,dengue virus type 2
ACA48812.1,dengue virus type 2
WJZ47654.1,dengue virus type 2
WRW12944.1,dengue virus type 2
WCZ55441.2,dengue virus type 2
QHR82535.1,dengue virus type 2
ADA60786.1,dengue virus type 2
ACL99121.1,dengue virus type 2
XNK03657.1,dengue virus type 2
UOV35392.1,dengue virus type 2
WJZ47478.1,dengue virus type 2
AQV12492.1,dengue virus type 2
WWP73926.1,dengue virus type 2
WCZ55403.2,dengue virus type 2
WER06548.1,dengue virus type 2
XHC89051.1,dengue virus type 2
ARO84684.1,dengue virus type 2
UEK75493.1,dengue virus type 2
XRP78502.1,dengue virus type 2
WYA80442.1,dengue virus type 2
XPF60871.1,dengue virus type 2
URK56738.1,dengue virus type 2
ACW82955.1,dengue virus type 2
UXX51311.1,dengue virus type 2
ACN42681.1,dengue virus type 2
AKA55009.1,dengue virus type 2
AHG23131.1,dengue virus type 2
ACD13316.1,dengue virus type 2
ACA49008.1,dengue virus type 2
XQV99722.1,dengue virus type 2
WJZ47570.1,dengue virus type 2
QQW40763.1,dengue virus type 2
WVN40728.1,dengue virus type 2
XHB72358.1,dengue virus type 2
WQE65108.1,dengue virus type 2
WJZ47387.1,dengue virus type 2
AKA55027.1,dengue virus type 2
ACK57799.1,dengue virus type 2
WVV02160.1,dengue virus type 2
ACQ44471.1,dengue virus type 2
ACN42684.1,dengue virus type 2
XIF04143.1,dengue virus type 2
AGN94885.1,dengue virus type 2
QFS19324.1,dengue virus type 2
XPF60444.1,dengue virus type 2
AUN35136.1,dengue virus type 2
WVV02216.1,dengue virus type 2
XPF60557.1,dengue virus type 2
WZW36510.1,dengue virus type 2
XPF60905.1,dengue virus type 2
CAR65138.1,dengue virus type 2
YBG70362.1,dengue virus type 2
WCZ55367.2,dengue virus type 2
WYF38709.1,dengue virus type 2
ACA49041.1,dengue virus type 2
ACA48904.1,dengue virus type 2
ACQ44315.1,dengue virus type 2
WLD15652.1,dengue virus type 2
AHG23140.1,dengue virus type 2
ADZ13195.1,dengue virus type 2
WLD55638.1,dengue virus type 2
QGQ59365.1,dengue virus type 2
AYP74882.1,dengue virus type 2
WRW12874.1,dengue virus type 2
XPF60725.1,dengue virus type 2
QFS19413.1,dengue virus type 2
XQH47519.1,dengue virus type 2
XPF60432.1,dengue virus type 2
XTL09746.1,dengue virus type 2
UXX51300.1,dengue virus type 2
QSV27705.1,dengue virus type 2
WGD00864.1,dengue virus type 2
QBP33555.1,dengue virus type 2
QTX93232.1,dengue virus type 2
XPF60490.1,dengue virus type 2
XPF60338.1,dengue virus type 2
WIW57899.1,dengue virus type 2
ANS59167.1,dengue virus type 2
WRW13007.1,dengue virus type 2
XPF60649.1,dengue virus type 2
UXX51238.1,dengue virus type 2
QTX92930.1,dengue virus type 2
XPF60333.1,dengue virus type 2
QFS19426.1,dengue virus type 2
ULC42502.1,dengue virus type 2
XPF60932.1,dengue virus type 2
QFS19360.1,dengue virus type 2
WNN20151.1,dengue virus type 2
WCZ55540.2,dengue virus type 2
WJX08496.1,dengue virus type 2
AIK23225.1,dengue virus type 2
WEY37043.1,dengue virus type 2
XPF60687.1,dengue virus type 2
XPF60841.1,dengue virus type 2
AYJ72778.1,dengue virus type 2
URK56747.1,dengue virus type 2
XHC89053.1,dengue virus type 2
WZW36470.1,dengue virus type 2
AOE47560.1,dengue virus type 2
XUU11179.1,dengue virus type 2
UXX51286.1,dengue virus type 2
AQV12429.1,dengue virus type 2
WEY37042.1,dengue virus type 2
YCB08536.1,dengue virus type 2
QFS19293.1,dengue virus type 2
XTL09745.1,dengue virus type 2
QQW40745.1,dengue virus type 2
ACA48816.1,dengue virus type 2
WGD00884.1,dengue virus type 2
QBP33557.1,dengue virus type 2
WJZ47488.1,dengue virus type 2
XLY78363.1,dengue virus type 2
WJE97932.1,dengue virus type 2
WJZ47472.1,dengue virus type 2
AYJ72767.1,dengue virus type 2
WXH71618.1,dengue virus type 2
QNL13639.1,dengue virus type 2
ACA48942.1,dengue virus type 2
XTL09862.1,dengue virus type 2
WNO50241.1,dengue virus type 2
XPF60736.1,dengue virus type 2
AKA55033.1,dengue virus type 2
ACS32023.1,dengue virus type 2
QHR82549.1,dengue virus type 2
AWD38933.1,dengue virus type 2
URK56739.1,dengue virus type 2
WEY36500.1,dengue virus type 2
AQV12416.1,dengue virus type 2
UCQ65253.1,dengue virus type 2
WYF38719.1,dengue virus type 2
WRW12918.1,dengue virus type 2
WCZ55548.2,dengue virus type 2
AYN79585.1,dengue virus type 2
QTX92926.1,dengue virus type 2
XMG44654.1,dengue virus type 2
QTX92079.1,dengue virus type 2
QCH40792.1,dengue virus type 2
QHI43224.1,dengue virus type 2
QTX93113.1,dengue virus type 2
QBQ58387.1,dengue virus type 2
ANS59169.1,dengue virus type 2
XPF60685.1,dengue virus type 2
ACQ44474.1,dengue virus type 2
AXU25303.1,dengue virus type 2
AAD32957.1,dengue virus type 2
QQW40798.1,dengue virus type 2
UZJ81459.1,dengue virus type 2
AVH78239.1,dengue virus type 2
AQV12391.1,dengue virus type 2
WJZ47479.1,dengue virus type 2
WYF38758.1,dengue virus type 2
ADU76198.1,dengue virus type 2
QTX93002.1,dengue virus type 2
XPF60512.1,dengue virus type 2
ACW82890.1,dengue virus type 2
QTX92907.1,dengue virus type 2
WCZ55464.2,dengue virus type 2
XUM16043.1,dengue virus type 2
WRW12996.1,dengue virus type 2
UXX51316.1,dengue virus type 2
XPF60447.1,dengue virus type 2
WLD15681.1,dengue virus type 2
ACA48991.1,dengue virus type 2
QNL13657.1,dengue virus type 2
ACA48907.1,dengue virus type 2
WEG68691.1,dengue virus type 2
YBG23188.1,dengue virus type 2
WVV02190.1,dengue virus type 2
AGX15388.1,dengue virus type 2
XPF60894.1,dengue virus type 2
QTX93201.1,dengue virus type 2
XPF60472.1,dengue virus type 2
XPF60746.1,dengue virus type 2
WLD55590.1,dengue virus type 2
AQV12504.1,dengue virus type 2
WCZ55474.2,dengue virus type 2
AUZ41803.1,dengue virus type 2
XPF60440.1,dengue virus type 2
WRW12902.1,dengue virus type 2
AHG06358.1,dengue virus type 2
WRW13301.1,dengue virus type 2
WRI67442.1,dengue virus type 2
AES93102.1,dengue virus type 2
ACK57803.1,dengue virus type 2
UXX51261.1,dengue virus type 2
QGW05381.1,dengue virus type 2
ACL99215.1,dengue virus type 2
QWZ14583.1,dengue virus type 2
WFO14561.1,dengue virus type 2
WRI67430.1,dengue virus type 2
WJZ47610.1,dengue virus type 2
QLH12625.1,dengue virus type 2
QRG47113.1,dengue virus type 2
WJZ47371.1,dengue virus type 2
QNL13716.1,dengue virus type 2
WCZ55545.2,dengue virus type 2
WRW12908.1,dengue virus type 2
QHI43225.1,dengue virus type 2
WRW12929.1,dengue virus type 2
WCZ55429.2,dengue virus type 2
XNK03649.1,dengue virus type 2
QFS19371.1,dengue virus type 2
WME20546.1,dengue virus type 2
WCZ55513.2,dengue virus type 2
QFS19458.1,dengue virus type 2
WJZ47548.1,dengue virus type 2
WRI67437.1,dengue virus type 2
WRW13015.1,dengue virus type 2
WRI67445.1,dengue virus type 2
WEG68675.1,dengue virus type 2
QTX93147.1,dengue virus type 2
AYP74871.1,dengue virus type 2
QDG00715.1,dengue virus type 2
WCZ55485.2,dengue virus type 2
XQH47517.1,dengue virus type 2
ACW82869.1,dengue virus type 2
QFS19338.1,dengue virus type 2
YAJ45122.1,dengue virus type 2
UYK60823.1,dengue virus type 2
QTX93219.1,dengue virus type 2
ABO33330.1,dengue virus type 2
WRI67441.1,dengue virus type 2
WYF38771.1,dengue virus type 2
XPF60617.1,dengue virus type 2
WYF38707.1,dengue virus type 2
WJZ47424.1,dengue virus type 2
AXU25301.1,dengue virus type 2
XTL09822.1,dengue virus type 2
QFS19252.1,dengue virus type 2
YEO36744.1,dengue virus type 2
YDE81678.1,dengue virus type 2
WJZ47638.1,dengue virus type 2
WCZ55562.2,dengue virus type 2
YBW43100.1,dengue virus type 2
XPF60561.1,dengue virus type 2
AAF29148.1,dengue virus type 2
WGH29396.1,dengue virus type 2
UJO73337.1,dengue virus type 2
WDZ68232.1,dengue virus type 2
WFO14567.1,dengue virus type 2
QTX93016.1,dengue virus type 2
ACD13409.1,dengue virus type 2
AES93108.1,dengue virus type 2
QBK56835.1,dengue virus type 2
XTL09764.1,dengue virus type 2
QMT58627.1,dengue virus type 2
AKA54992.1,dengue virus type 2
WYF38847.1,dengue virus type 2
WHT32746.1,dengue virus type 2
WMJ64416.1,dengue virus type 2
ACQ44491.1,dengue virus type 2
XPF60559.1,dengue virus type 2
WGH29395.1,dengue virus type 2
CAR65151.1,dengue virus type 2
ANS59181.1,dengue virus type 2
QXY23100.1,dengue virus type 2
QQW40686.1,dengue virus type 2
WJZ47340.1,dengue virus type 2
XUU11182.1,dengue virus type 2
WZW36481.1,dengue virus type 2
XKT99716.1,dengue virus type 2
AQV12417.1,dengue virus type 2
XUU11171.1,dengue virus type 2
AES93114.1,dengue virus type 2
QWZ14580.1,dengue virus type 2
WYF38757.1,dengue virus type 2
WCZ55571.2,dengue virus type 2
XTL09837.1,dengue virus type 2
XCI54604.1,dengue virus type 2
WVW36848.1,dengue virus type 2
AOE47564.1,dengue virus type 2
ACA48926.1,dengue virus type 2
ADK26428.1,dengue virus type 2
WYF38873.1,dengue virus type 2
WCZ55447.2,dengue virus type 2
XDE79238.1,dengue virus type 2
WJZ47320.1,dengue virus type 2
WCZ55457.2,dengue virus type 2
ACK57807.1,dengue virus type 2
WYF38829.1,dengue virus type 2
ANC57597.1,dengue virus type 2
QFS19456.1,dengue virus type 2
WRW12897.1,dengue virus type 2
UEK75503.1,dengue virus type 2
XPF60411.1,dengue virus type 2
WEG68698.1,dengue virus type 2
QXY23102.1,dengue virus type 2
ACA48711.1,dengue virus type 2
QOW96391.1,dengue virus type 2
UXX51291.1,dengue virus type 2
QRG47122.1,dengue virus type 2
WHS04903.1,dengue virus type 2
ACQ44488.1,dengue virus type 2
ACY70783.1,dengue virus type 2
ARO84675.1,dengue virus type 2
WYF38793.1,dengue virus type 2
WJZ47611.1,dengue virus type 2
XJO99446.1,dengue virus type 2
WHS04907.1,dengue virus type 2
XAJ73961.1,dengue virus type 2
WYF38787.1,dengue virus type 2
XYL12303.1,dengue virus type 2
QFS19379.1,dengue virus type 2
ACL98981.1,dengue virus type 2
AKQ00020.1,dengue virus type 2
ACI15878.1,dengue virus type 2
WCZ55496.2,dengue virus type 2
XCN40745.1,dengue virus type 2
WJZ47627.1,dengue virus type 2
QFS19340.1,dengue virus type 2
WCZ55472.2,dengue virus type 2
WLD55625.1,dengue virus type 2
XPF60624.1,dengue virus type 2
WCZ55452.2,dengue virus type 2
ACD13353.1,dengue virus type 2
UXX51315.1,dengue virus type 2
QQW40809.1,dengue virus type 2
QHR82533.1,dengue virus type 2
USU98802.1,dengue virus type 2
ACH61764.1,dengue virus type 2
UXX51305.1,dengue virus type 2
WNN20140.1,dengue virus type 2
WJZ47562.1,dengue virus type 2
QST06876.1,dengue virus type 2
QTX93114.1,dengue virus type 2
QMT58631.1,dengue virus type 2
CAR65166.2,dengue virus type 2
WJE97935.1,dengue virus type 2
UNZ79667.1,dengue virus type 2
USV23802.1,dengue virus type 2
XPF60479.1,dengue virus type 2
CAR65143.1,dengue virus type 2
ACL99235.1,dengue virus type 2
XTL09838.1,dengue virus type 2
XQV99725.1,dengue virus type 2
WJZ47543.1,dengue virus type 2
WCZ55539.2,dengue virus type 2
XPF60468.1,dengue virus type 2
QTX93134.1,dengue virus type 2
WAL91248.1,dengue virus type 2
WRI67457.1,dengue virus type 2
WYF38814.1,dengue virus type 2
WQE65101.1,dengue virus type 2
AAD32955.1,dengue virus type 2
QTX93085.1,dengue virus type 2
XQH47527.1,dengue virus type 2
WYF38857.1,dengue virus type 2
WME20550.1,dengue virus type 2
XPF60436.1,dengue virus type 2
AHG06344.1,dengue virus type 2
YBZ63798.1,dengue virus type 2
QQW40755.1,dengue virus type 2
YBG70360.1,dengue virus type 2
WCZ55433.2,dengue virus type 2
AKA55029.1,dengue virus type 2
UYK60800.1,dengue virus type 2
QGW05391.1,dengue virus type 2
XMF56230.1,dengue virus type 2
ACK57800.1,dengue virus type 2
UVK35474.1,dengue virus type 2
ACJ04265.1,dengue virus type 2
ADK37476.1,dengue virus type 2
AQV12447.1,dengue virus type 2
QUD37233.1,dengue virus type 2
WWT51509.1,dengue virus type 2
WGH29392.1,dengue virus type 2
AHC72407.1,dengue virus type 2
UWM25501.1,dengue virus type 2
QNL13621.1,dengue virus type 2
WAX27062.1,dengue virus type 2
WLD55583.1,dengue virus type 2
WJZ47591.1,dengue virus type 2
QFS19442.1,dengue virus type 2
QIS48868.1,dengue virus type 2
QOW96387.1,dengue virus type 2
XXL24469.1,dengue virus type 2
QFS19279.1,dengue virus type 2
WRW12950.1,dengue virus type 2
QQW40653.1,dengue virus type 2
AKA55074.1,dengue virus type 2
WFF71379.1,dengue virus type 2
QTX93156.1,dengue virus type 2
AHG06353.1,dengue virus type 2
WJZ47346.1,dengue virus type 2
ACL99221.1,dengue virus type 2
XPF60530.1,dengue virus type 2
ACA49010.1,dengue virus type 2
ACA48900.1,dengue virus type 2
UXX51302.1,dengue virus type 2
QTX93166.1,dengue virus type 2
QTX93038.1,dengue virus type 2
QTX93031.1,dengue virus type 2
WCZ55522.2,dengue virus type 2
XTL09751.1,dengue virus type 2
ACI15877.1,dengue virus type 2
XIF04120.1,dengue virus type 2
WJZ47322.1,dengue virus type 2
AGO67249.1,dengue virus type 2
UNO86142.1,dengue virus type 1
QGW05348.1,dengue virus type 2
ABG29080.1,dengue virus type 2
XPF60663.1,dengue virus type 2
WJZ47328.1,dengue virus type 2
WJZ47397.1,dengue virus type 2
AAK49562.1,dengue virus type 2
ACA49039.1,dengue virus type 2
AQV12381.1,dengue virus type 2
WZW36522.1,dengue virus type 2
QFS19356.1,dengue virus type 2
WVN40716.1,dengue virus type 2
QTX93136.1,dengue virus type 2
XUU11195.1,dengue virus type 2
QNL13643.1,dengue virus type 2
XPF60644.1,dengue virus type 2
XUU11172.1,dengue virus type 2
ACO06156.1,dengue virus type 2
ACL99216.1,dengue virus type 2
AKA55060.1,dengue virus type 2
XPF60640.1,dengue virus type 2
WPF59428.1,dengue virus type 2
YCB08533.1,dengue virus type 2
ACW82911.1,dengue virus type 2
ACE63543.1,dengue virus type 2
XPF60895.1,dengue virus type 2
ACA48892.1,dengue virus type 2
YCB08534.1,dengue virus type 2
YEO36742.1,dengue virus type 2
WJZ47386.1,dengue virus type 2
WLD55703.1,dengue virus type 2
ACY70826.1,dengue virus type 2
XPF60475.1,dengue virus type 2
XUU11169.1,dengue virus type 2
APW84878.1,dengue virus type 2
WKC20957.1,dengue virus type 2
WWZ34072.1,dengue virus type 2
ACA48955.1,dengue virus type 2
WDE20505.1,dengue virus type 2
AGN94883.1,dengue virus type 2
XMF56231.1,dengue virus type 2
ACL99120.1,dengue virus type 2
WGD00932.1,dengue virus type 2
XQC66197.1,dengue virus type 2
AUN35134.1,dengue virus type 2
AQV12415.1,dengue virus type 2
UDY72400.1,dengue virus type 2
QQP29635.1,dengue virus type 2
WME20555.1,dengue virus type 2
WCZ55365.2,dengue virus type 2
AEA50940.1,dengue virus type 2
AFV95787.1,dengue virus type 2
UEK75484.1,dengue virus type 2
XQV99735.1,dengue virus type 2
XPF60449.1,dengue virus type 2
WJZ47415.1,dengue virus type 2
WRW12986.1,dengue virus type 2
AXY40350.1,dengue virus type 2
AWD38923.1,dengue virus type 2
ACA49005.1,dengue virus type 2
ACL99117.1,dengue virus type 2
XTL09792.1,dengue virus type 2
UNO86141.1,dengue virus type 1
UXX51312.1,dengue virus type 2
UCQ65250.1,dengue virus type 2
AQV12488.1,dengue virus type 2
URK56751.1,dengue virus type 2
AYJ72761.1,dengue virus type 2
XPF60828.1,dengue virus type 2
WRW12901.1,dengue virus type 2
ACN42690.1,dengue virus type 2
QNQ32032.1,dengue virus type 2
QQW40793.1,dengue virus type 2
UKS50258.1,dengue virus type 2
ACO06158.1,dengue virus type 2
QTX92996.1,dengue virus type 2
UXX51228.1,dengue virus type 2
WJZ47418.1,dengue virus type 2
QTX93030.1,dengue virus type 2
WJZ47592.1,dengue virus type 2
QHI43230.1,dengue virus type 2
XTL09780.1,dengue virus type 2
WJZ47530.1,dengue virus type 2
ACA49046.1,dengue virus type 2
AKA54990.1,dengue virus type 2
WGD00917.1,dengue virus type 2
QTX93168.1,dengue virus type 2
QNQ32211.1,dengue virus type 2
WZW36528.1,dengue virus type 2
WCZ55360.2,dengue virus type 2
QTX92914.1,dengue virus type 2
CAR65153.1,dengue virus type 2
XQS36758.1,dengue virus type 2
WYF38861.1,dengue virus type 2
WCZ55499.2,dengue virus type 2
XTL09857.1,dengue virus type 2
AAW31410.1,dengue virus type 2
ACB29521.1,dengue virus type 2
WYF38860.1,dengue virus type 2
QTX93227.1,dengue virus type 2
QTX92915.1,dengue virus type 2
WVV02159.1,dengue virus type 2
AQV12418.1,dengue virus type 2
YBP09218.1,dengue virus type 2
XNK03647.1,dengue virus type 2
XPF60345.1,dengue virus type 2
QTX92927.1,dengue virus type 2
WJZ47317.1,dengue virus type 2
QTX93228.1,dengue virus type 2
WLD15656.1,dengue virus type 2
UYK60808.1,dengue virus type 2
WDZ68248.1,dengue virus type 2
QTX92969.1,dengue virus type 2
ACY70796.1,dengue virus type 2
XPF60435.1,dengue virus type 2
XQH47521.1,dengue virus type 2
WAP37912.1,dengue virus type 2
XTL09860.1,dengue virus type 2
WXH71616.1,dengue virus type 2
QCH40784.1,dengue virus type 2
AYN79594.1,dengue virus type 2
QGW05374.1,dengue virus type 2
WRW12917.1,dengue virus type 2
QTX93158.1,dengue virus type 2
QTX93179.1,dengue virus type 2
WJZ47513.1,dengue virus type 2
ADK37526.1,dengue virus type 2
WNJ63362.1,dengue virus type 2
QFS19420.1,dengue virus type 2
XPF60418.1,dengue virus type 2
AEH59341.1,dengue virus type 2
WRI67427.1,dengue virus type 2
ACB29507.1,dengue virus type 2
AGK36295.1,dengue virus type 2
ACA48912.1,dengue virus type 2
ACY70795.1,dengue virus type 2
WDE20509.1,dengue virus type 2
WCZ55533.2,dengue virus type 2
WVV02153.1,dengue virus type 2
AQV12422.1,dengue virus type 2
AAC40836.1,dengue virus type 2
ACD13324.1,dengue virus type 2
WPO12946.1,dengue virus type 2
WCZ55454.2,dengue virus type 2
QNQ15870.1,dengue virus type 2
WGF24017.1,dengue virus type 2
XPF60414.1,dengue virus type 2
UST14546.1,dengue virus type 2
WVN40759.1,dengue virus type 2
WJZ47499.1,dengue virus type 2
UXX51240.1,dengue virus type 2
QTX92978.1,dengue virus type 2
QNL13595.1,dengue virus type 2
XQC66196.1,dengue virus type 2
QGW05372.1,dengue virus type 2
ACN54392.1,dengue virus type 2
WYF38716.1,dengue virus type 2
XPF60464.1,dengue virus type 2
QDG00704.1,dengue virus type 2
ACA48868.1,dengue virus type 2
WEG68699.1,dengue virus type 2
ACA48856.1,dengue virus type 2
QTX93202.1,dengue virus type 2
WEG68685.1,dengue virus type 2
ACL99219.1,dengue virus type 2
QTX93001.1,dengue virus type 2
ACA48889.1,dengue virus type 2
QFQ59599.1,dengue virus type 2
QHR82512.1,dengue virus type 2
QTX92964.1,dengue virus type 2
ACL99152.1,dengue virus type 2
QWZ14584.1,dengue virus type 2
WYF38869.1,dengue virus type 2
WNO50253.1,dengue virus type 2
WJZ47393.1,dengue virus type 2
YBZ63781.1,dengue virus type 2
ACW82909.1,dengue virus type 2
WJZ47651.1,dengue virus type 2
QRG47116.1,dengue virus type 2
AAA73186.1,dengue virus type 2
WEG68670.1,dengue virus type 2
WRW12973.1,dengue virus type 2
WCZ55374.2,dengue virus type 2
QFS19269.1,dengue virus type 2
QNL13685.1,dengue virus type 2
UXX51256.1,dengue virus type 2
WNN20150.1,dengue virus type 2
WEG68700.1,dengue virus type 2
WGH29397.1,dengue virus type 2
WBD86238.1,dengue virus type 2
QDG00728.1,dengue virus type 2
WJZ47363.1,dengue virus type 2
WVV02178.1,dengue virus type 2
XTL09807.1,dengue virus type 2
WCZ55436.2,dengue virus type 2
QQW40777.1,dengue virus type 2
QQW40728.1,dengue virus type 2
WJZ47664.1,dengue virus type 2
QTX92908.1,dengue virus type 2
WJZ47526.1,dengue virus type 2
QQP29636.1,dengue virus type 2
WEG68673.1,dengue virus type 2
QTX93192.1,dengue virus type 2
ACJ04176.1,dengue virus type 2
AAK67712.1,dengue virus type 2
WHS26803.1,dengue virus type 2
AHG23163.1,dengue virus type 2
QOW96390.1,dengue virus type 2
YAB37919.1,dengue virus type 2
WEU54305.1,dengue virus type 2
QGW05371.1,dengue virus type 2
XHC89038.1,dengue virus type 2
WHT32740.1,dengue virus type 2
XPF60888.1,dengue virus type 2
ACN42708.1,dengue virus type 2
QBH74345.1,dengue virus type 2
ACH61771.1,dengue virus type 2
WAX27063.1,dengue virus type 2
QNL13587.1,dengue virus type 2
WJZ47353.1,dengue virus type 2
XUU11164.1,dengue virus type 2
XPF60328.1,dengue virus type 2
YCR17172.1,dengue virus type 2
QIS48862.1,dengue virus type 2
QNL13687.1,dengue virus type 2
WVV02188.1,dengue virus type 2
WCZ55424.2,dengue virus type 2
WJZ47384.1,dengue virus type 2
WJZ47390.1,dengue virus type 2
WLD55580.1,dengue virus type 2
AKA55023.1,dengue virus type 2
AXU25292.1,dengue virus type 2
ARO84685.1,dengue virus type 2
QTX93148.1,dengue virus type 2
QUD37239.1,dengue virus type 2
WRW12990.1,dengue virus type 2
QHR82520.1,dengue virus type 2
QQW40722.1,dengue virus type 2
ACA48936.1,dengue virus type 2
WXH71620.1,dengue virus type 2
ANS59177.1,dengue virus type 2
AGN94880.1,dengue virus type 2
ACA48894.1,dengue virus type 2
QTX93078.1,dengue virus type 2
ACN42733.1,dengue virus type 2
XPF60761.1,dengue virus type 2
ACA49047.1,dengue virus type 2
AEB66128.1,dengue virus type 2
QRG47108.1,dengue virus type 2
UEK75496.1,dengue virus type 2
WVH32821.1,dengue virus type 2
XTL09849.1,dengue virus type 2
XUU11186.1,dengue virus type 2
UDI89630.1,dengue virus type 2
URK56733.1,dengue virus type 2
WJZ47650.1,dengue virus type 2
QFS19419.1,dengue virus type 2
AXU25309.1,dengue virus type 2
QTX93183.1,dengue virus type 2
ACN42711.1,dengue virus type 2
ANS59175.1,dengue virus type 2
ACN42736.1,dengue virus type 2
XPF60861.1,dengue virus type 2
XCM77327.1,dengue virus type 2
QNL13629.1,dengue virus type 2
CAR65160.1,dengue virus type 2
CAR65161.1,dengue virus type 2
WJE97933.1,dengue virus type 2
QFS19291.1,dengue virus type 2
AKA55037.1,dengue virus type 2
ACH61723.1,dengue virus type 2
WJZ47430.1,dengue virus type 2
YDE81677.1,dengue virus type 2
UXX51231.1,dengue virus type 2
AUZ41806.1,dengue virus type 2
YBG70347.1,dengue virus type 2
WVV02202.1,dengue virus type 2
XPF60829.1,dengue virus type 2
AKA55063.1,dengue virus type 2
WGD00901.1,dengue virus type 2
ACO06141.1,dengue virus type 2
BAD42416.1,dengue virus type 2
UXX51283.1,dengue virus type 2
QRG47124.1,dengue virus type 2
WRW12903.1,dengue virus type 2
WLD55747.1,dengue virus type 2
AYP74873.1,dengue virus type 2
QTX93084.1,dengue virus type 2
ACA48961.1,dengue virus type 2
WFF71378.1,dengue virus type 2
ASN77915.1,dengue virus type 2
ALP06114.1,dengue virus type 2
YCB08541.1,dengue virus type 2
QNL13674.1,dengue virus type 2
WRW12928.1,dengue virus type 2
ACW82912.1,dengue virus type 2
XPF60835.1,dengue virus type 2
QHI00469.1,dengue virus type 2
QTX93204.1,dengue virus type 2
AFU65934.1,dengue virus type 2
AHG06359.1,dengue virus type 2
YDE81650.1,dengue virus type 2
WME20547.1,dengue virus type 2
XUU11162.1,dengue virus type 2
WCZ55494.2,dengue virus type 2
ACQ44493.1,dengue virus type 2
YBG70337.1,dengue virus type 2
WYF38744.1,dengue virus type 2
QRG47107.1,dengue virus type 2
WHU05348.1,dengue virus type 2
QQW40683.1,dengue virus type 2
WJE97918.1,dengue virus type 2
ACA48871.1,dengue virus type 2
XPF60697.1,dengue virus type 2
QFS19429.1,dengue virus type 2
XPF60722.1,dengue virus type 2
XPF60549.1,dengue virus type 2
XMF56223.1,dengue virus type 2
XIF04138.1,dengue virus type 2
UYK60824.1,dengue virus type 2
QQP29630.1,dengue virus type 2
WGD00887.1,dengue virus type 2
WCZ55362.2,dengue virus type 2
UYK60829.1,dengue virus type 2
WME20558.1,dengue virus type 2
ACA49011.1,dengue virus type 2
YAB37930.1,dengue virus type 2
AET43238.1,dengue virus type 2
AES93103.1,dengue virus type 2
WAP37919.1,dengue virus type 2
UEM00990.1,dengue virus type 2
WLD15659.1,dengue virus type 2
AXY94471.1,dengue virus type 2
WRW12872.1,dengue virus type 2
WGC43870.1,dengue virus type 2
XPF60504.1,dengue virus type 2
WVV02200.1,dengue virus type 2
WGD00921.1,dengue virus type 2
YBG70332.1,dengue virus type 2
AAD32956.1,dengue virus type 2
AQV12410.1,dengue virus type 2
QFS19305.1,dengue virus type 2
XTL09800.1,dengue virus type 2
YAJ45088.1,dengue virus type 2
AGK36293.1,dengue virus type 2
QNL13618.1,dengue virus type 2
WNN20136.1,dengue virus type 2
WFO14583.1,dengue virus type 2
ACA48932.1,dengue virus type 2
QTX93110.1,dengue virus type 2
XAM89858.1,dengue virus type 2
QTX93137.1,dengue virus type 2
QFS19244.1,dengue virus type 2
ACA48893.1,dengue virus type 2
QOW96369.1,dengue virus type 2
WHU05355.1,dengue virus type 2
ACY70800.1,dengue virus type 2
WZW36468.1,dengue virus type 2
QCE20749.1,dengue virus type 2
XUM16031.1,dengue virus type 2
YAB37925.1,dengue virus type 2
AUN35123.1,dengue virus type 2
ACD13404.1,dengue virus type 2
QFS19383.1,dengue virus type 2
QFS19280.1,dengue virus type 2
WRW12998.1,dengue virus type 2
XPF60707.1,dengue virus type 2
WDR78882.1,dengue virus type 2
WJZ47645.1,dengue virus type 2
ACD13416.1,dengue virus type 2
YDE81671.1,dengue virus type 2
WZW36471.1,dengue virus type 2
WNJ63341.1,dengue virus type 2
UXX51313.1,dengue virus type 2
UXX51287.1,dengue virus type 2
AQV12499.1,dengue virus type 2
QQW40716.1,dengue virus type 2
AQV12486.1,dengue virus type 2
ACA48840.1,dengue virus type 2
QNL13692.1,dengue virus type 2
ACB29506.1,dengue virus type 2
ADK37528.1,dengue virus type 2
WGD00913.1,dengue virus type 2
XLY78358.1,dengue virus type 2
WGD00952.1,dengue virus type 2
XPF60565.1,dengue virus type 2
WJZ47451.1,dengue virus type 2
WRW12879.1,dengue virus type 2
WLD55645.1,dengue virus type 2
WYF38799.1,dengue virus type 2
ACD13310.1,dengue virus type 2
ACB29509.1,dengue virus type 2
QBP33561.1,dengue virus type 2
AUN35140.1,dengue virus type 2
XPF60528.1,dengue virus type 2
AQV12507.1,dengue virus type 2
WZW36533.1,dengue virus type 2
ACQ44520.1,dengue virus type 2
ACA48818.1,dengue virus type 2
XPF60340.1,dengue virus type 2
AHI43688.1,dengue virus type 2
QNL13602.1,dengue virus type 2
WYF38756.1,dengue virus type 2
ACO06193.1,dengue virus type 2
WDZ68230.1,dengue virus type 2
XQV99714.1,dengue virus type 2
XRY74871.1,dengue virus type 2
XPF60391.1,dengue virus type 2
WHS26799.1,dengue virus type 2
WRW12887.1,dengue virus type 2
XPF60535.1,dengue virus type 2
ADK26431.1,dengue virus type 2
WJZ47670.1,dengue virus type 2
QIB99390.1,dengue virus type 2
WYF38902.1,dengue virus type 2
UYK60837.1,dengue virus type 2
QTX92896.1,dengue virus type 2
WYF38711.1,dengue virus type 2
AYJ72769.1,dengue virus type 2
WVH32817.1,dengue virus type 2
QCH40785.1,dengue virus type 2
QQW40669.1,dengue virus type 2
ACD13326.1,dengue virus type 2
QQP29628.1,dengue virus type 2
ACA48970.1,dengue virus type 2
XPF60908.1,dengue virus type 2
XPF60815.1,dengue virus type 2
XQS36759.1,dengue virus type 2
AHB51028.1,dengue virus type 2
WLD55613.1,dengue virus type 2
QHR82525.1,dengue virus type 2
QDG00711.1,dengue virus type 2
ACA48959.1,dengue virus type 2
XHC89047.1,dengue virus type 2
WVQ30770.1,dengue virus type 2
YAJ45073.1,dengue virus type 2
QFS19339.1,dengue virus type 2
QTX93181.1,dengue virus type 2
QQW40782.1,dengue virus type 2
AYN79583.1,dengue virus type 2
WCZ55482.2,dengue virus type 2
UYK60809.1,dengue virus type 2
XPF60922.1,dengue virus type 2
XMF56227.1,dengue virus type 2
WJZ47389.1,dengue virus type 2
WWZ43191.1,dengue virus type 2
XRP78504.1,dengue virus type 2
WLD55587.1,dengue virus type 2
AES93109.1,dengue virus type 2
UKS50264.1,dengue virus type 2
XPF60775.1,dengue virus type 2
XMF56244.1,dengue virus type 2
ACA58343.1,dengue virus type 2
WBD86218.1,dengue virus type 2
XQH47523.1,dengue virus type 2
WGD00908.1,dengue virus type 2
QTX92894.1,dengue virus type 2
YBL68306.1,dengue virus type 2
ANS59184.1,dengue virus type 2
QNQ15592.1,dengue virus type 2
XPF60802.1,dengue virus type 2
ARO84693.1,dengue virus type 2
QHR82530.1,dengue virus type 2
QHE24285.1,dengue virus type 2
ARO84694.1,dengue virus type 2
AHG23135.1,dengue virus type 2
AXU25284.1,dengue virus type 2
WJJ08357.1,dengue virus type 2
XPF60642.1,dengue virus type 2
AES93098.1,dengue virus type 2
XTL09829.1,dengue virus type 2
WJZ47318.1,dengue virus type 2
WWZ43196.1,dengue virus type 2
QGW51895.1,dengue virus type 2
ACL99019.1,dengue virus type 2
ACA48829.1,dengue virus type 2
YAJ45055.1,dengue virus type 2
AQV12498.1,dengue virus type 2
XPF60413.1,dengue virus type 2
WYF38862.1,dengue virus type 2
AUN35132.1,dengue virus type 2
WYF38811.1,dengue virus type 2
WVN40730.1,dengue virus type 2
URK56758.1,dengue virus type 2
XPF60791.1,dengue virus type 2
AQV12502.1,dengue virus type 2
WJZ47668.1,dengue virus type 2
QDG00700.1,dengue virus type 2
AFZ40121.1,dengue virus type 2
WVV02172.1,dengue virus type 2
AVH78242.1,dengue virus type 2
UCQ65254.1,dengue virus type 2
AKA55017.1,dengue virus type 2
WCZ55363.2,dengue virus type 2
QHR82506.1,dengue virus type 2
XRP78496.1,dengue virus type 2
XPF60760.1,dengue virus type 2
WJZ47552.1,dengue virus type 2
QHI43226.1,dengue virus type 2
QST05083.1,dengue virus type 2
WCZ55376.2,dengue virus type 2
ACB29515.1,dengue virus type 2
USQ90029.1,dengue virus type 2
WNN20144.1,dengue virus type 2
AGS49173.1,dengue virus type 2
ADU76204.1,dengue virus type 2
WCZ55504.2,dengue virus type 2
WNO50249.1,dengue virus type 2
AAC40832.1,dengue virus type 2
UYK60849.1,dengue virus type 2
AAW31413.1,dengue virus type 2
WNP63813.1,dengue virus type 2
AUZ41807.1,dengue virus type 2
WLD55636.1,dengue virus type 2
WJZ47616.1,dengue virus type 2
XPF60648.1,dengue virus type 2
AQV12424.1,dengue virus type 2
AEH59345.1,dengue virus type 2
AHG06356.1,dengue virus type 2
ARO84700.1,dengue virus type 2
QQW40730.1,dengue virus type 2
QTX93047.1,dengue virus type 2
AKA55032.1,dengue virus type 2
WNO50255.1,dengue virus type 2
XTL09805.1,dengue virus type 2
XPF60424.1,dengue virus type 2
XPF60503.1,dengue virus type 2
WJZ47391.1,dengue virus type 2
ACA49037.1,dengue virus type 2
WFO14572.1,dengue virus type 2
QNL13566.1,dengue virus type 2
URK56737.1,dengue virus type 2
AHF45704.1,dengue virus type 2
AGN94888.1,dengue virus type 2
YBG70358.1,dengue virus type 2
WVH32818.1,dengue virus type 2
ACY70831.1,dengue virus type 2
QQP29623.1,dengue virus type 2
XPF60358.1,dengue virus type 2
UYK60844.1,dengue virus type 2
QTX93023.1,dengue virus type 2
UXX51247.1,dengue virus type 2
WNJ63349.1,dengue virus type 2
AAC59274.1,dengue virus type 2
QGW05377.1,dengue virus type 2
QOW96376.1,dengue virus type 2
WVV02234.1,dengue virus type 2
WCZ55561.2,dengue virus type 2
QFS19354.1,dengue virus type 2
WJZ47471.1,dengue virus type 2
ATO98049.1,dengue virus type 2
QQW40739.1,dengue virus type 2
QTX93149.1,dengue virus type 2
QHE24284.1,dengue virus type 2
ADU76202.1,dengue virus type 2
WRW12895.1,dengue virus type 2
AIU39217.1,dengue virus type 2
WVV02214.1,dengue virus type 2
WRW12993.1,dengue virus type 2
XPF60720.1,dengue virus type 2
WAB71359.1,dengue virus type 2
ACW82886.1,dengue virus type 2
UYK60793.1,dengue virus type 2
ADK37479.1,dengue virus type 2
AQV12477.1,dengue virus type 2
XPF60762.1,dengue virus type 2
WYF38864.1,dengue virus type 2
XTL09801.1,dengue virus type 2
QZE60607.1,dengue virus type 2
WRW12937.1,dengue virus type 2
WVN40702.1,dengue virus type 2
AYN79593.1,dengue virus type 2
AXY94467.1,dengue virus type 2
WRW13012.1,dengue virus type 2
WHT32732.1,dengue virus type 2
WGD00848.1,dengue virus type 2
AYN79592.1,dengue virus type 2
XPF60842.1,dengue virus type 2
XPF60387.1,dengue virus type 2
WPF60237.1,dengue virus type 2
XPF60735.1,dengue virus type 2
WIW72150.1,dengue virus type 2
XPF60420.1,dengue virus type 2
XPF60538.1,dengue virus type 2
ACB29513.1,dengue virus type 2
ACA49030.1,dengue virus type 2
AGF87124.1,dengue virus type 2
WYF38826.1,dengue virus type 2
ACB29527.1,dengue virus type 2
WJE97912.1,dengue virus type 2
WZW36499.1,dengue virus type 2
UXX51266.1,dengue virus type 2
ADK37518.1,dengue virus type 2
QPI11924.1,dengue virus type 2
ACA48903.1,dengue virus type 2
AKQ00024.1,dengue virus type 2
WHS26797.1,dengue virus type 2
QFS19246.1,dengue virus type 2
ADU76234.1,dengue virus type 2
WVN40689.1,dengue virus type 2
UYK60848.1,dengue virus type 2
WVV02156.1,dengue virus type 2
WVV02219.1,dengue virus type 2
QTX92934.1,dengue virus type 2
WJZ47370.1,dengue virus type 2
WRW12868.1,dengue virus type 2
QHE24293.1,dengue virus type 2
QFS19375.1,dengue virus type 2
WZW36508.1,dengue virus type 2
WRW12972.1,dengue virus type 2
WRW12916.1,dengue virus type 2
ACA48993.1,dengue virus type 2
ACA48887.1,dengue virus type 2
XQH47514.1,dengue virus type 2
ACN54390.1,dengue virus type 2
AAC40833.1,dengue virus type 2
WLD15576.1,dengue virus type 2
QUD37238.1,dengue virus type 2
XPF60768.1,dengue virus type 2
WYF38747.1,dengue virus type 2
AWI47685.1,dengue virus type 2
XPF60749.1,dengue virus type 2
WJZ47319.1,dengue virus type 2
AQV12378.1,dengue virus type 2
ACD13328.1,dengue virus type 2
XPF60533.1,dengue virus type 2
YCB08528.1,dengue virus type 2
WHT32726.1,dengue virus type 2
QDG00726.1,dengue virus type 2
ADK37516.1,dengue virus type 2
ACQ44490.1,dengue virus type 2
XJO99443.1,dengue virus type 2
WRW13014.1,dengue virus type 2
AHG06357.1,dengue virus type 2
WJZ47586.1,dengue virus type 2
AXY94461.1,dengue virus type 2
YCR17164.1,dengue virus type 2
XPF60546.1,dengue virus type 2
WYF38798.1,dengue virus type 2
QMT58643.1,dengue virus type 2
AQV12380.1,dengue virus type 2
ACA49014.1,dengue virus type 2
WJZ47441.1,dengue virus type 2
UEK75511.1,dengue virus type 2
XPF60515.1,dengue virus type 2
BAD42415.1,dengue virus type 2
QZE60609.1,dengue virus type 2
WJZ47603.1,dengue virus type 2
WJZ47376.1,dengue virus type 2
AXU25276.1,dengue virus type 2
WVV02185.1,dengue virus type 2
QRG47104.1,dengue virus type 2
AXY94456.1,dengue virus type 2
WNN20146.1,dengue virus type 2
ACY70780.1,dengue virus type 2
WGF24019.1,dengue virus type 2
WVN40771.1,dengue virus type 2
QQW40732.1,dengue virus type 2
QQW40797.1,dengue virus type 2
WCZ55396.2,dengue virus type 2
ACA49021.1,dengue virus type 2
XDT57255.1,dengue virus type 2
XPF60897.1,dengue virus type 2
QQW40687.1,dengue virus type 2
WYF38803.1,dengue virus type 2
WZW36475.1,dengue virus type 2
ANG57776.1,dengue virus type 2
AKA55059.1,dengue virus type 2
ACY70742.1,dengue virus type 2
QMT58644.1,dengue virus type 2
XPF60566.1,dengue virus type 2
WCZ55390.2,dengue virus type 2
WNO50246.1,dengue virus type 2
QTX93108.1,dengue virus type 2
WGD00899.1,dengue virus type 2
XMF56263.1,dengue virus type 2
WJZ47382.1,dengue virus type 2
URK56742.1,dengue virus type 2
WFF71374.1,dengue virus type 2
ACA49050.1,dengue virus type 2
WJZ47547.1,dengue virus type 2
QRG47120.1,dengue virus type 2
ACW82908.1,dengue virus type 2
XPF60664.1,dengue virus type 2
XPF60634.1,dengue virus type 2
UKF18851.1,dengue virus type 2
ACN42739.1,dengue virus type 2
QFS19273.1,dengue virus type 2
WJZ47634.1,dengue virus type 2
XPF60620.1,dengue virus type 2
WCZ55631.2,dengue virus type 4
QCH40777.1,dengue virus type 2
ACW82913.1,dengue virus type 2
WCZ55534.2,dengue virus type 2
ACO06132.1,dengue virus type 2
QNL13665.1,dengue virus type 2
QMT58632.1,dengue virus type 2
XPF60652.1,dengue virus type 2
ACW82868.1,dengue virus type 2
XVO59822.1,dengue virus type 2
AYN79580.1,dengue virus type 2
UXX51264.1,dengue virus type 2
QQW40654.1,dengue virus type 2
QTX93118.1,dengue virus type 2
XTL09833.1,dengue virus type 2
XPF60470.1,dengue virus type 2
QQW40810.1,dengue virus type 2
CAR65175.2,dengue virus type 2
CAR65172.2,dengue virus type 2
XUU11175.1,dengue virus type 2
WZW36487.1,dengue virus type 2
AQV12522.1,dengue virus type 2
QNL13628.1,dengue virus type 2
WYF38745.1,dengue virus type 2
ACA49036.1,dengue virus type 2
WEY37195.1,dengue virus type 2
WFO14580.1,dengue virus type 2
ACB87127.1,dengue virus type 2
XDT57243.1,dengue virus type 2
WVV02207.1,dengue virus type 2
XPF60326.1,dengue virus type 2
WRW13003.1,dengue virus type 2
WCZ55521.2,dengue virus type 2
ACS32034.1,dengue virus type 2
ACA49052.1,dengue virus type 2
YEH57876.1,dengue virus type 2
WJZ47665.1,dengue virus type 2
XMF56258.1,dengue virus type 2
WLD15575.1,dengue virus type 2
QQP29640.1,dengue virus type 2
ATL24723.1,dengue virus type 2
AQV12516.1,dengue virus type 2
XUU11166.1,dengue virus type 2
QIS48859.1,dengue virus type 2
AHG23129.1,dengue virus type 2
WJZ47348.1,dengue virus type 2
ACO06191.1,dengue virus type 2
ACQ44524.1,dengue virus type 2
ACJ04275.1,dengue virus type 2
WJZ47456.1,dengue virus type 2
QFS19424.1,dengue virus type 2
WRW12933.1,dengue virus type 2
WYF38807.1,dengue virus type 2
XQV99743.1,dengue virus type 2
CAR65159.1,dengue virus type 2
WVW36852.1,dengue virus type 2
UXX51288.1,dengue virus type 2
AHG06346.1,dengue virus type 2
AEB66127.1,dengue virus type 2
WYF38770.1,dengue virus type 2
QFS19342.1,dengue virus type 2
AKA54996.1,dengue virus type 2
ADC92352.1,dengue virus type 2
ACA48969.1,dengue virus type 2
YEO36745.1,dengue virus type 2
WQE65135.1,dengue virus type 2
WLD15673.1,dengue virus type 2
AXY94465.1,dengue virus type 2
QTX93088.1,dengue virus type 2
QNL13614.1,dengue virus type 2
WNP63812.1,dengue virus type 2
QHI43235.1,dengue virus type 2
WDR78884.1,dengue virus type 2
XQV99724.1,dengue virus type 2
YBZ63786.1,dengue virus type 2
QTX92938.1,dengue virus type 2
BAU45374.1,dengue virus type 2
WJZ47460.1,dengue virus type 2
WMJ64417.1,dengue virus type 2
QTX93037.1,dengue virus type 2
AQV12373.1,dengue virus type 2
AKA55056.1,dengue virus type 2
QFS19287.1,dengue virus type 2
ACO06152.1,dengue virus type 2
XTL09856.1,dengue virus type 2
WCZ55384.2,dengue virus type 2
QBA57535.1,dengue virus type 2
ACA48819.1,dengue virus type 2
QFS19459.1,dengue virus type 2
XIF04137.1,dengue virus type 2
WNJ63357.1,dengue virus type 2
QTX93067.1,dengue virus type 2
AVH78234.1,dengue virus type 2
WJE97944.1,dengue virus type 2
QNL13711.1,dengue virus type 2
XPF60913.1,dengue virus type 2
URK56728.1,dengue virus type 2
WJZ47377.1,dengue virus type 2
QHE24295.1,dengue virus type 2
AYP74879.1,dengue virus type 2
QTX92962.1,dengue virus type 2
QQW40695.1,dengue virus type 2
UYK60831.1,dengue virus type 2
WYF38883.1,dengue virus type 2
QFS19285.1,dengue virus type 2
ANS59168.1,dengue virus type 2
ACA48997.1,dengue virus type 2
QTX93186.1,dengue virus type 2
XMG44653.1,dengue virus type 2
ACE63535.1,dengue virus type 2
XCI54591.1,dengue virus type 2
QCZ24974.1,dengue virus type 2
XPF60460.1,dengue virus type 2
QFQ59601.1,dengue virus type 2
URK56721.1,dengue virus type 2
WVN40735.1,dengue virus type 2
ARO84687.1,dengue virus type 2
QTX92982.1,dengue virus type 2
UKS50254.1,dengue virus type 2
WZW36473.1,dengue virus type 2
AES93113.1,dengue virus type 2
QSV27721.1,dengue virus type 2
ADA00411.1,dengue virus type 2
QST06886.1,dengue virus type 2
WLD55640.1,dengue virus type 2
QFS19392.1,dengue virus type 2
WJE97937.1,dengue virus type 2
AQV12450.1,dengue virus type 2
ACA48944.1,dengue virus type 2
XQS36756.1,dengue virus type 2
QST05077.1,dengue virus type 2
CAR65135.1,dengue virus type 2
WRI67424.1,dengue virus type 2
QZE60596.1,dengue virus type 2
YEP31422.1,dengue virus type 2
WJZ47495.1,dengue virus type 2
QTX93215.1,dengue virus type 2
AHG06364.1,dengue virus type 2
WYF38842.1,dengue virus type 2
ACA48989.1,dengue virus type 2
ADK37474.1,dengue virus type 2
QBP33512.1,dengue virus type 2
ACW82926.1,dengue virus type 2
AAW31407.1,dengue virus type 2
WHS26809.1,dengue virus type 2
ACA49044.1,dengue virus type 2
QNQ15591.1,dengue virus type 2
YBP09235.1,dengue virus type 2
XNK03652.1,dengue virus type 2
QTX92925.1,dengue virus type 2
ADU76209.1,dengue virus type 2
XQS36760.1,dengue virus type 2
WCZ55489.2,dengue virus type 2
WWZ34071.1,dengue virus type 2
ACD13351.1,dengue virus type 2
QUU16648.1,dengue virus type 2
URK56753.1,dengue virus type 2
ARO78362.1,dengue virus type 2
WJE97929.1,dengue virus type 2
XPF60409.1,dengue virus type 2
WJZ47635.1,dengue virus type 2
AKA55041.1,dengue virus type 2
ACA49026.1,dengue virus type 2
AQV12425.1,dengue virus type 2
WJZ47648.1,dengue virus type 2
ACL99224.1,dengue virus type 2
QTX93036.1,dengue virus type 2
AYJ72759.1,dengue virus type 2
WYF38797.1,dengue virus type 2
XVO59927.1,dengue virus type 2
AES93110.1,dengue virus type 2
ACB29500.1,dengue virus type 2
WVN40675.1,dengue virus type 2
ACA48958.1,dengue virus type 2
WYF38796.1,dengue virus type 2
WGD00874.1,dengue virus type 2
QNJ99448.1,dengue virus type 2
ACO06209.1,dengue virus type 2
AAW31412.1,dengue virus type 2
ABO33326.1,dengue virus type 2
WJZ47557.1,dengue virus type 2
QHI43234.1,dengue virus type 2
UEK75510.1,dengue virus type 2
QGW05349.1,dengue virus type 2
QFS19381.1,dengue virus type 2
XPF60837.1,dengue virus type 2
UXX51245.1,dengue virus type 2
WJX08511.1,dengue virus type 2
WHT32735.1,dengue virus type 2
XDT57250.1,dengue virus type 2
WLD15565.1,dengue virus type 2
QFS19242.1,dengue virus type 2
ARO84689.1,dengue virus type 2
WLD55687.1,dengue virus type 2
WYF38718.1,dengue virus type 2
WLD55732.1,dengue virus type 2
WJE97940.1,dengue virus type 2
UER56708.1,dengue virus type 2
WVN40692.1,dengue virus type 2
WJZ47335.1,dengue virus type 2
XPF60918.1,dengue virus type 2
QTX92904.1,dengue virus type 2
ALP06113.1,dengue virus type 2
ACJ04197.1,dengue virus type 2
QTX93207.1,dengue virus type 2
YBG23189.1,dengue virus type 2
QRG47129.1,dengue virus type 2
QBQ58389.1,dengue virus type 2
WJZ47475.1,dengue virus type 2
WYF38887.1,dengue virus type 2
ANS59185.1,dengue virus type 2
WJZ47465.1,dengue virus type 2
AXU25277.1,dengue virus type 2
XPF60807.1,dengue virus type 2
UKS50256.1,dengue virus type 2
AYP74875.1,dengue virus type 2
XPF60808.1,dengue virus type 2
WIV01745.1,dengue virus type 2
WJZ47501.1,dengue virus type 2
WLD55623.1,dengue virus type 2
CAR65176.2,dengue virus type 2
QQW40675.1,dengue virus type 2
ANS59186.1,dengue virus type 2
WME20553.1,dengue virus type 2
QTX93094.1,dengue virus type 2
WRW12981.1,dengue virus type 2
XPF60930.1,dengue virus type 2
ACA48948.1,dengue virus type 2
UEK75482.1,dengue virus type 2
ACL99228.1,dengue virus type 2
AKA54998.1,dengue virus type 2
WJZ47500.1,dengue virus type 2
AIU39218.1,dengue virus type 2
AEH59348.1,dengue virus type 2
QST05075.1,dengue virus type 2
WYF38712.1,dengue virus type 2
QRG47111.1,dengue virus type 2
ACD13344.1,dengue virus type 2
CAR65170.2,dengue virus type 2
ACD13348.1,dengue virus type 2
AFK65752.1,dengue virus type 2
WJZ47578.1,dengue virus type 2
WYF38837.1,dengue virus type 2
QFS19368.1,dengue virus type 2
QST06877.1,dengue virus type 2
ACL99109.1,dengue virus type 2
ACQ44506.1,dengue virus type 2
ADK37519.1,dengue virus type 2
WGD00876.1,dengue virus type 2
ACK57811.1,dengue virus type 2
QTX92980.1,dengue virus type 2
WZW36513.1,dengue virus type 2
WYF38728.1,dengue virus type 2
WJZ47427.1,dengue virus type 2
WJZ47362.1,dengue virus type 2
WJZ47360.1,dengue virus type 2
WJZ47349.1,dengue virus type 2
XPF60668.1,dengue virus type 2
WFD62630.1,dengue virus type 2
QTX92985.1,dengue virus type 2
XTL09789.1,dengue virus type 2
AKQ00026.1,dengue virus type 2
QEP41662.1,dengue virus type 2
QGW05373.1,dengue virus type 2
WYF38726.1,dengue virus type 2
WJZ47493.1,dengue virus type 2
YDE81654.1,dengue virus type 2
AAD32958.1,dengue virus type 2
WGH29399.1,dengue virus type 2
AUZ41810.1,dengue virus type 2
QTE05823.1,dengue virus type 2
AQV12476.1,dengue virus type 2
QTX93009.1,dengue virus type 2
QGW05390.1,dengue virus type 2
ALP06112.1,dengue virus type 2
AHG25310.1,dengue virus type 2
ACN94866.1,dengue virus type 2
XPF60680.1,dengue virus type 2
WJZ47492.1,dengue virus type 2
ACB29524.1,dengue virus type 2
WGD00855.1,dengue virus type 2
YBK92806.1,dengue virus type 2
BBH51323.1,dengue virus type 2
WYF38846.1,dengue virus type 2
ACA48928.1,dengue virus type 2
XUU11187.1,dengue virus type 2
XTL09814.1,dengue virus type 2
XTL09772.1,dengue virus type 2
UYK60785.1,dengue virus type 2
XPF60550.1,dengue virus type 2
QCE20747.1,dengue virus type 2
ACQ44477.1,dengue virus type 2
AGX15380.1,dengue virus type 2
QQW40717.1,dengue virus type 2
WRW13011.1,dengue virus type 2
XQV99740.1,dengue virus type 2
UYK60847.1,dengue virus type 2
ACN42685.1,dengue virus type 2
WCZ55386.2,dengue virus type 2
WRW12963.1,dengue virus type 2
ABW74620.1,dengue virus type 2
WVN40664.1,dengue virus type 2
YBR22705.1,dengue virus type 2
XUM16035.1,dengue virus type 2
ACB29519.1,dengue virus type 2
WCZ55544.2,dengue virus type 2
XMF56229.1,dengue virus type 2
XPF60564.1,dengue virus type 2
QRG47100.1,dengue virus type 2
WJZ47337.1,dengue virus type 2
UYK60801.1,dengue virus type 2
QOU99765.1,dengue virus type 2
WGD00869.1,dengue virus type 2
QQW40708.1,dengue virus type 2
XVO59825.1,dengue virus type 2
XPF60924.1,dengue virus type 2
WJZ47416.1,dengue virus type 2
ACA48845.1,dengue virus type 2
QZN14218.1,dengue virus type 2
WAB71368.1,dengue virus type 2
AIK23224.1,dengue virus type 2
WNN20131.1,dengue virus type 2
WCZ55552.2,dengue virus type 2
WJZ47368.1,dengue virus type 2
AYO90660.1,dengue virus type 2
QRG47087.1,dengue virus type 2
AQS22536.1,dengue virus type 2
WCZ55412.2,dengue virus type 2
AUZ41814.1,dengue virus type 2
QFS19463.1,dengue virus type 2
QDG00705.1,dengue virus type 2
WJZ47553.1,dengue virus type 2
WCZ55560.2,dengue virus type 2
WJZ47378.1,dengue virus type 2
USW91919.1,dengue virus type 2
USW90907.1,dengue virus type 2
ACA49009.1,dengue virus type 2
WLD55596.1,dengue virus type 2
QST05082.1,dengue virus type 2
WYF38790.1,dengue virus type 2
XPF60360.1,dengue virus type 2
XPF60454.1,dengue virus type 2
UXX51329.1,dengue virus type 2
ACA48899.1,dengue virus type 2
WRI67446.1,dengue virus type 2
ADK37477.1,dengue virus type 2
XUU11183.1,dengue virus type 2
WHS26811.1,dengue virus type 2
WCZ55395.2,dengue virus type 2
XHB72352.1,dengue virus type 2
XTL09752.1,dengue virus type 2
WWO67054.1,dengue virus type 2
WBD86227.1,dengue virus type 2
YDE81653.1,dengue virus type 2
ACA48731.1,dengue virus type 2
UYK60850.1,dengue virus type 2
AQV12501.1,dengue virus type 2
WCZ55498.2,dengue virus type 2
WWS30390.1,dengue virus type 2
CAR65148.1,dengue virus type 2
AKA54993.1,dengue virus type 2
XTL09778.1,dengue virus type 2
WRI67444.1,dengue virus type 2
XPF60599.1,dengue virus type 2
WJZ47580.1,dengue virus type 2
WEG68684.1,dengue virus type 2
QNL13572.1,dengue virus type 2
QCZ24965.2,dengue virus type 2
WFF71372.1,dengue virus type 2
QFS19397.1,dengue virus type 2
YAB37923.1,dengue virus type 2
WWP73925.1,dengue virus type 2
WHT32745.1,dengue virus type 2
QTX93190.1,dengue virus type 2
QFS19377.1,dengue virus type 2
QTE05822.1,dengue virus type 2
AUN35138.1,dengue virus type 2
AXU25312.1,dengue virus type 2
WYF38754.1,dengue virus type 2
YBP09215.1,dengue virus type 2
ACA48931.1,dengue virus type 2
QNL13589.1,dengue virus type 2
AXY94470.1,dengue virus type 2
WRW12927.1,dengue virus type 2
WYF38871.1,dengue virus type 2
ACK28190.1,dengue virus type 2
UXX51281.1,dengue virus type 2
XDT57249.1,dengue virus type 2
UOV35398.1,dengue virus type 2
WLD15654.1,dengue virus type 2
WJZ47364.1,dengue virus type 2
WGD00904.1,dengue virus type 2
QQW40749.1,dengue virus type 2
AUZ41817.1,dengue virus type 2
AXY94457.1,dengue virus type 2
AKA55073.1,dengue virus type 2
AYP74872.1,dengue virus type 2
ACN42700.1,dengue virus type 2
BAX09288.1,dengue virus type 2
QTX93064.1,dengue virus type 2
UXX51318.1,dengue virus type 2
ACQ44489.1,dengue virus type 2
WYF38748.1,dengue virus type 2
XUU11204.1,dengue virus type 2
ACA48866.1,dengue virus type 2
QHR82501.1,dengue virus type 2
WRW12941.1,dengue virus type 2
WLD55643.1,dengue virus type 2
XPF60782.1,dengue virus type 2
AAF29156.1,dengue virus type 2
WJZ47539.1,dengue virus type 2
WJZ47516.1,dengue virus type 2
AXU25305.1,dengue virus type 2
WYF38865.1,dengue virus type 2
QFS19441.1,dengue virus type 2
AQV12460.1,dengue virus type 2
QTX93142.1,dengue virus type 2
ACA48741.1,dengue virus type 2
ACA48927.1,dengue virus type 2
WVV02204.1,dengue virus type 2
WGF24026.1,dengue virus type 2
AQV12493.1,dengue virus type 2
UYK60788.1,dengue virus type 2
WCZ55426.2,dengue virus type 2
WGD00836.1,dengue virus type 2
WIW72148.1,dengue virus type 2
WFO14565.1,dengue virus type 2
YDE81668.1,dengue virus type 2
QFS19418.1,dengue virus type 2
WJZ47347.1,dengue virus type 2
XDT57271.1,dengue virus type 2
WYF38800.1,dengue virus type 2
XPF60511.1,dengue virus type 2
XPF60767.1,dengue virus type 2
WLD55710.1,dengue virus type 2
WZW36506.1,dengue virus type 2
XPF60698.1,dengue virus type 2
XUU11191.1,dengue virus type 2
ACA48861.1,dengue virus type 2
QHR82499.1,dengue virus type 2
XPF60880.1,dengue virus type 2
AQV12512.1,dengue virus type 2
WGF24027.1,dengue virus type 2
WHS26796.1,dengue virus type 2
QFS19270.1,dengue virus type 2
XPF60907.1,dengue virus type 2
WYF38821.1,dengue virus type 2
AQV12526.1,dengue virus type 2
YBZ63783.1,dengue virus type 2
ADU76214.1,dengue virus type 2
QTX92988.1,dengue virus type 2
ACO06177.1,dengue virus type 2
WLD55616.1,dengue virus type 2
WZW36525.1,dengue virus type 2
XPF60398.1,dengue virus type 2
ACW82865.1,dengue virus type 2
AQV12392.1,dengue virus type 2
ACA49023.1,dengue virus type 2
ABG29077.1,dengue virus type 2
WYF38874.1,dengue virus type 2
WRW12890.1,dengue virus type 2
AQV12376.1,dengue virus type 2
XPF60702.1,dengue virus type 2
WVN40747.1,dengue virus type 2
QRG47121.1,dengue virus type 2
WAP37917.1,dengue virus type 2
USW91918.1,dengue virus type 2
UEK75514.1,dengue virus type 2
QNL13598.1,dengue virus type 2
WLD55614.1,dengue virus type 2
XTL09809.1,dengue virus type 2
XTL09869.1,dengue virus type 2
UZZ63631.1,dengue virus type 2
UXX51244.1,dengue virus type 2
WLD55697.1,dengue virus type 2
WYF38870.1,dengue virus type 2
UKS50263.1,dengue virus type 2
QFS19256.1,dengue virus type 2
AYP74890.1,dengue virus type 2
UYK60814.1,dengue virus type 2
XPF60567.1,dengue virus type 2
XPF60834.1,dengue virus type 2
QFS19454.1,dengue virus type 2
UNZ79676.1,dengue virus type 2
QQW40657.1,dengue virus type 2
QCH40794.1,dengue virus type 2
ACA48732.1,dengue virus type 2
QFS19282.1,dengue virus type 2
WWS30387.1,dengue virus type 2
ACB29523.1,dengue virus type 2
XPF60396.1,dengue virus type 2
AKL81373.2,dengue virus type 2
ADK37506.1,dengue virus type 2
WVN40656.1,dengue virus type 2
XPF60645.1,dengue virus type 2
WCZ55512.2,dengue virus type 2
WQE65120.1,dengue virus type 2
XPF60499.1,dengue virus type 2
QTX92924.1,dengue virus type 2
WRW12984.1,dengue virus type 2
AQV12413.1,dengue virus type 2
AKA54986.1,dengue virus type 2
XPF60655.1,dengue virus type 2
WYF38775.1,dengue virus type 2
QDZ58871.1,dengue virus type 2
WNJ63359.1,dengue virus type 2
WJZ47438.1,dengue virus type 2
QRG47114.1,dengue virus type 2
WVN40722.1,dengue virus type 2
AQV12397.1,dengue virus type 2
AXB26593.1,dengue virus type 2
XMF56270.1,dengue virus type 2
WNJ63350.1,dengue virus type 2
WFO14575.1,dengue virus type 2
AQV12445.1,dengue virus type 2
QFS19417.1,dengue virus type 2
WJZ47366.1,dengue virus type 2
XPF60471.1,dengue virus type 2
XHB72359.1,dengue virus type 2
QTX93223.1,dengue virus type 2
QTX93175.1,dengue virus type 2
ACA48934.1,dengue virus type 2
ANT47240.1,dengue virus type 2
WYF38763.1,dengue virus type 2
UWJ93831.1,dengue virus type 2
QRG47128.1,dengue virus type 2
AAD32962.1,dengue virus type 2
WBD86239.1,dengue virus type 2
ACB29504.1,dengue virus type 2
UXX51259.1,dengue virus type 2
XXL24482.1,dengue virus type 2
YAE67950.1,dengue virus type 2
ACA48734.1,dengue virus type 2
XTL09802.1,dengue virus type 2
WGD00920.1,dengue virus type 2
WNJ63346.1,dengue virus type 2
AQV12483.1,dengue virus type 2
WJZ47517.1,dengue virus type 2
XTL09817.1,dengue virus type 2
QTX93135.1,dengue virus type 2
UYK60802.1,dengue virus type 2
AQV12517.1,dengue virus type 2
ACW82866.1,dengue virus type 2
XPF60671.1,dengue virus type 2
YBZ63805.1,dengue virus type 2
WYF38858.1,dengue virus type 2
AQV12375.1,dengue virus type 2
QST05078.1,dengue virus type 2
AVH78238.1,dengue virus type 2
QTX93103.1,dengue virus type 2
WLD15657.1,dengue virus type 2
AWD38932.1,dengue virus type 2
WHU05344.1,dengue virus type 2
YBG70336.1,dengue virus type 2
WGD00858.1,dengue virus type 2
XTL09799.1,dengue virus type 2
WYF38894.1,dengue virus type 2
WDZ68233.1,dengue virus type 2
XIF04134.1,dengue virus type 2
ACA48947.1,dengue virus type 2
WVV02236.1,dengue virus type 2
QTX92947.1,dengue virus type 2
XPF60729.1,dengue virus type 2
ACB29522.1,dengue virus type 2
QTX92910.1,dengue virus type 2
ACA48740.1,dengue virus type 2
ACO06186.1,dengue virus type 2
WEY36499.1,dengue virus type 2
WJZ47494.1,dengue virus type 2
QTX93116.1,dengue virus type 2
WJZ47412.1,dengue virus type 2
XTL09784.1,dengue virus type 2
WEG68671.1,dengue virus type 2
QCH40790.1,dengue virus type 2
ACA48902.1,dengue virus type 2
ADK37481.1,dengue virus type 2
AWD38928.1,dengue virus type 2
UIU05507.1,dengue virus type 2
QQW40702.1,dengue virus type 2
ACQ44518.1,dengue virus type 2
QTX93213.1,dengue virus type 2
AET43253.1,dengue virus type 2
YBK92801.1,dengue virus type 2
XPF60902.1,dengue virus type 2
AYP74874.1,dengue virus type 2
AQV12497.1,dengue virus type 2
ACA48713.1,dengue virus type 2
ACA48939.1,dengue virus type 2
QRG47131.1,dengue virus type 2
QTX92945.1,dengue virus type 2
ACA49054.1,dengue virus type 2
XTL09781.1,dengue virus type 2
ABG29082.1,dengue virus type 2
UXX51241.1,dengue virus type 2
XCI54579.1,dengue virus type 2
QTX93152.1,dengue virus type 2
AQV12398.1,dengue virus type 2
XPF60696.1,dengue virus type 2
WVV02211.1,dengue virus type 2
WJZ47609.1,dengue virus type 2
CAR65140.1,dengue virus type 2
WZP31915.1,dengue virus type 2
AGX15368.1,dengue virus type 2
ACY70781.1,dengue virus type 2
UXX51314.1,dengue virus type 2
YBG70350.1,dengue virus type 2
QFS19254.1,dengue virus type 2
ACA48736.1,dengue virus type 2
UDI89634.1,dengue virus type 2
QGW05369.1,dengue virus type 2
WCZ55416.2,dengue virus type 2
ACA48718.1,dengue virus type 2
WRI67459.1,dengue virus type 2
WDV81464.1,dengue virus type 2
WVN40696.1,dengue virus type 2
XCI54576.1,dengue virus type 2
WDZ68250.1,dengue virus type 2
WME20551.1,dengue virus type 2
YBK92803.1,dengue virus type 2
AYN79584.1,dengue virus type 2
UEK75504.1,dengue virus type 2
QHI43233.1,dengue virus type 2
WRW12989.1,dengue virus type 2
WEG68687.1,dengue virus type 2
QSV27709.1,dengue virus type 2
XPF60806.1,dengue virus type 2
WHU05347.1,dengue virus type 2
WHS26807.1,dengue virus type 2
XPF60809.1,dengue virus type 2
QZN14216.1,dengue virus type 2
QHR82531.1,dengue virus type 2
WGD00894.1,dengue virus type 2
QQP29627.1,dengue virus type 2
WYF38806.1,dengue virus type 2
QTX93048.1,dengue virus type 2
WCZ55397.2,dengue virus type 2
WRW12943.1,dengue virus type 2
QNL13682.1,dengue virus type 2
XXL24471.1,dengue virus type 2
WYF38839.1,dengue virus type 2
WVV02162.1,dengue virus type 2
UYK60805.1,dengue virus type 2
XPF60914.1,dengue virus type 2
QFS19346.1,dengue virus type 2
XPF60898.1,dengue virus type 2
AUN35141.1,dengue virus type 2
ARO84704.1,dengue virus type 2
AQV12393.1,dengue virus type 2
AGK36289.1,dengue virus type 2
AKA55020.1,dengue virus type 2
AHG25305.1,dengue virus type 2
QQW40709.1,dengue virus type 2
WJZ47407.1,dengue virus type 2
WCZ55387.2,dengue virus type 2
QFS19414.1,dengue virus type 2
WJE97942.1,dengue virus type 2
AUZ41819.1,dengue virus type 2
BAX09291.1,dengue virus type 2
XHC89056.1,dengue virus type 2
XPF60446.1,dengue virus type 2
WRI67440.1,dengue virus type 2
QFS19337.1,dengue virus type 2
ACN42686.1,dengue virus type 2
ACA48838.1,dengue virus type 2
YBZ63796.1,dengue virus type 2
QFS19386.1,dengue virus type 2
WGF24024.1,dengue virus type 2
WYF38892.1,dengue virus type 2
WYF38743.1,dengue virus type 2
WRW12899.1,dengue virus type 2
QHR82502.1,dengue virus type 2
WVV02161.1,dengue virus type 2
QTX93161.1,dengue virus type 2
AQV12474.1,dengue virus type 2
UEK75495.1,dengue virus type 2
ACS32000.1,dengue virus type 2
ACO06196.1,dengue virus type 2
XIF04118.1,dengue virus type 2
UXX51285.1,dengue virus type 2
WAU46418.1,dengue virus type 2
AKA55072.1,dengue virus type 2
AYH52607.1,dengue virus type 2
WCZ55357.2,dengue virus type 2
WVV02240.1,dengue virus type 2
AYN79582.1,dengue virus type 2
WJZ47327.1,dengue virus type 2
WCZ55503.2,dengue virus type 2
QTX93226.1,dengue virus type 2
QUD37235.1,dengue virus type 2
AKA54985.1,dengue virus type 2
ACA49024.1,dengue virus type 2
WWM53693.1,dengue virus type 2
AKA55011.1,dengue virus type 2
URK56776.1,dengue virus type 2
ACO06192.1,dengue virus type 2
AKA55022.1,dengue virus type 2
WJX08500.1,dengue virus type 2
WBD86225.1,dengue virus type 2
XTL09854.1,dengue virus type 2
AXY94472.1,dengue virus type 2
WLD55730.1,dengue virus type 2
XUU11167.1,dengue virus type 2
QHI43237.1,dengue virus type 2
WNO50258.1,dengue virus type 2
WFF71376.1,dengue virus type 2
WCZ55388.2,dengue virus type 2
ACJ04259.1,dengue virus type 2
XPF60877.1,dengue virus type 2
WCZ55509.2,dengue virus type 2
UZV49091.1,dengue virus type 2
QHE24291.1,dengue virus type 2
WLD55573.1,dengue virus type 2
XPF60563.1,dengue virus type 2
QHR82536.1,dengue virus type 2
AAC59275.1,dengue virus type 2
WJZ47459.1,dengue virus type 2
XCI54578.1,dengue virus type 2
XTL09875.1,dengue virus type 2
XPF60347.1,dengue virus type 2
WJZ47563.1,dengue virus type 2
WCZ55392.2,dengue virus type 2
QFS19313.1,dengue virus type 2
WZW36469.1,dengue virus type 2
WCZ55480.2,dengue virus type 2
QNL13610.1,dengue virus type 2
AWD38929.1,dengue virus type 2
YBW94370.1,dengue virus type 2
WVN40753.1,dengue virus type 2
WVN40705.1,dengue virus type 2
QTX93046.1,dengue virus type 2
ADK37512.1,dengue virus type 2
WHS26802.1,dengue virus type 2
QGQ59354.1,dengue virus type 2
AKA55001.1,dengue virus type 2
XPF60662.1,dengue virus type 2
QFS19394.1,dengue virus type 2
AXY94449.1,dengue virus type 2
AFZ40123.1,dengue virus type 2
QNQ15593.1,dengue virus type 2
QFS19387.1,dengue virus type 2
XTL09842.1,dengue virus type 2
AGN94892.1,dengue virus type 2
QFQ59600.1,dengue virus type 2
XCI54601.1,dengue virus type 2
XPF60425.1,dengue virus type 2
WJX08497.1,dengue virus type 2
WVN40668.1,dengue virus type 2
ANC57598.1,dengue virus type 2
QTX92929.1,dengue virus type 2
QRG47102.1,dengue virus type 2
ARO84680.1,dengue virus type 2
WVV02177.1,dengue virus type 2
WCZ55364.2,dengue virus type 2
XPF60656.1,dengue virus type 2
QSV27706.1,dengue virus type 2
AUZ41815.1,dengue virus type 2
WHU05341.1,dengue virus type 2
WGF24028.1,dengue virus type 2
QHE24298.1,dengue virus type 2
WLD55597.1,dengue virus type 2
ACJ04203.1,dengue virus type 2
ABO33332.1,dengue virus type 2
XPF60590.1,dengue virus type 2
WDE20506.1,dengue virus type 2
QTX92080.1,dengue virus type 2
WJE97930.1,dengue virus type 2
QNL13626.1,dengue virus type 2
QUD37237.1,dengue virus type 2
WAP37907.1,dengue virus type 2
WLD55612.1,dengue virus type 2
WNJ63356.1,dengue virus type 2
QFS19446.1,dengue virus type 2
XTL09839.1,dengue virus type 2
QFS19301.1,dengue virus type 2
ACO06190.1,dengue virus type 2
ARO84703.1,dengue virus type 2
UXX51226.1,dengue virus type 2
AVH78235.1,dengue virus type 2
WCZ55444.2,dengue virus type 2
AAF29154.1,dengue virus type 2
YBG70338.1,dengue virus type 2
WHU05349.1,dengue virus type 2
QMT58637.1,dengue virus type 2
AHC72405.1,dengue virus type 2
WCZ55410.2,dengue virus type 2
WDZ68254.1,dengue virus type 2
WLD55589.1,dengue virus type 2
QNL13600.1,dengue virus type 2
QCH40795.1,dengue virus type 2
XQC66195.1,dengue virus type 2
AQV12495.1,dengue virus type 2
WVH32808.1,dengue virus type 2
XQV99732.1,dengue virus type 2
WJZ47535.1,dengue virus type 2
YEO36749.1,dengue virus type 2
WVV02217.1,dengue virus type 2
AQV12464.1,dengue virus type 2
AWD38927.1,dengue virus type 2
WNP52481.1,dengue virus type 2
QQW40698.1,dengue virus type 2
WJE97907.1,dengue virus type 2
AHG06360.1,dengue virus type 2
WVV02227.1,dengue virus type 2
WLD55607.1,dengue virus type 2
ACA48820.1,dengue virus type 2
AIE17400.1,dengue virus type 2
QFS19408.1,dengue virus type 2
XLY78360.1,dengue virus type 2
XPF60551.1,dengue virus type 2
XPF60773.1,dengue virus type 2
WJZ47466.1,dengue virus type 2
QNL13635.1,dengue virus type 2
UQM71438.1,dengue virus type 2
QUD37243.1,dengue virus type 2
XHB23401.1,dengue virus type 2
URK56777.1,dengue virus type 2
WBD86241.1,dengue virus type 2
XPF60438.1,dengue virus type 2
AQV12383.1,dengue virus type 2
QQW40727.1,dengue virus type 2
AST11591.1,dengue virus type 2
QBE90252.1,dengue virus type 2
ACJ04199.1,dengue virus type 2
AAW23128.1,dengue virus type 2
AKA55008.1,dengue virus type 2
QNL13660.1,dengue virus type 2
ABO33329.1,dengue virus type 2
WXH71612.1,dengue virus type 2
XPF60587.1,dengue virus type 2
ACW82867.1,dengue virus type 2
QQW40671.1,dengue virus type 2
ACB29501.1,dengue virus type 2
ABE02262.2,dengue virus type 2
XPF60604.1,dengue virus type 2
YBZ63807.1,dengue virus type 2
UXX51251.1,dengue virus type 2
XTL09808.1,dengue virus type 2
WCZ55502.2,dengue virus type 2
AUN35142.1,dengue virus type 2
ACO06194.1,dengue virus type 2
XMF56266.1,dengue virus type 2
QHI43227.1,dengue virus type 2
WRI67447.1,dengue virus type 2
XPF60858.1,dengue virus type 2
WNO50252.1,dengue virus type 2
XQV99717.1,dengue virus type 2
ACA48925.1,dengue virus type 2
ARO84702.1,dengue virus type 2
XPF60820.1,dengue virus type 2
QQW40795.1,dengue virus type 2
AAC40834.1,dengue virus type 2
WME20556.1,dengue virus type 2
QFS19255.1,dengue virus type 2
QTX92900.1,dengue virus type 2
AQV12461.1,dengue virus type 2
WJZ47671.1,dengue virus type 2
ACN42714.1,dengue virus type 2
XPF60386.1,dengue virus type 2
WVV02235.1,dengue virus type 2
AQV12396.1,dengue virus type 2
QQW40684.1,dengue virus type 2
ACA48849.1,dengue virus type 2
WYF38732.1,dengue virus type 2
XPF60800.1,dengue virus type 2
ADK37510.1,dengue virus type 2
ANS59182.1,dengue virus type 2
XPF60709.1,dengue virus type 2
WJJ08359.1,dengue virus type 2
UXX51242.1,dengue virus type 2
QTX93065.1,dengue virus type 2
AKA55005.1,dengue virus type 2
QMT58647.1,dengue virus type 2
XTL09794.1,dengue virus type 2
WCZ55381.2,dengue virus type 2
WWO67089.1,dengue virus type 2
XQV99737.1,dengue virus type 2
XQV99727.1,dengue virus type 2
XPF60786.1,dengue virus type 2
USW91927.1,dengue virus type 2
QDG00707.1,dengue virus type 2
ARO84683.1,dengue virus type 2
UZJ81458.1,dengue virus type 2
QNL13584.1,dengue virus type 2
WJZ47481.1,dengue virus type 2
WWP73914.1,dengue virus type 2
AYJ72771.1,dengue virus type 2
AQV12451.1,dengue virus type 2
WRW12971.1,dengue virus type 2
WEG68690.1,dengue virus type 2
XTL09815.1,dengue virus type 2
YAB37928.1,dengue virus type 2
ABO33331.1,dengue virus type 2
WCZ55566.2,dengue virus type 2
QZE60600.1,dengue virus type 2
ANS59193.1,dengue virus type 2
AUZ41808.1,dengue virus type 2
ACQ44492.1,dengue virus type 2
UKS50250.1,dengue virus type 2
WZW36488.1,dengue virus type 2
WVN40822.1,dengue virus type 4
XQH47568.1,dengue virus type 4
XQH47641.1,dengue virus type 4
WVN40826.1,dengue virus type 4
WVN40848.1,dengue virus type 4
WGD01089.1,dengue virus type 4
WVN40860.1,dengue virus type 4
WVN40825.1,dengue virus type 4
WVN40861.1,dengue virus type 4
YBX56917.1,dengue virus type 3
ANY58849.1,dengue virus type 2
WVN40858.1,dengue virus type 4
YBX56919.1,dengue virus type 3
WGD01090.1,dengue virus type 4
WVN40813.1,dengue virus type 4
YBX56920.1,dengue virus type 3
WVN40857.1,dengue virus type 4
WVN40820.1,dengue virus type 4
WDZ68261.1,dengue virus type 4
YBX55378.1,dengue virus type 3
AHG23292.1,dengue virus type 4
WVN40827.1,dengue virus type 4
WVN40821.1,dengue virus type 4
WVN40808.1,dengue virus type 4
WVN40818.1,dengue virus type 4
WVN40875.1,dengue virus type 4
WVN40868.1,dengue virus type 4
WVN40817.1,dengue virus type 4
WVN40823.1,dengue virus type 4
YAJ45070.1,dengue virus type 4
YBG70382.1,dengue virus type 3
YBX55384.1,dengue virus type 3
YBX55373.1,dengue virus type 3
WDZ68281.1,dengue virus type 4
YBX55381.1,dengue virus type 3
YBX56921.1,dengue virus type 3
WVN40855.1,dengue virus type 4
ART85716.1,dengue virus type 2
XQZ81209.1,dengue virus type 3
QDZ58860.2,dengue virus type 4
WVN40854.1,dengue virus type 4
WGD01088.1,dengue virus type 4
XCI54642.1,dengue virus type 3
ACH99679.1,dengue virus type 1
XXH95397.1,dengue virus type 3
QTX93544.1,dengue virus type 3
WQE65110.1,dengue virus type 3
QPI11917.1,dengue virus type 3
AGN94895.1,dengue virus type 3
ABW82027.1,dengue virus type 3
YBX55374.1,dengue virus type 3
WHX06027.1,dengue virus type 3
XCM77340.1,dengue virus type 3
XLT96518.1,dengue virus type 3
QTX93431.1,dengue virus type 3
ACL99241.1,dengue virus type 3
YBK89163.1,dengue virus type 3
WME20741.1,dengue virus type 3
XJQ61113.1,dengue virus type 3
WGD01033.1,dengue virus type 3
WVN40802.1,dengue virus type 3
WGD01003.1,dengue virus type 3
QTX93295.1,dengue virus type 3
ACL99004.1,dengue virus type 3
AEF01531.1,dengue virus type 3
WOX58803.1,dengue virus type 3
QTX93573.1,dengue virus type 3
XQH47548.1,dengue virus type 3
YBP09239.1,dengue virus type 3
WGD00977.1,dengue virus type 3
ABW82034.1,dengue virus type 3
WLD55731.1,dengue virus type 3
WEX91847.1,dengue virus type 3
QTE05708.1,dengue virus type 3
ADC92354.1,dengue virus type 3
WNO50299.1,dengue virus type 3
XCI54625.1,dengue virus type 3
WJZ47691.1,dengue virus type 3
ACL99068.1,dengue virus type 3
UNY81278.1,dengue virus type 1
WVN40798.1,dengue virus type 3
YAJ45077.1,dengue virus type 3
ACQ44479.1,dengue virus type 3
YAJ64157.1,dengue virus type 3
WYV68578.1,dengue virus type 3
UKS06779.1,dengue virus type 3
UNY83657.1,dengue virus type 3
QTX93266.1,dengue virus type 3
XJO53382.1,dengue virus type 3
WLD55651.1,dengue virus type 3
SPO69988.1,dengue virus type 3
UMB40963.1,dengue virus type 3
YAJ45037.1,dengue virus type 3
AGN94902.1,dengue virus type 3
ACA58320.1,dengue virus type 3
ACQ44509.1,dengue virus type 3
ACH99653.1,dengue virus type 3
WGD01073.1,dengue virus type 3
WGD01051.1,dengue virus type 3
WYV68643.1,dengue virus type 3
USW26687.1,dengue virus type 3
YBW94368.1,dengue virus type 3
QTX93539.1,dengue virus type 3
QDZ58868.1,dengue virus type 3
AEF01534.1,dengue virus type 3
XNJ16075.1,dengue virus type 3
AHG23225.1,dengue virus type 3
XXH95393.1,dengue virus type 3
ASX95473.1,dengue virus type 3
ACL99055.1,dengue virus type 3
UNY80766.1,dengue virus type 1
YAJ45083.1,dengue virus type 3
QTX93455.1,dengue virus type 3
YBP09251.1,dengue virus type 3
WGD00979.1,dengue virus type 3
AHX22016.1,dengue virus type 3
WQE65134.1,dengue virus type 3
AHG23227.1,dengue virus type 3
YAJ45074.1,dengue virus type 3
QHD57345.1,dengue virus type 3
XJQ61079.1,dengue virus type 3
QHD57349.1,dengue virus type 3
UNY81280.1,dengue virus type 1
UWM25505.1,dengue virus type 3
ACL99240.1,dengue virus type 3
XQH08071.1,dengue virus type 3
BBD74779.1,dengue virus type 3
QTX93512.1,dengue virus type 3
QTX93420.1,dengue virus type 3
QTX93249.1,dengue virus type 3
WDE20563.1,dengue virus type 3
QTX93598.1,dengue virus type 3
WYV68652.1,dengue virus type 3
ADK26436.1,dengue virus type 3
ACY70758.1,dengue virus type 3
ADI80617.1,dengue virus type 3
XLV23534.1,dengue virus type 3
WRW13037.1,dengue virus type 3
WGD00956.1,dengue virus type 3
XRP78498.1,dengue virus type 3
XDF23396.1,dengue virus type 3
ACY70843.1,dengue virus type 3
WEX91848.1,dengue virus type 3
WGD00968.1,dengue virus type 3
AQV12537.1,dengue virus type 3
ACQ44384.1,dengue virus type 3
XJQ61108.1,dengue virus type 3
ACL99039.1,dengue virus type 3
QTX93285.1,dengue virus type 3
WGT92627.1,dengue virus type 3
WVN40784.1,dengue virus type 3
ACA58341.1,dengue virus type 3
AEF01533.1,dengue virus type 3
XKQ27372.1,dengue virus type 3
YBK89170.1,dengue virus type 3
XJQ61100.1,dengue virus type 3
AHI17475.1,dengue virus type 3
XFB80467.1,dengue virus type 3
ACA58324.1,dengue virus type 3
ANC57608.1,dengue virus type 3
ACY70802.1,dengue virus type 3
XQH05723.1,dengue virus type 3
WPF60236.1,dengue virus type 3
WJE97953.1,dengue virus type 3
WLD55723.1,dengue virus type 3
YAJ45038.1,dengue virus type 3
QFS19497.1,dengue virus type 3
WNX97876.1,dengue virus type 3
AEE99033.1,dengue virus type 3
QTX93564.1,dengue virus type 3
AQV12581.1,dengue virus type 3
XEO29473.1,dengue virus type 3
WGD01029.1,dengue virus type 3
XDL09065.1,dengue virus type 3
QTX93256.1,dengue virus type 3
XQH47550.1,dengue virus type 3
WJE97948.1,dengue virus type 3
AQV12624.1,dengue virus type 3
WGD01018.1,dengue virus type 3
XGZ23332.1,dengue virus type 3
QIS48876.1,dengue virus type 3
XDL06108.1,dengue virus type 3
ACD13318.1,dengue virus type 3
WZP38467.1,dengue virus type 3
XJQ61086.1,dengue virus type 3
ADO97110.1,dengue virus type 3
AWI64265.1,dengue virus type 1
UMB40976.1,dengue virus type 3
XMF56289.1,dengue virus type 3
ADU76205.1,dengue virus type 3
XCT47109.1,dengue virus type 3
XJQ61083.1,dengue virus type 3
QTX93300.1,dengue virus type 3
XJQ61128.1,dengue virus type 3
WME20803.1,dengue virus type 3
QTX93425.1,dengue virus type 3
AQV12600.1,dengue virus type 3
XDT57227.1,dengue virus type 3
WDE20569.1,dengue virus type 3
ARM59247.1,dengue virus type 3
QTX93458.1,dengue virus type 3
AHC98458.1,dengue virus type 3
WGD00987.1,dengue virus type 3
SPO69982.1,dengue virus type 3
AEF01541.1,dengue virus type 3
XCI54623.1,dengue virus type 3
ADK26427.1,dengue virus type 3
WRW13033.1,dengue virus type 3
AFK83761.1,dengue virus type 3
AEF57556.1,dengue virus type 3
YAJ45109.1,dengue virus type 3
WGD00994.1,dengue virus type 3
ACY70842.1,dengue virus type 3
ANS59201.1,dengue virus type 3
XQZ81204.1,dengue virus type 3
AHI43679.1,dengue virus type 3
XJW14028.1,dengue virus type 3
QTX93500.1,dengue virus type 3
UNZ84418.1,dengue virus type 3
QDR24495.1,dengue virus type 3
ACY70839.1,dengue virus type 3
WGD00984.1,dengue virus type 3
YBP09323.1,dengue virus type 3
XDT57262.1,dengue virus type 3
XJW14026.1,dengue virus type 3
WOX58766.1,dengue virus type 3
YAJ45090.1,dengue virus type 3
QTX93234.1,dengue virus type 3
ACA48726.1,dengue virus type 3
XIF04127.1,dengue virus type 3
QTX93503.1,dengue virus type 3
QTX93374.1,dengue virus type 3
ACA48863.1,dengue virus type 3
WOX58734.1,dengue virus type 3
AQV12530.1,dengue virus type 3
AQV12573.1,dengue virus type 3
QTX93549.1,dengue virus type 3
WGD01032.1,dengue virus type 3
QIS48873.1,dengue virus type 3
WIA70309.1,dengue virus type 3
XBR22900.1,dengue virus type 3
UMB40996.1,dengue virus type 3
WYV68606.1,dengue virus type 3
QTX93590.1,dengue virus type 3
QTX93283.1,dengue virus type 3
WGD01045.1,dengue virus type 3
WME20748.1,dengue virus type 3
ACD13405.1,dengue virus type 3
QST05016.1,dengue virus type 3
QBQ58391.1,dengue virus type 3
ACS32030.1,dengue virus type 3
WZP38462.1,dengue virus type 3
WNO50265.1,dengue virus type 3
QDG00750.1,dengue virus type 3
XMN96763.1,dengue virus type 3
ACL99182.1,dengue virus type 3
QTX93394.1,dengue virus type 3
AQV12634.1,dengue virus type 3
AQV12555.1,dengue virus type 3
WOX58726.1,dengue virus type 3
AQV12628.1,dengue virus type 3
YBK92814.1,dengue virus type 3
WGD00978.1,dengue virus type 3
QTX93604.1,dengue virus type 3
WDE20559.1,dengue virus type 3
XLV54232.1,dengue virus type 3
WME20754.1,dengue virus type 3
QDG00737.1,dengue virus type 3
WQE65121.1,dengue virus type 3
QFS19498.1,dengue virus type 3
WGD01030.1,dengue virus type 3
AHI43684.1,dengue virus type 3
WRW13025.1,dengue virus type 3
XHB72350.1,dengue virus type 3
WGD00973.1,dengue virus type 3
WNO50285.1,dengue virus type 3
ASX95472.1,dengue virus type 3
QTX93307.1,dengue virus type 3
QTX93534.1,dengue virus type 3
AMH87204.1,dengue virus type 3
QTX93306.1,dengue virus type 3
ABW82025.1,dengue virus type 3
YBX56929.1,dengue virus type 3
XMF56296.1,dengue virus type 3
WGD00990.1,dengue virus type 3
QEP41654.1,dengue virus type 3
QTX93303.1,dengue virus type 3
ASS36951.1,dengue virus type 3
WLD55669.1,dengue virus type 3
QTX93511.1,dengue virus type 3
ANC57605.1,dengue virus type 3
QTX93487.1,dengue virus type 3
XDT57233.1,dengue virus type 3
YBP09249.1,dengue virus type 3
ACL98987.1,dengue virus type 3
ACL98994.1,dengue virus type 3
YBW94369.1,dengue virus type 3
QTX93504.1,dengue virus type 3
WOX58770.1,dengue virus type 3
XQC66200.1,dengue virus type 3
XDT57266.1,dengue virus type 3
WNO50317.1,dengue virus type 3
ABV03585.1,dengue virus type 3
XJQ61097.1,dengue virus type 3
WYV68617.1,dengue virus type 3
WOX58774.1,dengue virus type 3
WGG30915.1,dengue virus type 3
YAJ45081.1,dengue virus type 3
QTX93438.1,dengue virus type 3
WOX58784.1,dengue virus type 3
YBP09310.1,dengue virus type 3
WQE65111.1,dengue virus type 3
WJZ47688.1,dengue virus type 3
YBP09241.1,dengue virus type 3
ACS32029.1,dengue virus type 3
ACL98986.1,dengue virus type 3
WNO50309.1,dengue virus type 3
YBP09294.1,dengue virus type 3
XQH47554.1,dengue virus type 3
ACQ44512.1,dengue virus type 3
XLV54239.1,dengue virus type 3
WRW13027.1,dengue virus type 3
XCM77334.1,dengue virus type 3
WYV68629.1,dengue virus type 3
XJW14027.1,dengue virus type 3
ABW82038.1,dengue virus type 3
QTX93484.1,dengue virus type 3
WZL58228.1,dengue virus type 3
WFG60281.1,dengue virus type 3
SPO69984.1,dengue virus type 3
QTX93448.1,dengue virus type 3
AVD96675.1,dengue virus type 3
ACW82916.1,dengue virus type 3
QHR82515.1,dengue virus type 3
XER78286.1,dengue virus type 3
ACH99669.1,dengue virus type 3
ACB29496.1,dengue virus type 3
ADI80662.1,dengue virus type 3
ACN42719.1,dengue virus type 3
YBG70375.1,dengue virus type 3
WYV68579.1,dengue virus type 3
AEE99022.1,dengue virus type 3
WEG68703.1,dengue virus type 3
WGD01026.1,dengue virus type 3
AIO11770.1,dengue virus type 3
QTX93399.1,dengue virus type 3
AHI43641.1,dengue virus type 3
ACB29499.1,dengue virus type 3
WJX08518.1,dengue virus type 3
XDT57273.1,dengue virus type 3
WNO50269.1,dengue virus type 3
QEP41660.1,dengue virus type 3
QTX93316.1,dengue virus type 3
WNO50315.1,dengue virus type 3
QTE05720.1,dengue virus type 3
WGD00971.1,dengue virus type 3
YBX56923.1,dengue virus type 3
ACO06137.1,dengue virus type 3
YBG70373.1,dengue virus type 3
XQH08063.1,dengue virus type 3
XQH47533.1,dengue virus type 3
QOV09268.1,dengue virus type 3
XCI54632.1,dengue virus type 3
WYV68561.1,dengue virus type 3
ABD65879.1,dengue virus type 3
AHG23219.1,dengue virus type 3
WZP38470.1,dengue virus type 3
ABW82037.1,dengue virus type 3
WQE65123.1,dengue virus type 3
WNO50279.1,dengue virus type 3
WGD01058.1,dengue virus type 3
ADO97106.1,dengue virus type 3
QTX93260.1,dengue virus type 3
QTX93246.1,dengue virus type 3
QFS19520.1,dengue virus type 3
XCT47108.1,dengue virus type 3
XDT57261.1,dengue virus type 3
WJZ47680.1,dengue virus type 3
XDT57264.1,dengue virus type 3
QFS19501.1,dengue virus type 3
XJW14030.1,dengue virus type 3
WLD55699.1,dengue virus type 3
AQV12638.1,dengue virus type 3
WZL58236.1,dengue virus type 3
WZP38480.1,dengue virus type 3
AAS49484.2,dengue virus type 3
QTX93569.1,dengue virus type 3
ARM59248.1,dengue virus type 3
WZP38457.1,dengue virus type 3
ABG73591.1,dengue virus type 3
QEP41661.1,dengue virus type 3
WRW13031.1,dengue virus type 3
QFS19528.1,dengue virus type 3
AJA37731.1,dengue virus type 3
ACL99078.1,dengue virus type 3
QTX93565.1,dengue virus type 3
WOX58799.1,dengue virus type 3
QFS19489.1,dengue virus type 3
XLV54226.1,dengue virus type 3
AHG23272.1,dengue virus type 3
WNO50296.1,dengue virus type 3
YAB37933.1,dengue virus type 3
QCZ25048.1,dengue virus type 3
ADK26423.1,dengue virus type 3
ACQ44383.1,dengue virus type 3
WQE65105.1,dengue virus type 3
WME20755.1,dengue virus type 3
YAJ45086.1,dengue virus type 3
WGD01063.1,dengue virus type 3
AAW51413.2,dengue virus type 3
XDT57235.1,dengue virus type 3
QTX93335.1,dengue virus type 3
YAJ45087.1,dengue virus type 3
QFS19492.1,dengue virus type 3
QTX93461.1,dengue virus type 3
YBG70367.1,dengue virus type 3
WQE65113.1,dengue virus type 3
QTX93315.1,dengue virus type 3
AEH59350.1,dengue virus type 3
WZP38459.1,dengue virus type 3
ACW82915.1,dengue virus type 3
XNJ16083.1,dengue virus type 3
WDE20565.1,dengue virus type 3
XYL12304.1,dengue virus type 3
QTX93453.1,dengue virus type 3
WJX08520.1,dengue virus type 3
WYV68615.1,dengue virus type 3
YBT36429.1,dengue virus type 3
YBG70385.1,dengue virus type 3
UNY80764.1,dengue virus type 1
QTE05688.1,dengue virus type 3
QTX93377.1,dengue virus type 3
WDE20521.1,dengue virus type 3
XJQ61133.1,dengue virus type 3
ADU76215.1,dengue virus type 3
ACY70838.1,dengue virus type 3
QCZ25018.1,dengue virus type 3
ACY70746.1,dengue virus type 3
UWM25508.1,dengue virus type 3
XCI54634.1,dengue virus type 3
ACA48879.1,dengue virus type 3
AGH08164.1,dengue virus type 3
WJE97951.1,dengue virus type 3
XQH05714.1,dengue virus type 3
AQV12619.1,dengue virus type 3
UBI73853.1,dengue virus type 1
WZP38466.1,dengue virus type 3
WOX58808.1,dengue virus type 3
XDT57248.1,dengue virus type 3
XFA12683.1,dengue virus type 3
AHG06377.1,dengue virus type 3
WLD55698.1,dengue virus type 3
ABW82045.1,dengue virus type 3
QTX93267.1,dengue virus type 3
QTE05687.1,dengue virus type 3
WYV68647.1,dengue virus type 3
XIF04126.1,dengue virus type 3
XLV54233.1,dengue virus type 3
WRW13021.1,dengue virus type 3
ADK26446.1,dengue virus type 3
XDL07785.1,dengue virus type 3
XHY97999.1,dengue virus type 3
QUD37256.1,dengue virus type 3
QTX93584.1,dengue virus type 3
QTX93396.1,dengue virus type 3
WZP31911.1,dengue virus type 3
ACY70776.1,dengue virus type 3
ACA58336.1,dengue virus type 3
WYV68600.1,dengue virus type 3
ACL99090.1,dengue virus type 3
ACL99246.1,dengue virus type 3
XDL77733.1,dengue virus type 3
XRY74890.1,dengue virus type 3
QUD37250.1,dengue virus type 3
ACL99143.1,dengue virus type 3
WZL58227.1,dengue virus type 3
YAJ45121.1,dengue virus type 3
XKQ27339.1,dengue virus type 3
WDE20555.1,dengue virus type 3
ACV04798.1,dengue virus type 3
AQV12557.1,dengue virus type 3
ACS32028.1,dengue virus type 3
QPI11918.1,dengue virus type 3
AAW51416.2,dengue virus type 3
ACY70747.1,dengue virus type 3
XCT47111.1,dengue virus type 3
QTX93265.1,dengue virus type 3
ADU76199.1,dengue virus type 3
WOX58811.1,dengue virus type 3
AAA99437.1,dengue virus type 3
WPF59422.1,dengue virus type 3
QPI11928.1,dengue virus type 3
WQE65100.1,dengue virus type 3
QDG00745.1,dengue virus type 3
QTX93327.1,dengue virus type 3
ACL99047.1,dengue virus type 3
WNO50283.1,dengue virus type 3
ACY70803.1,dengue virus type 3
XQH05717.1,dengue virus type 3
QTX93304.1,dengue virus type 3
AAW66472.1,dengue virus type 3
QFS19514.1,dengue virus type 3
XEO29469.1,dengue virus type 3
UMB40987.1,dengue virus type 3
ACA58328.1,dengue virus type 3
QST05024.1,dengue virus type 3
WZL58238.1,dengue virus type 3
XQH08057.1,dengue virus type 3
WYV68564.1,dengue virus type 3
QTE05706.1,dengue virus type 3
WDE20548.1,dengue virus type 3
WYV68588.1,dengue virus type 3
QDG00747.1,dengue virus type 3
ACL99053.1,dengue virus type 3
AAW66477.1,dengue virus type 3
WME20796.1,dengue virus type 3
XFB80461.1,dengue virus type 3
AQV12622.1,dengue virus type 3
XNJ62325.1,dengue virus type 3
QUD37252.1,dengue virus type 3
AQV12527.1,dengue virus type 3
WOX58812.1,dengue virus type 3
QTX93467.1,dengue virus type 3
XRP78497.1,dengue virus type 3
ACN42721.1,dengue virus type 3
WME20792.1,dengue virus type 3
SPO69987.1,dengue virus type 3
ADK26426.1,dengue virus type 3
ACN42724.1,dengue virus type 3
XJQ61070.1,dengue virus type 3
AQV12637.1,dengue virus type 3
AQV12542.1,dengue virus type 3
ABW82046.1,dengue virus type 3
QTE05710.1,dengue virus type 3
AEH59351.1,dengue virus type 3
WLD55717.1,dengue virus type 3
QTX93332.1,dengue virus type 3
ACL98985.1,dengue virus type 3
YAJ45045.1,dengue virus type 3
XBR22902.1,dengue virus type 3
YBP09259.1,dengue virus type 3
AQV12588.1,dengue virus type 3
ANC57611.1,dengue virus type 3
XZP71618.1,dengue virus type 3
YEH57877.1,dengue virus type 3
XLT96517.1,dengue virus type 3
AEE99027.1,dengue virus type 3
AUZ41822.1,dengue virus type 3
UNY80758.1,dengue virus type 1
AQV12644.1,dengue virus type 3
AMH87197.1,dengue virus type 3
XMF56285.1,dengue virus type 3
XQH47559.1,dengue virus type 3
QTX93351.1,dengue virus type 3
QTX93456.1,dengue virus type 3
USI59540.1,dengue virus type 3
QST05021.1,dengue virus type 3
AQV12606.1,dengue virus type 3
WME20786.1,dengue virus type 3
WLD15690.1,dengue virus type 3
YBP09247.1,dengue virus type 3
QZE60613.1,dengue virus type 3
WRW13041.1,dengue virus type 3
ABD65874.1,dengue virus type 3
ACL99245.1,dengue virus type 3
QTX93299.1,dengue virus type 3
AHG23270.1,dengue virus type 3
YBP09300.1,dengue virus type 3
WOX58748.1,dengue virus type 3
WNO50308.1,dengue virus type 3
WGD01064.1,dengue virus type 3
XQH05719.1,dengue virus type 3
AEF01545.1,dengue virus type 3
ADI80656.1,dengue virus type 3
XNJ62317.1,dengue virus type 3
QHD57347.1,dengue virus type 3
AEF57558.1,dengue virus type 3
WYV68563.1,dengue virus type 3
WZP38479.1,dengue virus type 3
XXM96991.1,dengue virus type 3
XLV54228.1,dengue virus type 3
XFB80465.1,dengue virus type 3
AHC98452.1,dengue virus type 3
WDE20520.1,dengue virus type 3
WLK66462.1,dengue virus type 3
WNX97886.1,dengue virus type 3
ANS59198.1,dengue virus type 3
WDE20578.1,dengue virus type 3
UMB40990.1,dengue virus type 3
ANC57612.1,dengue virus type 3
QTX93429.1,dengue virus type 3
QTX93593.1,dengue virus type 3
XQH08062.1,dengue virus type 3
AAV88383.1,dengue virus type 3
YAJ45040.1,dengue virus type 3
QIS48879.1,dengue virus type 3
QTE05689.1,dengue virus type 3
XGZ23324.1,dengue virus type 3
QTE05697.1,dengue virus type 3
QTX93407.1,dengue virus type 3
WRW13026.1,dengue virus type 3
WOX58762.1,dengue virus type 3
AMH87206.1,dengue virus type 3
WYV68572.1,dengue virus type 3
WZL58214.1,dengue virus type 3
XNJ16074.1,dengue virus type 3
QDG00734.1,dengue virus type 3
AFY10044.1,dengue virus type 3
AQV12556.1,dengue virus type 3
ANC57607.1,dengue virus type 3
ACQ44530.1,dengue virus type 3
WYV68603.1,dengue virus type 3
XRP78500.1,dengue virus type 3
QPI70484.1,dengue virus type 3
WGD01006.1,dengue virus type 3
QTX93557.1,dengue virus type 3
ACY70749.1,dengue virus type 3
WPF59431.1,dengue virus type 3
WLD55673.1,dengue virus type 3
QTX93309.1,dengue virus type 3
WOX58789.1,dengue virus type 3
YBX55372.1,dengue virus type 3
USW90909.1,dengue virus type 3
QTX93298.1,dengue virus type 3
XKQ27327.1,dengue virus type 3
WQE65109.1,dengue virus type 3
YBX55370.1,dengue virus type 3
QFS19515.1,dengue virus type 3
WOX58752.1,dengue virus type 3
AUZ41820.1,dengue virus type 3
AQV12552.1,dengue virus type 3
YBK89162.1,dengue virus type 3
QTX93559.1,dengue virus type 3
WDE20564.1,dengue virus type 3
QDG00743.1,dengue virus type 3
WNO50292.1,dengue virus type 3
XJQ61066.1,dengue virus type 3
ACH99677.1,dengue virus type 3
AHC98455.1,dengue virus type 3
WOX58758.1,dengue virus type 3
AAV88386.1,dengue virus type 3
XXH95389.1,dengue virus type 3
WGD00960.1,dengue virus type 3
ACA48825.1,dengue virus type 3
YBP09263.1,dengue virus type 3
YAE67946.1,dengue virus type 3
USV27801.1,dengue virus type 3
ADK26432.1,dengue virus type 3
WOX58777.1,dengue virus type 3
WOX58764.1,dengue virus type 3
ACW82872.1,dengue virus type 3
ACO06136.1,dengue virus type 3
ACO06163.1,dengue virus type 3
AHI43652.1,dengue virus type 3
QXM02604.1,dengue virus type 3
WDE20542.1,dengue virus type 3
WGD01022.1,dengue virus type 3
ACN42718.1,dengue virus type 3
ADI80660.1,dengue virus type 3
WRW13023.1,dengue virus type 3
YBK92811.1,dengue virus type 3
AEF01536.1,dengue virus type 3
WJG71811.1,dengue virus type 3
QBQ58393.1,dengue virus type 3
XOF14208.1,dengue virus type 3
WQE65129.1,dengue virus type 3
AFD28531.1,dengue virus type 3
QTX93592.1,dengue virus type 3
ACN42726.1,dengue virus type 3
XJO53389.1,dengue virus type 3
WRW13035.1,dengue virus type 3
ADK26438.1,dengue virus type 3
YAB37938.1,dengue virus type 3
QTX93465.1,dengue virus type 3
XCI54628.1,dengue virus type 3
AQV12611.1,dengue virus type 3
ACA58339.1,dengue virus type 3
WJG71808.1,dengue virus type 3
WDE20561.1,dengue virus type 3
ACL99037.1,dengue virus type 3
XQH05712.1,dengue virus type 3
WOX58765.1,dengue virus type 3
QTX93495.1,dengue virus type 3
AQV12558.1,dengue virus type 3
ACA48826.1,dengue virus type 3
QTX93542.1,dengue virus type 3
XGZ23338.1,dengue virus type 3
AEE99034.1,dengue virus type 3
XDO24411.1,dengue virus type 3
WRW13036.1,dengue virus type 3
WGD01025.1,dengue virus type 3
WDE20534.1,dengue virus type 3
QFS19508.1,dengue virus type 3
AIO11766.1,dengue virus type 3
WEY17627.1,dengue virus type 3
ACL99067.1,dengue virus type 3
ADU76232.1,dengue virus type 3
AEF65939.1,dengue virus type 3
WME20807.1,dengue virus type 3
QTX93301.1,dengue virus type 3
WME20769.1,dengue virus type 3
XDT57279.1,dengue virus type 3
ACH61721.1,dengue virus type 3
YBP09319.1,dengue virus type 3
AMH87207.1,dengue virus type 3
YAJ45056.1,dengue virus type 3
AEE99026.1,dengue virus type 3
WOX58768.1,dengue virus type 3
XQU39403.1,dengue virus type 3
XXM96988.1,dengue virus type 3
ACQ44480.1,dengue virus type 3
AHF45693.1,dengue virus type 3
AHF45699.1,dengue virus type 3
XQH05720.1,dengue virus type 3
XQH05721.1,dengue virus type 3
AIO11765.1,dengue virus type 3
WQE65125.1,dengue virus type 3
AHC98407.1,dengue virus type 3
XQH47542.1,dengue virus type 3
ACL99239.1,dengue virus type 3
XDT57241.1,dengue virus type 3
QTX93237.1,dengue virus type 3
QTX93470.1,dengue virus type 3
AXB26589.1,dengue virus type 3
WZP38448.1,dengue virus type 3
WDE20538.1,dengue virus type 3
ACL99064.1,dengue virus type 3
QTX93421.1,dengue virus type 3
ACY70817.1,dengue virus type 3
YBP09289.1,dengue virus type 3
XHM98565.1,dengue virus type 3
XKQ27362.1,dengue virus type 3
ACY70805.1,dengue virus type 3
YBK95143.1,dengue virus type 3
QTX93607.1,dengue virus type 3
AXG22238.1,dengue virus type 3
WGD01019.1,dengue virus type 3
QTX93546.1,dengue virus type 3
WPF60258.1,dengue virus type 3
XER78295.1,dengue virus type 3
QFS19481.1,dengue virus type 3
AQV12605.1,dengue virus type 3
AHI43662.1,dengue virus type 3
QTE05701.1,dengue virus type 3
WNO50280.1,dengue virus type 3
AQV12528.1,dengue virus type 3
WNO50263.1,dengue virus type 3
AAW51410.2,dengue virus type 3
XJO53383.1,dengue virus type 3
XLV54236.1,dengue virus type 3
UNZ84419.1,dengue virus type 1
YAJ45075.1,dengue virus type 3
XFB80468.1,dengue virus type 3
XXM96993.1,dengue virus type 3
QTX93376.1,dengue virus type 3
ACN42696.1,dengue virus type 3
UDI89635.1,dengue virus type 3
AGN94906.1,dengue virus type 3
XGZ23331.1,dengue virus type 3
ABW82055.1,dengue virus type 3
ABG73589.1,dengue virus type 3
BBH51324.1,dengue virus type 3
WRW13029.1,dengue virus type 3
QHD57344.1,dengue virus type 3
WEY17631.1,dengue virus type 3
YAJ45058.1,dengue virus type 3
ASK05287.1,dengue virus type 3
ABW82051.1,dengue virus type 3
WVN40805.1,dengue virus type 3
UZZ63633.1,dengue virus type 3
ADU76213.1,dengue virus type 3
AQV12541.1,dengue virus type 3
YBX55375.1,dengue virus type 3
QTX93343.1,dengue virus type 3
ABW82052.1,dengue virus type 3
WZL58231.1,dengue virus type 3
QTX93236.1,dengue virus type 3
XNJ16080.1,dengue virus type 3
QTX93386.1,dengue virus type 3
ACL99007.1,dengue virus type 3
QFS19527.1,dengue virus type 3
AFD28539.1,dengue virus type 3
WGD01031.1,dengue virus type 3
WQE65115.1,dengue virus type 3
XVO60296.1,dengue virus type 3
XMF56288.1,dengue virus type 3
AQV12560.1,dengue virus type 3
QTX93507.1,dengue virus type 3
WQE65119.1,dengue virus type 3
QTX93563.1,dengue virus type 3
XMN96767.1,dengue virus type 3
AQV12648.1,dengue virus type 3
ACY70756.1,dengue virus type 3
WNO50284.1,dengue virus type 3
XJO53381.1,dengue virus type 3
QTX93571.1,dengue virus type 3
ADI80661.1,dengue virus type 3
ACH61715.1,dengue virus type 3
AAW66479.1,dengue virus type 3
WLD55706.1,dengue virus type 3
WYV68569.1,dengue virus type 3
ACJ04189.1,dengue virus type 3
WPF60248.1,dengue virus type 3
WZL58224.1,dengue virus type 3
QTX93538.1,dengue virus type 3
WEG68711.1,dengue virus type 3
QBQ58392.1,dengue virus type 3
QTX93408.1,dengue virus type 3
QHR82521.1,dengue virus type 3
XHB23404.1,dengue virus type 3
AGN94894.1,dengue virus type 3
AFY10046.1,dengue virus type 3
QTX93492.1,dengue virus type 3
ABW82022.1,dengue virus type 3
WKC20827.1,dengue virus type 1
AUZ41823.1,dengue virus type 3
AQV12641.1,dengue virus type 3
AXB26587.1,dengue virus type 3
AHF45687.1,dengue virus type 3
YBP09325.1,dengue virus type 3
AQV12576.1,dengue virus type 3
WQE65122.1,dengue virus type 3
ACN42727.1,dengue virus type 3
ACL99048.1,dengue virus type 3
BAD42418.1,dengue virus type 3
QFS19477.1,dengue virus type 3
QTX93473.1,dengue virus type 3
SPO69986.1,dengue virus type 3
YBU65597.1,dengue virus type 3
AQV12640.1,dengue virus type 3
WGD01015.1,dengue virus type 3
ACL99040.1,dengue virus type 3
ABW82033.1,dengue virus type 3
XQH47556.1,dengue virus type 3
XCI54614.1,dengue virus type 3
WEX19294.1,dengue virus type 3
XCT47107.1,dengue virus type 3
ACL99073.1,dengue virus type 3
AQV12548.1,dengue virus type 3
ACH99654.1,dengue virus type 3
ABW82057.1,dengue virus type 3
AFK83758.1,dengue virus type 3
QDG00749.1,dengue virus type 3
ACA48728.1,dengue virus type 3
WNO50267.1,dengue virus type 3
ACY70844.1,dengue virus type 3
SNQ41863.1,dengue virus type 3
QTX93356.1,dengue virus type 3
YBG70384.1,dengue virus type 3
WNO50281.1,dengue virus type 3
XDT57275.1,dengue virus type 3
WOX58775.1,dengue virus type 3
AMH87194.1,dengue virus type 3
QTX93543.1,dengue virus type 3
ACL99041.1,dengue virus type 3
WGD01035.1,dengue virus type 3
ACW83000.1,dengue virus type 3
AHG23232.1,dengue virus type 3
WEG68710.1,dengue virus type 3
QTX93329.1,dengue virus type 3
WPF60230.1,dengue virus type 3
YAJ45092.1,dengue virus type 3
XIF04125.1,dengue virus type 3
QOV09269.1,dengue virus type 3
AQV12570.1,dengue virus type 3
XQH05713.1,dengue virus type 3
ABW82040.1,dengue virus type 3
WEY17632.1,dengue virus type 3
XHB23403.1,dengue virus type 3
XMF56295.1,dengue virus type 3
YBP09284.1,dengue virus type 3
QTX93359.1,dengue virus type 3
WDE20515.1,dengue virus type 3
ACL99238.1,dengue virus type 3
ADI80657.1,dengue virus type 3
WQE65114.1,dengue virus type 3
WGD01013.1,dengue virus type 3
WRW13019.1,dengue virus type 3
QTX93358.1,dengue virus type 3
QXM02601.1,dengue virus type 3
ACL99179.1,dengue virus type 3
ACQ44381.1,dengue virus type 3
WGD01062.1,dengue virus type 3
UMB40970.1,dengue virus type 3
QTX93349.1,dengue virus type 3
WYV68651.1,dengue virus type 3
WGG30914.1,dengue virus type 3
QTX93485.1,dengue virus type 3
WAX21091.1,dengue virus type 3
WLD55751.1,dengue virus type 3
ACH61683.1,dengue virus type 3
QTX93444.1,dengue virus type 3
XGZ23320.1,dengue virus type 3
QFS19479.1,dengue virus type 3
XDL77734.1,dengue virus type 3
QHD57346.1,dengue virus type 3
XQH08065.1,dengue virus type 3
UNW73014.1,dengue virus type 3
WVN40794.1,dengue virus type 3
AHG23242.1,dengue virus type 3
QTX93466.1,dengue virus type 3
WME20775.1,dengue virus type 3
QPI11925.1,dengue virus type 3
AAB69126.2,dengue virus type 3
WOX58798.1,dengue virus type 3
AEF01551.1,dengue virus type 3
WLD55722.1,dengue virus type 3
WME20800.1,dengue virus type 3
CDF77361.1,dengue virus type 3
WPF60239.1,dengue virus type 3
ABG73596.1,dengue virus type 3
WOX58778.1,dengue virus type 3
ACW82999.1,dengue virus type 3
XBR22899.1,dengue virus type 3
AHI43660.1,dengue virus type 3
QIS48875.1,dengue virus type 3
ACQ44503.1,dengue virus type 3
QTX93480.1,dengue virus type 3
AMA21734.1,dengue virus type 3
AEF57557.1,dengue virus type 3
QCZ25022.1,dengue virus type 3
YAV95521.1,dengue virus type 3
QTX93279.1,dengue virus type 3
YAJ45098.1,dengue virus type 3
WGD01056.1,dengue virus type 3
QTX93289.1,dengue virus type 3
ACW82883.1,dengue virus type 3
ABW82023.1,dengue virus type 3
QTE05693.1,dengue virus type 3
ACA48862.1,dengue virus type 3
ACE63532.1,dengue virus type 3
WDE20519.1,dengue virus type 3
QTX93268.1,dengue virus type 3
QPI11927.1,dengue virus type 3
WDE20523.1,dengue virus type 3
AVD96676.1,dengue virus type 3
YBG70286.1,dengue virus type 3
WEG68701.1,dengue virus type 3
QDG00751.1,dengue virus type 3
YDT71722.1,dengue virus type 3
XER78297.1,dengue virus type 3
WOX58747.1,dengue virus type 3
ACO06159.1,dengue virus type 3
ACQ44485.1,dengue virus type 3
XQH47566.1,dengue virus type 3
AXX75612.1,dengue virus type 3
XNJ62318.1,dengue virus type 3
WGD01048.1,dengue virus type 3
WZL58230.1,dengue virus type 3
WGD00966.1,dengue virus type 3
ACJ04179.1,dengue virus type 3
XKQ27347.1,dengue virus type 3
QIB99401.1,dengue virus type 3
QEP41658.1,dengue virus type 3
ACL99066.1,dengue virus type 3
XJQ61123.1,dengue virus type 3
QTX93240.1,dengue virus type 3
QTX92078.1,dengue virus type 3
ACN42725.1,dengue virus type 3
XLV23533.1,dengue virus type 3
AXX75611.1,dengue virus type 3
AQV12540.1,dengue virus type 3
AGN94907.1,dengue virus type 3
YAA48922.1,dengue virus type 3
ACL99010.1,dengue virus type 3
ACQ44482.1,dengue virus type 3
UNY81277.1,dengue virus type 3
QFS19482.1,dengue virus type 3
WPF60228.1,dengue virus type 3
ADK26421.1,dengue virus type 3
WGD01002.1,dengue virus type 3
WLD55700.1,dengue virus type 3
AMH87199.1,dengue virus type 3
YBP09304.1,dengue virus type 3
QTX93347.1,dengue virus type 3
AHC98415.1,dengue virus type 3
XQH47546.1,dengue virus type 3
AEE99036.1,dengue virus type 3
WOX58724.1,dengue virus type 3
XQH47543.1,dengue virus type 3
XMH29618.1,dengue virus type 3
QTX93605.1,dengue virus type 3
WDE20533.1,dengue virus type 3
XJO53384.1,dengue virus type 3
ACL98992.1,dengue virus type 3
AQV12639.1,dengue virus type 3
WDE20544.1,dengue virus type 3
XCI54638.1,dengue virus type 3
AAW66608.1,dengue virus type 3
WYV68630.1,dengue virus type 3
WYV68654.1,dengue virus type 3
WGG30909.1,dengue virus type 3
YBG70371.1,dengue virus type 3
XQC66199.1,dengue virus type 3
QTX93292.1,dengue virus type 3
WLD55647.1,dengue virus type 3
QTX93412.1,dengue virus type 3
ACL99183.1,dengue virus type 3
YBP09252.1,dengue virus type 3
WYV68618.1,dengue virus type 3
AIH13925.1,dengue virus type 3
CAS92638.1,dengue virus type 3
QTX93296.1,dengue virus type 3
AFZ40126.1,dengue virus type 3
WGD01050.1,dengue virus type 3
ACL99086.1,dengue virus type 3
AQV12587.1,dengue virus type 3
WCD38864.1,dengue virus type 3
XUY41539.1,dengue virus type 3
WRW13017.1,dengue virus type 3
QDG00736.1,dengue virus type 3
WGH53893.1,dengue virus type 3
QTX93576.1,dengue virus type 3
QTX93486.1,dengue virus type 3
AEA50924.1,dengue virus type 3
WJE97955.1,dengue virus type 3
XJQ61073.1,dengue virus type 3
ABW82058.1,dengue virus type 3
AHF45696.1,dengue virus type 3
XQH47549.1,dengue virus type 3
WAX18708.1,dengue virus type 3
ACB87135.1,dengue virus type 3
QTX93475.1,dengue virus type 3
QTX93524.1,dengue virus type 3
XQH05715.1,dengue virus type 3
XCO72090.1,dengue virus type 3
WDE20525.1,dengue virus type 3
ACA58322.1,dengue virus type 3
UMB40980.1,dengue virus type 3
USV27804.1,dengue virus type 3
ACH61690.1,dengue virus type 3
AGN94910.1,dengue virus type 3
AQV12584.1,dengue virus type 3
WLD55718.1,dengue virus type 3
UDI89638.1,dengue virus type 3
YAJ45124.1,dengue virus type 3
QCZ25021.1,dengue virus type 3
UNW73019.1,dengue virus type 3
AHC98457.1,dengue virus type 3
WVN40793.1,dengue virus type 3
WRW12843.1,dengue virus type 1
QDG00742.1,dengue virus type 3
XIF04129.1,dengue virus type 3
QTX93402.1,dengue virus type 3
UMB40979.1,dengue virus type 3
QFS19483.1,dengue virus type 3
WOX58771.1,dengue virus type 3
ABW82019.1,dengue virus type 3
QTX93454.1,dengue virus type 3
YBK89168.1,dengue virus type 3
UWM25506.1,dengue virus type 3
QTX93274.1,dengue virus type 3
XRP78506.1,dengue virus type 3
QUD37253.1,dengue virus type 3
AGN94905.1,dengue virus type 3
XDL07784.1,dengue virus type 3
WZP31910.1,dengue virus type 3
QTX93554.1,dengue virus type 3
YBX55383.1,dengue virus type 3
WNO50270.1,dengue virus type 3
WNX97888.1,dengue virus type 3
QIS48874.1,dengue virus type 3
YAA48926.1,dengue virus type 3
WNO50289.1,dengue virus type 3
ADK26443.1,dengue virus type 3
UNP61846.1,dengue virus type 3
XGZ23323.1,dengue virus type 3
AFM82486.1,dengue virus type 3
ADU76212.1,dengue virus type 3
BAE48728.1,dengue virus type 3
AEF01542.1,dengue virus type 3
QTX93578.1,dengue virus type 3
ACQ44483.1,dengue virus type 3
WGD01077.1,dengue virus type 3
WJJ07798.1,dengue virus type 3
XCM77338.1,dengue virus type 3
QTX93474.1,dengue virus type 3
UMB40962.1,dengue virus type 3
ACL98996.1,dengue virus type 3
ABY73735.1,dengue virus type 3
WME20766.1,dengue virus type 3
WME20774.1,dengue virus type 3
CDF77360.1,dengue virus type 3
WLD55694.1,dengue virus type 3
YBK92813.1,dengue virus type 3
ACQ44495.1,dengue virus type 3
WME20789.1,dengue virus type 3
WLD55734.1,dengue virus type 3
QEP41652.1,dengue virus type 3
AHI43659.1,dengue virus type 3
YBG70383.1,dengue virus type 3
XLT96512.1,dengue virus type 3
WVN40783.1,dengue virus type 3
ACS31998.1,dengue virus type 3
UNY81284.1,dengue virus type 1
AHG23228.1,dengue virus type 3
XLV54222.1,dengue virus type 3
WLD15584.1,dengue virus type 3
QTX93409.1,dengue virus type 3
QTE05713.1,dengue virus type 3
WOX58754.1,dengue virus type 3
WYV68636.1,dengue virus type 3
WGD01027.1,dengue virus type 3
YBX56918.1,dengue virus type 3
ACJ04188.1,dengue virus type 3
WJZ47682.1,dengue virus type 3
WGD01016.1,dengue virus type 3
QTX93346.1,dengue virus type 3
WGD01075.1,dengue virus type 3
WZL58234.1,dengue virus type 3
ACW82935.1,dengue virus type 3
WJJ07801.1,dengue virus type 3
QTX93527.1,dengue virus type 3
WYV68597.1,dengue virus type 3
XMN96768.1,dengue virus type 3
AEF01544.1,dengue virus type 3
QTX93595.1,dengue virus type 3
XKQ27335.1,dengue virus type 3
ACL99033.1,dengue virus type 3
XKQ27368.1,dengue virus type 3
QTX93330.1,dengue virus type 3
WGD01008.1,dengue virus type 3
WFA14803.1,dengue virus type 3
XER78292.1,dengue virus type 3
WJG71813.1,dengue virus type 3
QTX93568.1,dengue virus type 3
WME20756.1,dengue virus type 3
ACY70744.1,dengue virus type 3
WNO50307.1,dengue virus type 3
QTX93353.1,dengue virus type 3
ABG73599.1,dengue virus type 3
QTE05709.1,dengue virus type 3
XJQ61134.1,dengue virus type 3
QTX93440.1,dengue virus type 3
WOX58731.1,dengue virus type 3
ACH61718.1,dengue virus type 3
XGZ23329.1,dengue virus type 3
WGD00985.1,dengue virus type 3
AQV12559.1,dengue virus type 3
UMB40974.1,dengue virus type 3
AQV12538.1,dengue virus type 3
WLD55670.1,dengue virus type 3
QTX93476.1,dengue virus type 3
QTX93537.1,dengue virus type 3
XBR22904.1,dengue virus type 3
ADZ13189.1,dengue virus type 3
AGN94900.1,dengue virus type 3
ACL98988.1,dengue virus type 3
QST05015.1,dengue virus type 3
AAT75224.1,dengue virus type 3
QTX93242.1,dengue virus type 3
XJQ61093.1,dengue virus type 3
WPF60235.1,dengue virus type 3
ABG73597.1,dengue virus type 3
WZP38475.1,dengue virus type 3
WDE20535.1,dengue virus type 3
WNO50305.1,dengue virus type 3
ACL99125.1,dengue virus type 3
XEO29470.1,dengue virus type 3
QDZ58866.1,dengue virus type 3
UAJ23633.1,dengue virus type 1
WNO50287.1,dengue virus type 3
AAS49481.2,dengue virus type 3
AQV12577.1,dengue virus type 3
WDE20567.1,dengue virus type 3
QTX93447.1,dengue virus type 3
ACY70773.1,dengue virus type 3
QTX93262.1,dengue virus type 3
AHG06369.1,dengue virus type 3
WGG30911.1,dengue virus type 3
QDZ58864.1,dengue virus type 3
WRW13028.1,dengue virus type 3
QTX93324.1,dengue virus type 3
XXM96995.1,dengue virus type 3
XXM96990.1,dengue virus type 3
XQH47565.1,dengue virus type 3
QTX93422.1,dengue virus type 3
QTX93517.1,dengue virus type 3
ACS31996.1,dengue virus type 3
WVN40799.1,dengue virus type 3
AHG23217.1,dengue virus type 3
WGD00957.1,dengue virus type 3
AAW66474.1,dengue virus type 3
XGZ23327.1,dengue virus type 3
QFS19505.1,dengue virus type 3
XNJ62329.1,dengue virus type 3
XXM96987.1,dengue virus type 3
QTX93320.1,dengue virus type 3
AHG23238.1,dengue virus type 3
ACL99094.1,dengue virus type 3
QQD79916.1,dengue virus type 3
AQV12529.1,dengue virus type 3
QFS19530.1,dengue virus type 3
ACL99042.1,dengue virus type 3
YBP09283.1,dengue virus type 3
WVN40797.1,dengue virus type 3
WYV68609.1,dengue virus type 3
ADK26420.1,dengue virus type 3
WJE97950.1,dengue virus type 3
QTX93591.1,dengue virus type 3
XDL06110.1,dengue virus type 3
YBG70377.1,dengue virus type 3
WOX58795.1,dengue virus type 3
QFS19524.1,dengue virus type 3
QTX93581.1,dengue virus type 3
QTX93535.1,dengue virus type 3
QFS19522.1,dengue virus type 3
WDE20573.1,dengue virus type 3
ACQ44511.1,dengue virus type 3
YAJ45106.1,dengue virus type 3
XQH08070.1,dengue virus type 3
ACQ44501.1,dengue virus type 3
QEP41656.1,dengue virus type 3
YBX56926.1,dengue virus type 3
WYV68571.1,dengue virus type 3
QTX93270.1,dengue virus type 3
WEG68713.1,dengue virus type 3
XJQ61074.1,dengue virus type 3
YAJ64164.1,dengue virus type 3
UNZ79679.1,dengue virus type 3
ACO06166.1,dengue virus type 3
WGD00999.1,dengue virus type 3
QTE05703.1,dengue virus type 3
QHJ86727.1,dengue virus type 3
QTX93390.1,dengue virus type 3
ACO06213.1,dengue virus type 3
QTX93411.1,dengue virus type 3
QTX93551.1,dengue virus type 3
ACJ04219.1,dengue virus type 3
AHI43647.1,dengue virus type 3
WZP31913.1,dengue virus type 3
WRW13039.1,dengue virus type 3
AEF01535.1,dengue virus type 3
WYV68642.1,dengue virus type 3
WLD55674.1,dengue virus type 3
QFS19499.1,dengue virus type 3
QQD79915.1,dengue virus type 3
AQV12599.1,dengue virus type 3
ACJ04178.1,dengue virus type 3
WPF60263.1,dengue virus type 3
AML29863.1,dengue virus type 3
ALS05358.1,dengue virus type 3
WGD01043.1,dengue virus type 3
WDE20528.1,dengue virus type 3
ASX95470.1,dengue virus type 3
AAW51415.2,dengue virus type 3
WZL58229.1,dengue virus type 3
WME20779.1,dengue virus type 3
ASX95468.1,dengue virus type 3
AHC72427.1,dengue virus type 3
XQH05716.1,dengue virus type 3
WME20749.1,dengue virus type 3
WLD55675.1,dengue virus type 3
QXM02603.1,dengue virus type 3
AMH87208.1,dengue virus type 3
AFK83754.1,dengue virus type 3
WOX58810.1,dengue virus type 3
QTX93446.1,dengue virus type 3
YBP09292.1,dengue virus type 3
ACH99651.1,dengue virus type 3
YBP09270.1,dengue virus type 3
WNO50316.1,dengue virus type 3
ADK26445.1,dengue virus type 3
WJJ07797.1,dengue virus type 3
YBT36428.1,dengue virus type 3
WJJ07799.1,dengue virus type 3
XQH47560.1,dengue virus type 3
XVO60295.1,dengue virus type 3
WVN40782.1,dengue virus type 3
AQV12632.1,dengue virus type 3
YCB66284.1,dengue virus type 3
ABD65873.1,dengue virus type 3
ACB87134.1,dengue virus type 3
QTX93344.1,dengue virus type 3
QUD37255.1,dengue virus type 3
WEG68704.1,dengue virus type 3
BAD42420.1,dengue virus type 3
AHI43666.1,dengue virus type 3
AHG23236.1,dengue virus type 3
XJQ61084.1,dengue virus type 3
XJQ61121.1,dengue virus type 3
ADU76222.1,dengue virus type 3
XXM96996.1,dengue virus type 3
XJQ61127.1,dengue virus type 3
AHI43683.1,dengue virus type 3
ACS31995.1,dengue virus type 3
ACW83001.1,dengue virus type 3
WNO50297.1,dengue virus type 3
ACW83004.1,dengue virus type 3
XLV54227.1,dengue virus type 3
AFK83764.1,dengue virus type 3
XER78296.1,dengue virus type 3
YBK89169.1,dengue virus type 3
WYV68653.1,dengue virus type 3
QFS19503.1,dengue virus type 3
YAJ64163.1,dengue virus type 3
AQV12572.1,dengue virus type 3
WDE20553.1,dengue virus type 3
YBG70386.1,dengue virus type 3
XXM96997.1,dengue virus type 3
WJE97947.1,dengue virus type 3
YBK89173.1,dengue virus type 3
ACL99076.1,dengue virus type 3
ADU76217.1,dengue virus type 3
ACY70806.1,dengue virus type 3
QTX93526.1,dengue virus type 3
YAJ45049.1,dengue virus type 3
UNP61848.1,dengue virus type 3
QTX93588.1,dengue virus type 3
AHG23251.1,dengue virus type 3
UCQ65258.1,dengue virus type 3
QBQ58390.1,dengue virus type 3
QTX93589.1,dengue virus type 3
XGZ23344.1,dengue virus type 3
QFS19519.1,dengue virus type 3
WJE97954.1,dengue virus type 3
AFK83753.1,dengue virus type 3
XJQ61107.1,dengue virus type 3
QTX93281.1,dengue virus type 3
AFD28534.1,dengue virus type 3
XDO24416.1,dengue virus type 3
WPF60247.1,dengue virus type 3
AHI43667.1,dengue virus type 3
AQV12629.1,dengue virus type 3
WVH32804.1,dengue virus type 3
QTX93596.1,dengue virus type 3
WYV68631.1,dengue virus type 3
ACY70814.1,dengue virus type 3
WGD00967.1,dengue virus type 3
WPF60253.1,dengue virus type 3
QTX93364.1,dengue virus type 3
WME20762.1,dengue virus type 3
ACL98998.1,dengue virus type 3
QTX93339.1,dengue virus type 3
WVN40775.1,dengue virus type 3
QTX93342.1,dengue virus type 3
UNZ79686.1,dengue virus type 3
WOX58782.1,dengue virus type 3
QFS19484.1,dengue virus type 3
XJQ61124.1,dengue virus type 3
QFS19475.1,dengue virus type 3
YBP09337.1,dengue virus type 3
AQV12635.1,dengue virus type 3
ACL99230.1,dengue virus type 3
WLD15580.1,dengue virus type 3
QTX93477.1,dengue virus type 3
ACY70765.1,dengue virus type 3
QEP41655.1,dengue virus type 3
XDT57253.1,dengue virus type 3
WZL58220.1,dengue virus type 3
ACY70809.1,dengue virus type 3
YAJ64159.1,dengue virus type 3
XNJ16079.1,dengue virus type 3
QTX93572.1,dengue virus type 3
YAJ45042.1,dengue virus type 3
ACO06144.1,dengue virus type 3
XBR22901.1,dengue virus type 3
UNY80761.1,dengue virus type 3
AQV12546.1,dengue virus type 3
QTX93413.1,dengue virus type 3
BBG31511.1,dengue virus type 3
QST05017.1,dengue virus type 3
AHG23222.1,dengue virus type 3
WDE20550.1,dengue virus type 3
ADI80658.1,dengue virus type 3
XCI54620.1,dengue virus type 3
WYV68595.1,dengue virus type 3
QDG00738.1,dengue virus type 3
AEF01549.1,dengue virus type 3
WNO50271.1,dengue virus type 3
QFS19502.1,dengue virus type 3
QTX93574.1,dengue virus type 3
QTX93410.1,dengue virus type 3
XCT47112.1,dengue virus type 3
AHI43670.1,dengue virus type 3
ACN42729.1,dengue virus type 3
AIO11767.1,dengue virus type 3
QTX93352.1,dengue virus type 3
ACQ44513.1,dengue virus type 3
AHG06366.1,dengue virus type 3
WGD01060.1,dengue virus type 3
WNO50300.1,dengue virus type 3
WRW13018.1,dengue virus type 3
UUB33514.1,dengue virus type 1
AHI43668.1,dengue virus type 3
ACW82936.1,dengue virus type 3
QTX93401.1,dengue virus type 3
WJX08513.1,dengue virus type 3
AEH59349.1,dengue virus type 3
AAW51418.1,dengue virus type 3
XMF56284.1,dengue virus type 3
AEF01532.1,dengue virus type 3
QTE05704.1,dengue virus type 3
XRY74904.1,dengue virus type 3
AHG06374.1,dengue virus type 3
ACL98989.1,dengue virus type 3
ACS32032.1,dengue virus type 3
YBP09342.1,dengue virus type 3
AJA37730.1,dengue virus type 3
AHG23252.1,dengue virus type 3
QTX93280.1,dengue virus type 3
QTX93469.1,dengue virus type 3
WGD01001.1,dengue virus type 3
AMH87190.1,dengue virus type 3
YBK92819.1,dengue virus type 3
QTE05685.1,dengue virus type 3
XKQ27379.1,dengue virus type 3
QTX93235.1,dengue virus type 3
WNO50304.1,dengue virus type 3
ACS31997.1,dengue virus type 3
XMH29615.1,dengue virus type 3
ACO06160.1,dengue virus type 3
ACO06139.1,dengue virus type 3
WNO50277.1,dengue virus type 3
XDL09066.1,dengue virus type 3
QPI11930.1,dengue virus type 3
XMF56294.1,dengue virus type 3
XGZ23321.1,dengue virus type 3
ACN42716.1,dengue virus type 3
XJQ61111.1,dengue virus type 3
XDT57282.1,dengue virus type 3
WNO50282.1,dengue virus type 3
AXG22237.1,dengue virus type 3
AEF01539.1,dengue virus type 3
QTX93498.1,dengue virus type 3
AAW51408.1,dengue virus type 3
UNZ84434.1,dengue virus type 1
QFS19500.1,dengue virus type 3
XMN96769.1,dengue virus type 3
ACS31999.1,dengue virus type 3
UNW73020.1,dengue virus type 1
WZP31912.1,dengue virus type 3
XKQ27380.1,dengue virus type 3
QTX93609.1,dengue virus type 3
ACL99174.1,dengue virus type 3
YBK92810.1,dengue virus type 3
QTX93333.1,dengue virus type 3
WYV68638.1,dengue virus type 3
XDT57276.1,dengue virus type 3
UMB40977.1,dengue virus type 3
XKQ27360.1,dengue virus type 3
ALJ02589.1,dengue virus type 3
YBP09293.1,dengue virus type 3
XDO24417.1,dengue virus type 3
QTX93325.1,dengue virus type 3
ACL99006.1,dengue virus type 3
ACL98995.1,dengue virus type 3
XXH95390.1,dengue virus type 3
ADO97107.1,dengue virus type 3
WLD55720.1,dengue virus type 3
XJQ61130.1,dengue virus type 3
UNY80759.1,dengue virus type 3
WYV68594.1,dengue virus type 3
XDT57265.1,dengue virus type 3
YBU65595.1,dengue virus type 3
XCI54636.1,dengue virus type 3
WOX58725.1,dengue virus type 3
WZL58237.1,dengue virus type 3
XQH08059.1,dengue virus type 3
XQH05711.1,dengue virus type 3
QTX93541.1,dengue virus type 3
WGD00980.1,dengue virus type 3
XJO53395.1,dengue virus type 3
ACA48725.1,dengue virus type 3
QTX93515.1,dengue virus type 3
QTX93238.1,dengue virus type 3
AAS49486.2,dengue virus type 3
ACL99234.1,dengue virus type 3
WYV68604.1,dengue virus type 3
AHI43642.1,dengue virus type 3
WLD55704.1,dengue virus type 3
UYT09405.1,dengue virus type 1
AFK83759.1,dengue virus type 3
ADU76210.1,dengue virus type 3
WME20742.1,dengue virus type 3
WZP38476.1,dengue virus type 3
XCM77331.1,dengue virus type 3
QOV09271.1,dengue virus type 3
AMH87193.1,dengue virus type 3
ACQ44502.1,dengue virus type 3
WPF59429.1,dengue virus type 3
QTE05695.1,dengue virus type 3
ACY70766.1,dengue virus type 3
ABW82060.1,dengue virus type 3
XQH47538.1,dengue virus type 3
WZP31922.1,dengue virus type 3
YBP09266.1,dengue virus type 3
AEZ01357.1,dengue virus type 3
QTE05702.1,dengue virus type 3
AFN80338.1,dengue virus type 3
AQV12614.1,dengue virus type 3
WRW13034.1,dengue virus type 3
ACW82922.1,dengue virus type 3
QEP41653.1,dengue virus type 3
WNX97874.1,dengue virus type 3
XMF56293.1,dengue virus type 3
AHC72429.1,dengue virus type 3
WPF60261.1,dengue virus type 3
XQH47561.1,dengue virus type 3
QFS19496.1,dengue virus type 3
QTE05696.1,dengue virus type 3
QTX93388.1,dengue virus type 3
XLV54215.1,dengue virus type 3
QTX93367.1,dengue virus type 3
WYV68562.1,dengue virus type 3
WOX58804.1,dengue virus type 3
UMB40989.1,dengue virus type 3
WGD01042.1,dengue virus type 3
YAA48924.1,dengue virus type 3
WDE20541.1,dengue virus type 3
WGD01052.1,dengue virus type 3
QTX93250.1,dengue virus type 3
XZP71619.1,dengue virus type 3
AVD96678.1,dengue virus type 3
WYV68605.1,dengue virus type 3
QTX93442.1,dengue virus type 3
QTE05712.1,dengue virus type 3
YAV95522.1,dengue virus type 3
XJQ61067.1,dengue virus type 3
WGD00969.1,dengue virus type 3
XBR22896.1,dengue virus type 3
YBK89161.1,dengue virus type 3
WYV68589.1,dengue virus type 3
WLD15585.1,dengue virus type 3
ACW82863.1,dengue virus type 3
WDE20556.1,dengue virus type 3
XMF56287.1,dengue virus type 3
ACL99000.1,dengue virus type 3
YBX55382.1,dengue virus type 3
WGD01076.1,dengue virus type 3
ADO97109.1,dengue virus type 3
WLD15684.1,dengue virus type 3
AHI43665.1,dengue virus type 3
WPF60227.1,dengue virus type 3
ACY70841.1,dengue virus type 3
YBP09317.1,dengue virus type 3
AQV12596.1,dengue virus type 3
WGD01023.1,dengue virus type 3
WYV68624.1,dengue virus type 3
UMB40971.1,dengue virus type 3
UNY80765.1,dengue virus type 3
XCM77332.1,dengue virus type 3
QTX93516.1,dengue virus type 3
AMH87205.1,dengue virus type 3
AQV12604.1,dengue virus type 3
QTX93483.1,dengue virus type 3
AXG22240.1,dengue virus type 3
AHI43677.1,dengue virus type 3
AQV12646.1,dengue virus type 3
QTX93611.1,dengue virus type 3
QTX93463.1,dengue virus type 3
WDE20517.2,dengue virus type 3
XJQ61080.1,dengue virus type 3
WGD01072.1,dengue virus type 3
WPF59430.1,dengue virus type 3
AAV88385.1,dengue virus type 3
YBX56925.1,dengue virus type 3
ACL99034.1,dengue virus type 3
WLD55715.1,dengue virus type 3
AEH59353.1,dengue virus type 3
WGD01009.1,dengue virus type 3
ACL99056.1,dengue virus type 3
QZE60604.1,dengue virus type 3
QCZ25017.1,dengue virus type 3
QTX93355.1,dengue virus type 3
WLD15582.1,dengue virus type 3
UCQ65255.1,dengue virus type 3
UMB40973.1,dengue virus type 3
ACL99232.1,dengue virus type 3
XLV54221.1,dengue virus type 3
YAJ45103.1,dengue virus type 3
WOX58797.1,dengue virus type 3
XMF56286.1,dengue virus type 3
ACL99113.1,dengue virus type 3
ANC57604.1,dengue virus type 3
YBX55371.1,dengue virus type 3
XJQ61125.1,dengue virus type 3
AQV12617.1,dengue virus type 3
WDE20568.1,dengue virus type 3
XPK55898.1,dengue virus type 3
WME20747.1,dengue virus type 3
ACL99112.1,dengue virus type 3
XQH47564.1,dengue virus type 3
YBP09265.1,dengue virus type 3
WNO50302.1,dengue virus type 3
AQV12621.1,dengue virus type 3
WME20767.1,dengue virus type 3
WOX58750.1,dengue virus type 3
QTX93583.1,dengue virus type 3
WZP38471.1,dengue virus type 3
WLD15583.1,dengue virus type 3
QTX93389.1,dengue virus type 3
ACH99655.1,dengue virus type 3
WYV68645.1,dengue virus type 3
ACL98993.1,dengue virus type 3
WOX58749.1,dengue virus type 3
UNZ84415.1,dengue virus type 1
ASX95471.1,dengue virus type 3
YAJ45111.1,dengue virus type 3
WRW13042.1,dengue virus type 3
AHG23215.1,dengue virus type 3
WIA70308.1,dengue virus type 3
AEE99037.1,dengue virus type 3
AQV12598.1,dengue virus type 3
ADU76221.1,dengue virus type 3
ACL99237.1,dengue virus type 3
QTX93525.1,dengue virus type 3
WYV68626.1,dengue virus type 3
YBG70369.1,dengue virus type 3
XMF56290.1,dengue virus type 3
SPO69983.1,dengue virus type 3
QTX93336.1,dengue virus type 3
XQH08064.1,dengue virus type 3
AHI43681.1,dengue virus type 3
XJQ61095.1,dengue virus type 3
QTX93248.1,dengue virus type 3
WGD01068.1,dengue virus type 3
QPI11921.1,dengue virus type 3
YBP09280.1,dengue virus type 3
WLD55716.1,dengue virus type 3
YAJ45069.1,dengue virus type 3
WZP38473.1,dengue virus type 3
ACL99133.1,dengue virus type 3
ACA48722.1,dengue virus type 3
YBX56927.1,dengue virus type 3
WME20781.1,dengue virus type 3
YBP09302.1,dengue virus type 3
XJQ61105.1,dengue virus type 3
AAK01920.1,dengue virus type 3
QBB90023.1,dengue virus type 3
QTE05719.1,dengue virus type 3
XEO29478.1,dengue virus type 3
WYV68620.1,dengue virus type 3
AEK64468.1,dengue virus type 3
ACL99044.1,dengue virus type 3
AFK83763.1,dengue virus type 3
XER78289.1,dengue virus type 3
XQH05718.1,dengue virus type 3
AQV12554.1,dengue virus type 3
XKQ27332.1,dengue virus type 3
WYV68635.1,dengue virus type 3
ABW82024.1,dengue virus type 3
ADK26441.1,dengue virus type 3
UZV49048.1,dengue virus type 3
ACW83002.1,dengue virus type 3
WME20778.1,dengue virus type 3
QTX93318.1,dengue virus type 3
WYV68627.1,dengue virus type 3
WLD15688.1,dengue virus type 3
ABV54903.1,dengue virus type 3
ADU76216.1,dengue virus type 3
ABW82028.1,dengue virus type 3
BBD74782.1,dengue virus type 3
YBK89165.1,dengue virus type 3
QEP41659.1,dengue virus type 3
ADU76231.1,dengue virus type 3
WLD15578.1,dengue virus type 3
AHG23103.1,dengue virus type 3
AHI43678.1,dengue virus type 3
WYV68610.1,dengue virus type 3
ACY70816.1,dengue virus type 3
AHF45698.1,dengue virus type 3
QTX93545.1,dengue virus type 3
BBD74783.1,dengue virus type 3
ACW82914.1,dengue virus type 3
UMB40983.1,dengue virus type 3
AHI43639.1,dengue virus type 3
XJQ61122.1,dengue virus type 3
QTX93602.1,dengue virus type 3
WDE20562.1,dengue virus type 3
ABV54896.1,dengue virus type 3
QTX93451.1,dengue virus type 3
UMB40986.1,dengue virus type 3
WQE65118.1,dengue virus type 3
QTX93294.1,dengue virus type 3
XJO53392.1,dengue virus type 3
QTX93514.1,dengue virus type 3
ADC35596.1,dengue virus type 3
QTE05694.1,dengue virus type 3
XXH95395.1,dengue virus type 3
XNJ62323.1,dengue virus type 3
XQH47557.1,dengue virus type 3
QTX93341.1,dengue virus type 3
ACY70764.1,dengue virus type 3
UNZ79684.1,dengue virus type 3
XMH29612.1,dengue virus type 3
AQV12535.1,dengue virus type 3
QTX93334.1,dengue virus type 3
WZL58225.1,dengue virus type 3
XJQ61114.1,dengue virus type 3
ACA48830.1,dengue virus type 3
WYV68639.1,dengue virus type 3
WDE20531.1,dengue virus type 3
WGD01041.1,dengue virus type 3
WJG71806.1,dengue virus type 3
QTX93312.1,dengue virus type 3
ABW82030.1,dengue virus type 3
AQV12543.1,dengue virus type 3
QTX93371.1,dengue virus type 3
QNJ99453.1,dengue virus type 3
ASX95465.1,dengue virus type 3
YBK89174.1,dengue virus type 3
QFS19504.1,dengue virus type 3
ACL99145.1,dengue virus type 3
QTX93523.1,dengue virus type 3
WEY17634.1,dengue virus type 3
AFD28537.1,dengue virus type 3
BAE48726.1,dengue virus type 3
WNO50293.1,dengue virus type 3
XUM16044.1,dengue virus type 3
UMB40991.1,dengue virus type 3
WZL58226.1,dengue virus type 3
XJQ61082.1,dengue virus type 3
YP_001621843.1,dengue virus type 3
YBP09330.1,dengue virus type 3
ACQ44494.1,dengue virus type 3
ACY70710.1,dengue virus type 1
WPF60234.1,dengue virus type 3
XJO53394.1,dengue virus type 3
QTE05691.1,dengue virus type 3
AAM51537.1,dengue virus type 3
WNO50295.1,dengue virus type 3
ACL99104.1,dengue virus type 3
YBP09272.1,dengue virus type 3
AHF45701.1,dengue virus type 3
XUY41540.1,dengue virus type 3
YBP09309.1,dengue virus type 3
ACB29498.1,dengue virus type 3
AFY10049.1,dengue virus type 3
WJG71814.1,dengue virus type 3
XER78294.1,dengue virus type 3
QQD79912.1,dengue virus type 3
WYV68632.1,dengue virus type 3
AIG60036.1,dengue virus type 3
XBR22906.1,dengue virus type 3
WGD01020.1,dengue virus type 3
AQV12579.1,dengue virus type 3
XQH08072.1,dengue virus type 3
WYV68560.1,dengue virus type 3
XLV54220.1,dengue virus type 3
AIO11772.1,dengue virus type 3
QTX93489.1,dengue virus type 3
XBR22905.1,dengue virus type 3
QFS19526.1,dengue virus type 3
YBP09306.1,dengue virus type 3
WLD55714.1,dengue virus type 3
AHI43656.1,dengue virus type 3
WDE20557.1,dengue virus type 3
WYF20572.1,dengue virus type 3
XCI54622.1,dengue virus type 3
WLD55709.1,dengue virus type 3
YAJ64161.1,dengue virus type 3
YAJ45068.1,dengue virus type 3
AVY51409.1,dengue virus type 3
ACL98978.1,dengue virus type 3
WZL58223.1,dengue virus type 3
XMH29611.1,dengue virus type 3
YBX55380.1,dengue virus type 3
XXM96992.1,dengue virus type 3
ACL99061.1,dengue virus type 3
XNJ62322.1,dengue virus type 3
XIF04123.1,dengue virus type 3
YBP09256.1,dengue virus type 3
XCI54640.1,dengue virus type 3
QFN25407.1,dengue virus type 3
AQV12603.1,dengue virus type 3
WVN40774.1,dengue virus type 3
QTX93338.1,dengue virus type 3
ACD13331.1,dengue virus type 3
YBP09297.1,dengue virus type 3
YBX56924.1,dengue virus type 3
AHI43674.1,dengue virus type 3
XGZ23345.1,dengue virus type 3
ACQ44321.1,dengue virus type 3
QTX93427.1,dengue virus type 3
UMB40998.1,dengue virus type 3
WJE97949.1,dengue virus type 3
QFS19490.1,dengue virus type 3
XVO60297.1,dengue virus type 3
WGD01038.1,dengue virus type 3
AQV12613.1,dengue virus type 3
XEO29471.1,dengue virus type 3
YAJ45080.1,dengue virus type 3
QTX93462.1,dengue virus type 3
AQV12585.1,dengue virus type 3
WYV68614.1,dengue virus type 3
WJZ47685.1,dengue virus type 3
AHI43671.1,dengue virus type 3
XKQ27373.1,dengue virus type 3
WQE65132.1,dengue virus type 3
WZP38472.1,dengue virus type 3
XGZ23317.1,dengue virus type 3
USW91933.1,dengue virus type 3
XCM77342.1,dengue virus type 3
QTX93459.1,dengue virus type 3
XCM77336.1,dengue virus type 3
QTX93264.1,dengue virus type 3
XBR22903.1,dengue virus type 3
WJG71807.1,dengue virus type 3
WYV68628.1,dengue virus type 3
ACL99038.1,dengue virus type 3
XXH95391.1,dengue virus type 3
WGD00961.1,dengue virus type 3
XCI54644.1,dengue virus type 3
WGD00996.1,dengue virus type 3
XCM77337.1,dengue virus type 3
XNJ62327.1,dengue virus type 3
WQE65130.1,dengue virus type 3
XJQ61091.1,dengue virus type 3
WYV68567.1,dengue virus type 3
AHG23271.1,dengue virus type 3
WGG30913.1,dengue virus type 3
XJQ61102.1,dengue virus type 3
WYV68608.1,dengue virus type 3
XNJ16077.1,dengue virus type 3
XCI54616.1,dengue virus type 3
WOX58753.1,dengue virus type 3
AHC72428.1,dengue virus type 3
XLV54235.1,dengue virus type 3
QTE05699.1,dengue virus type 3
ACO06201.1,dengue virus type 3
XJQ61131.1,dengue virus type 3
ACQ44496.1,dengue virus type 3
YBG70376.1,dengue virus type 3
QTE05714.1,dengue virus type 3
WGD00965.1,dengue virus type 3
WIA70310.1,dengue virus type 3
WDE20554.1,dengue virus type 3
QFS19535.1,dengue virus type 3
UNP61847.1,dengue virus type 3
XQH47541.1,dengue virus type 3
WQE65124.1,dengue virus type 3
XKQ27341.1,dengue virus type 3
XJQ61077.1,dengue virus type 3
ABG73594.1,dengue virus type 3
ABW82053.1,dengue virus type 3
ADO97108.1,dengue virus type 3
QTX93536.1,dengue virus type 3
YBK89172.1,dengue virus type 3
QTE05698.1,dengue virus type 3
ACH99660.1,dengue virus type 3
ACL99062.1,dengue virus type 3
ACQ44498.1,dengue virus type 3
QTE05705.1,dengue virus type 3
AHI43657.1,dengue virus type 3
ACW82870.1,dengue virus type 3
ANS59199.1,dengue virus type 3
XQH47552.1,dengue virus type 3
XDT57290.1,dengue virus type 3
ACL99063.1,dengue virus type 3
QTX93314.1,dengue virus type 3
QTX93244.1,dengue virus type 3
WOX58767.1,dengue virus type 3
WOX58755.1,dengue virus type 3
WYV68576.1,dengue virus type 3
QTX93600.1,dengue virus type 3
AHG06373.1,dengue virus type 3
ACY70833.1,dengue virus type 3
XNJ16082.1,dengue virus type 3
WCZ55258.2,dengue virus type 1
AQV12618.1,dengue virus type 3
AHI43645.1,dengue virus type 3
WVN40776.1,dengue virus type 3
XGZ23341.1,dengue virus type 3
WLD55652.1,dengue virus type 3
WGD01037.1,dengue virus type 3
WOX58741.1,dengue virus type 3
XRY74892.1,dengue virus type 3
AMH87203.1,dengue virus type 3
ACL99043.1,dengue virus type 3
XEN42266.1,dengue virus type 3
AWV55260.1,dengue virus type 1
YBX56930.1,dengue virus type 3
WGL08553.1,dengue virus type 3
XCI54637.1,dengue virus type 3
ACA58329.1,dengue virus type 3
WGD01066.1,dengue virus type 3
BAD42421.1,dengue virus type 3
AFD28535.1,dengue virus type 3
XER78293.1,dengue virus type 3
ABW82041.1,dengue virus type 3
QFS19510.1,dengue virus type 3
YCB66281.1,dengue virus type 3
XJO53391.1,dengue virus type 3
WDE20551.1,dengue virus type 3
AFY10050.1,dengue virus type 3
YBX56928.1,dengue virus type 3
AQV12612.1,dengue virus type 3
XLT96520.1,dengue virus type 3
AFD28532.1,dengue virus type 3
WLD15685.1,dengue virus type 3
XJO53386.1,dengue virus type 3
QTX93400.1,dengue virus type 3
ACW82871.1,dengue virus type 3
UJO73339.1,dengue virus type 3
WGD00995.1,dengue virus type 3
WEG68707.1,dengue virus type 3
AQV12633.1,dengue virus type 3
ACS31994.1,dengue virus type 3
WPF60252.1,dengue virus type 3
ACQ44486.1,dengue virus type 3
ACH61720.1,dengue virus type 3
ACL99045.1,dengue virus type 3
AHI43643.1,dengue virus type 3
WDE20518.1,dengue virus type 3
QDR24494.1,dengue virus type 3
YBK89175.1,dengue virus type 3
XXH95399.1,dengue virus type 3
QTX93599.1,dengue virus type 3
AQV12631.1,dengue virus type 3
WGD01055.1,dengue virus type 3
QTX93502.1,dengue virus type 3
ACD13393.1,dengue virus type 3
ACW82876.1,dengue virus type 3
YBP09257.1,dengue virus type 3
UNY81279.1,dengue virus type 3
XDL05495.1,dengue virus type 3
AQV12601.1,dengue virus type 3
XLV54238.1,dengue virus type 3
ABG73598.1,dengue virus type 3
WYV68601.1,dengue virus type 3
WJZ47683.1,dengue virus type 3
QTX93491.1,dengue virus type 3
XJQ61085.1,dengue virus type 3
AHG23226.1,dengue virus type 3
AMH87195.1,dengue virus type 3
QFS19488.1,dengue virus type 3
ACQ44510.1,dengue virus type 3
ADU76206.1,dengue virus type 3
QFS19485.1,dengue virus type 3
UDI89639.1,dengue virus type 3
QTX93441.1,dengue virus type 3
XDJ34990.1,dengue virus type 3
XQH08066.1,dengue virus type 3
WYV68612.1,dengue virus type 3
ABW82054.1,dengue virus type 3
QTX93365.1,dengue virus type 3
XMH29608.1,dengue virus type 3
WOX58738.1,dengue virus type 3
AHI43673.1,dengue virus type 3
XEO29475.1,dengue virus type 3
QTX93550.1,dengue virus type 3
XJQ61118.1,dengue virus type 3
QTX93433.1,dengue virus type 3
UNZ84433.1,dengue virus type 3
ADU76229.1,dengue virus type 3
AEF01540.1,dengue virus type 3
XKQ27343.1,dengue virus type 3
QXM02602.1,dengue virus type 3
AFY10047.1,dengue virus type 3
XCI54619.1,dengue virus type 3
WVN40787.1,dengue virus type 3
WPF60256.1,dengue virus type 3
WYV68650.1,dengue virus type 3
USV27833.1,dengue virus type 3
AQV12593.1,dengue virus type 3
AHL17468.1,dengue virus type 3
QUD37247.1,dengue virus type 3
WNO50298.1,dengue virus type 3
QTX93555.1,dengue virus type 3
QTX93417.1,dengue virus type 3
AHG06376.1,dengue virus type 3
ACY70750.1,dengue virus type 3
WOX58780.1,dengue virus type 3
YAJ45041.1,dengue virus type 3
ACS32004.1,dengue virus type 3
WGD01036.1,dengue virus type 3
ADK26442.1,dengue virus type 3
YCB66283.1,dengue virus type 3
WVN40792.1,dengue virus type 3
WGD00998.1,dengue virus type 3
QTX93553.1,dengue virus type 3
AQV12562.1,dengue virus type 3
AHF45689.1,dengue virus type 3
XCI54643.1,dengue virus type 3
AFY10052.1,dengue virus type 3
WOX58745.1,dengue virus type 3
AQV12597.1,dengue virus type 3
AEE99028.1,dengue virus type 3
XMN96764.1,dengue virus type 3
YAJ45114.1,dengue virus type 3
ACH99668.1,dengue virus type 3
AXX75610.1,dengue virus type 3
QDG00748.1,dengue virus type 3
QQD79913.1,dengue virus type 3
YAJ45091.1,dengue virus type 3
ACY70752.1,dengue virus type 3
YBP09242.1,dengue virus type 3
WZP31917.1,dengue virus type 3
UNZ84431.1,dengue virus type 3
XQH47540.1,dengue virus type 3
XDO24414.1,dengue virus type 3
ACW82877.1,dengue virus type 3
WYV68574.1,dengue virus type 3
WEY17630.1,dengue virus type 3
AAV88382.1,dengue virus type 3
WNO50276.1,dengue virus type 3
ACL98991.1,dengue virus type 3
BBD74781.1,dengue virus type 3
ACH99657.1,dengue virus type 3
WME20746.1,dengue virus type 3
AFZ40125.1,dengue virus type 3
XGZ23334.1,dengue virus type 3
WBB27935.1,dengue virus type 3
YBG70388.1,dengue virus type 3
XLV54223.1,dengue virus type 3
WGD00959.1,dengue virus type 3
QTX93457.1,dengue virus type 3
QTX93428.1,dengue virus type 3
QTX93419.1,dengue virus type 3
WGG30910.1,dengue virus type 3
XJQ61116.1,dengue virus type 3
QIS48877.1,dengue virus type 3
WDE20526.1,dengue virus type 3
ADK26439.1,dengue virus type 3
AHG23221.1,dengue virus type 3
WDE20522.1,dengue virus type 3
WYV68575.1,dengue virus type 3
UNY60723.1,dengue virus type 1
XXL24487.1,dengue virus type 3
AUY62012.1,dengue virus type 3
WGD00997.1,dengue virus type 3
ACA48721.1,dengue virus type 3
ACO06172.1,dengue virus type 3
AQV12547.1,dengue virus type 3
ACS32040.1,dengue virus type 3
WYV68598.1,dengue virus type 3
QTX93510.1,dengue virus type 3
QTX93372.1,dengue virus type 3
AQV12532.1,dengue virus type 3
AHI43672.1,dengue virus type 3
XLR71342.1,dengue virus type 3
WYV68613.1,dengue virus type 3
QCZ25019.1,dengue virus type 3
ABG73593.1,dengue virus type 3
AHI43669.1,dengue virus type 3
AEE99021.1,dengue virus type 3
WQE65106.1,dengue virus type 3
WLD55684.1,dengue virus type 3
ACY70761.1,dengue virus type 3
ABW82035.1,dengue virus type 3
AAW66476.1,dengue virus type 3
YCL15687.1,dengue virus type 3
ACO06214.1,dengue virus type 3
UBI73841.1,dengue virus type 3
WGD00982.1,dengue virus type 3
AUZ41824.1,dengue virus type 3
AHG06372.1,dengue virus type 3
AHL17467.1,dengue virus type 3
ACY70836.1,dengue virus type 3
AHG23255.1,dengue virus type 3
WGD00964.1,dengue virus type 3
XQT73506.1,dengue virus type 1
XJQ61104.1,dengue virus type 3
ANC57576.1,dengue virus type 1
XKQ27337.1,dengue virus type 3
WLD55729.1,dengue virus type 3
XNM90866.1,dengue virus type 3
WYV68581.1,dengue virus type 3
WPF60251.1,dengue virus type 3
AQV12534.1,dengue virus type 3
XCI54615.1,dengue virus type 3
QTX93566.1,dengue virus type 3
AFK83762.1,dengue virus type 3
YAJ45057.1,dengue virus type 3
WGD01011.1,dengue virus type 3
WLD55656.1,dengue virus type 3
BBG31510.1,dengue virus type 3
XMN96770.1,dengue virus type 3
XDT57274.1,dengue virus type 3
WOX58737.1,dengue virus type 3
XJQ61068.1,dengue virus type 3
UYT58568.1,dengue virus type 1
AAW66471.1,dengue virus type 3
QPI11916.1,dengue virus type 3
WME20759.1,dengue virus type 3
ABW82047.1,dengue virus type 3
AHI43682.1,dengue virus type 3
ABV54900.1,dengue virus type 3
WJE97952.1,dengue virus type 3
QHD57350.1,dengue virus type 3
WVN40778.1,dengue virus type 3
YBX55385.1,dengue virus type 3
WME20768.1,dengue virus type 3
XNJ16073.1,dengue virus type 3
ADA60766.1,dengue virus type 3
QTX93558.1,dengue virus type 3
XCI54630.1,dengue virus type 3
QIS48878.1,dengue virus type 3
QTX92077.1,dengue virus type 3
AUZ41821.1,dengue virus type 3
QTX93426.1,dengue virus type 3
ACO06143.1,dengue virus type 3
QTX93424.1,dengue virus type 3
XCT47113.1,dengue virus type 3
WJZ47678.1,dengue virus type 3
AFZ40127.1,dengue virus type 3
ABW82048.1,dengue virus type 3
WGD01046.1,dengue virus type 3
WJE97946.1,dengue virus type 3
XAN94937.1,dengue virus type 3
ACE63529.1,dengue virus type 3
QTX93509.1,dengue virus type 3
QTX93547.1,dengue virus type 3
XDT57258.1,dengue virus type 3
QTX93290.1,dengue virus type 3
XJQ61090.1,dengue virus type 3
ACY70834.1,dengue virus type 3
XQH08061.1,dengue virus type 3
QTX93361.1,dengue virus type 3
QTX93580.1,dengue virus type 3
UMB40997.1,dengue virus type 3
WZP38450.1,dengue virus type 3
XJQ61088.1,dengue virus type 3
AQV12647.1,dengue virus type 3
QTX93414.1,dengue virus type 3
AAV88384.1,dengue virus type 3
ACE63534.1,dengue virus type 3
ACE63544.1,dengue virus type 3
XPF60182.1,dengue virus type 1
QBA29683.1,dengue virus type 3
ACL99233.1,dengue virus type 3
QFS19525.1,dengue virus type 3
ACY70768.1,dengue virus type 3
ACL99036.1,dengue virus type 3
WGD00963.1,dengue virus type 3
QTX93436.1,dengue virus type 3
ACA48822.1,dengue virus type 3
WME20772.1,dengue virus type 3
QTX93520.1,dengue virus type 3
ABG73590.1,dengue virus type 3
ACH61717.1,dengue virus type 3
WLD55712.1,dengue virus type 3
WOX58751.1,dengue virus type 3
QTX93380.1,dengue virus type 3
ABV54899.1,dengue virus type 3
XQH47567.1,dengue virus type 3
QTX93606.1,dengue virus type 3
AQV12561.1,dengue virus type 3
ACZ15977.1,dengue virus type 3
XCM77333.1,dengue virus type 3
AQV12594.1,dengue virus type 3
WJZ47679.1,dengue virus type 3
ABW82044.1,dengue virus type 3
WRW13024.1,dengue virus type 3
WYV68590.1,dengue virus type 3
UMB40985.1,dengue virus type 3
ACD13423.1,dengue virus type 3
ABG73595.1,dengue virus type 3
XKQ27361.1,dengue virus type 3
WGD01012.1,dengue virus type 3
QTX93340.1,dengue virus type 3
UMB40995.1,dengue virus type 3
ACY70755.1,dengue virus type 3
QZE60591.1,dengue virus type 3
ACL99247.1,dengue virus type 3
AFK83757.1,dengue virus type 3
ACA58335.1,dengue virus type 3
WYV68577.1,dengue virus type 3
UNZ79694.1,dengue virus type 3
AHI43664.1,dengue virus type 3
ADA60762.1,dengue virus type 3
QST05022.1,dengue virus type 3
WJZ47692.1,dengue virus type 3
ACA58342.1,dengue virus type 3
WZP38477.1,dengue virus type 3
XLV54234.1,dengue virus type 3
YBG70378.1,dengue virus type 3
WDE20516.1,dengue virus type 3
AHF45697.1,dengue virus type 3
XDT57254.1,dengue virus type 3
UNY80760.1,dengue virus type 1
XQH47551.1,dengue virus type 3
BAD42419.1,dengue virus type 3
QTX93518.1,dengue virus type 3
WNO50274.1,dengue virus type 3
AHF45700.1,dengue virus type 3
QTX93313.1,dengue virus type 3
WEY17629.1,dengue virus type 3
UMB40958.1,dengue virus type 3
XBR22897.1,dengue virus type 3
WME20777.1,dengue virus type 3
QTX93612.1,dengue virus type 3
QTX93277.1,dengue virus type 3
WRW13030.1,dengue virus type 3
WEY17626.1,dengue virus type 3
AGN94896.1,dengue virus type 3
ADI80647.1,dengue virus type 1
WYV68586.1,dengue virus type 3
ACA48833.1,dengue virus type 3
ABW82050.1,dengue virus type 3
WDE20547.1,dengue virus type 3
AFY10040.1,dengue virus type 3
WDE20527.1,dengue virus type 3
WZP38452.1,dengue virus type 3
QDZ58869.1,dengue virus type 3
ACH99656.1,dengue virus type 3
XLT96513.1,dengue virus type 3
QTX93501.1,dengue virus type 3
WOX58740.1,dengue virus type 3
QPJ75915.1,dengue virus type 3
QTX93368.1,dengue virus type 3
ALJ02588.1,dengue virus type 3
YAJ45072.1,dengue virus type 3
WME20760.1,dengue virus type 3
QTX93276.1,dengue virus type 3
XLV54230.1,dengue virus type 3
QUD37248.1,dengue virus type 3
XFA12681.1,dengue virus type 3
BBG31512.1,dengue virus type 3
XDT57245.1,dengue virus type 3
ABW82043.1,dengue virus type 3
WEG68712.1,dengue virus type 3
AMH87201.1,dengue virus type 3
ACY70812.1,dengue virus type 3
ACL99085.1,dengue virus type 3
WNX97891.1,dengue virus type 3
QFS19493.1,dengue virus type 3
QTX93282.1,dengue virus type 3
ACY70770.1,dengue virus type 3
XXM96994.1,dengue virus type 3
UMB41000.1,dengue virus type 3
QBA57533.1,dengue virus type 3
QQD79917.1,dengue virus type 3
WME20764.1,dengue virus type 3
QTX93562.1,dengue virus type 3
QTX93430.1,dengue virus type 3
QTX93608.1,dengue virus type 3
QTX93323.1,dengue virus type 3
ACY70810.1,dengue virus type 3
YBG70365.1,dengue virus type 3
XNJ16072.1,dengue virus type 3
ACL99130.1,dengue virus type 3
QTX93519.1,dengue virus type 3
YAJ64158.1,dengue virus type 3
WVN40773.1,dengue virus type 3
XJQ61098.1,dengue virus type 3
ACD13417.1,dengue virus type 3
XIF04128.1,dengue virus type 3
QTX93560.1,dengue virus type 3
XGZ23342.1,dengue virus type 3
QTX93258.1,dengue virus type 3
QDG00741.1,dengue virus type 3
QTX93243.1,dengue virus type 3
UNZ84432.1,dengue virus type 1
ADU76207.1,dengue virus type 3
AHG06375.1,dengue virus type 3
AEE99025.1,dengue virus type 3
YBP09321.1,dengue virus type 3
AHI43655.1,dengue virus type 3
ACH99676.1,dengue virus type 3
YBW94371.1,dengue virus type 3
QTX93418.1,dengue virus type 3
ADU76230.1,dengue virus type 3
XKQ27350.1,dengue virus type 3
YBK89177.1,dengue virus type 3
YBX55376.1,dengue virus type 3
ACJ04187.1,dengue virus type 3
QTX93239.1,dengue virus type 3
UNY81283.1,dengue virus type 3
XCM77341.1,dengue virus type 3
WPF60238.1,dengue virus type 3
UNY60722.1,dengue virus type 3
AAS49478.2,dengue virus type 3
QFS19536.1,dengue virus type 3
UNY81281.1,dengue virus type 3
XNJ62326.1,dengue virus type 3
ACO06184.1,dengue virus type 3
WOX58736.1,dengue virus type 3
QTX93381.1,dengue virus type 3
XDT57285.1,dengue virus type 3
XEO29476.1,dengue virus type 3
ACL99014.1,dengue virus type 3
WOX58773.1,dengue virus type 3
ACY70767.1,dengue virus type 3
WNX97887.1,dengue virus type 3
XXM97001.1,dengue virus type 3
AEA50923.1,dengue virus type 3
BBH51325.1,dengue virus type 3
UNY83658.1,dengue virus type 1
ADA60764.1,dengue virus type 3
QTE05717.1,dengue virus type 3
XJQ61078.1,dengue virus type 3
ACA58333.1,dengue virus type 3
AHC98410.1,dengue virus type 3
WEG68702.1,dengue virus type 3
UMB40966.1,dengue virus type 3
UMB40993.1,dengue virus type 3
WYV68625.1,dengue virus type 3
XJQ61110.1,dengue virus type 3
QPI11923.1,dengue virus type 3
USW91935.1,dengue virus type 3
WQE65103.1,dengue virus type 3
YBG70374.1,dengue virus type 3
UDI89636.1,dengue virus type 3
AFY10045.1,dengue virus type 3
YBP09320.1,dengue virus type 3
YBK89176.1,dengue virus type 3
XCM77339.1,dengue virus type 3
WVN40795.1,dengue virus type 3
XGZ23319.1,dengue virus type 3
QTX93556.1,dengue virus type 3
ABW82021.1,dengue virus type 3
WME20758.1,dengue virus type 3
WZP38458.1,dengue virus type 3
WPF60231.1,dengue virus type 3
ADM63678.1,dengue virus type 3
QTX92076.1,dengue virus type 3
QFS19516.1,dengue virus type 3
ACO06188.1,dengue virus type 3
AQV12553.1,dengue virus type 3
ACQ44508.1,dengue virus type 3
ACL99092.1,dengue virus type 3
QTX93435.1,dengue virus type 3
QTX93360.1,dengue virus type 3
XMN96765.1,dengue virus type 3
UMB40965.1,dengue virus type 3
ACO06174.1,dengue virus type 3
WNF20370.1,dengue virus type 3
AHG23246.1,dengue virus type 3
AQV12536.1,dengue virus type 3
QTX93416.1,dengue virus type 3
AEF01526.1,dengue virus type 3
AHG23237.1,dengue virus type 3
ACL99079.1,dengue virus type 3
QTX93450.1,dengue virus type 3
WDE20512.1,dengue virus type 3
WYV68584.1,dengue virus type 3
AHG23244.1,dengue virus type 3
XDT57240.1,dengue virus type 3
QTX93437.1,dengue virus type 3
AFD28538.1,dengue virus type 3
QTX93478.1,dengue virus type 3
QDG00731.1,dengue virus type 3
AUZ41826.1,dengue virus type 3
WZP31919.1,dengue virus type 3
ADU76225.1,dengue virus type 3
WEX19292.1,dengue virus type 3
QTX93460.1,dengue virus type 3
QOV09267.1,dengue virus type 3
ACY70748.1,dengue virus type 3
WDE20540.1,dengue virus type 3
XLV23535.1,dengue virus type 3
YAJ45089.1,dengue virus type 3
ACL99050.1,dengue virus type 3
WVN40801.1,dengue virus type 3
AHL17464.1,dengue virus type 3
WLD55668.1,dengue virus type 3
WNO50290.1,dengue virus type 3
AHG23229.1,dengue virus type 3
ABW82032.1,dengue virus type 3
WVN40785.1,dengue virus type 3
WDE20530.1,dengue virus type 3
WRW13022.1,dengue virus type 3
WNO50273.1,dengue virus type 3
USW91929.1,dengue virus type 3
WGD01005.1,dengue virus type 3
UNY80763.1,dengue virus type 3
UMB40972.1,dengue virus type 3
YBP09285.1,dengue virus type 3
XGZ23322.1,dengue virus type 3
AQV12610.1,dengue virus type 3
USW91932.1,dengue virus type 3
UMB40999.1,dengue virus type 3
YBP09277.1,dengue virus type 3
ACQ44497.1,dengue virus type 3
ABW82031.1,dengue virus type 3
WGD00993.1,dengue virus type 3
AQV12607.1,dengue virus type 3
YBP09246.1,dengue virus type 3
YBP09279.1,dengue virus type 3
ABW82018.1,dengue virus type 3
ACY70808.1,dengue virus type 3
WOX58800.1,dengue virus type 3
QHD57348.1,dengue virus type 3
QTX93383.1,dengue virus type 3
WOX58794.1,dengue virus type 3
QOV09270.1,dengue virus type 3
BEV70264.1,dengue virus type 3
YBK92812.1,dengue virus type 3
YBK89160.1,dengue virus type 3
QFS19509.1,dengue virus type 3
AQV12583.1,dengue virus type 3
AHI43654.1,dengue virus type 3
XJQ61094.1,dengue virus type 3
AHI43676.1,dengue virus type 3
USW91942.1,dengue virus type 3
ABD65876.1,dengue virus type 3
YBP09262.1,dengue virus type 3
WYV68583.1,dengue virus type 3
WVN40804.1,dengue virus type 3
YBP09250.1,dengue virus type 3
WNO50275.1,dengue virus type 3
QTX93530.1,dengue virus type 3
QDG00744.1,dengue virus type 3
AEF01537.1,dengue virus type 3
AEF01543.1,dengue virus type 3
ACY70813.1,dengue virus type 3
YBK92817.1,dengue virus type 3
WLD55676.1,dengue virus type 3
WYV68565.1,dengue virus type 3
ACD13418.1,dengue virus type 3
YCH96038.1,dengue virus type 3
WME20808.1,dengue virus type 3
ADU76200.1,dengue virus type 3
AQV12582.1,dengue virus type 3
WNO50311.1,dengue virus type 3
WYV68646.1,dengue virus type 3
QTX93577.1,dengue virus type 3
QTX93291.1,dengue virus type 3
ACH99667.1,dengue virus type 3
YBK89164.1,dengue virus type 3
QTX93443.1,dengue virus type 3
YAJ64162.1,dengue virus type 3
AXX75613.1,dengue virus type 3
WJJ07800.1,dengue virus type 3
QFS19533.1,dengue virus type 3
ADK26440.1,dengue virus type 3
AQV12591.1,dengue virus type 3
QTX93391.1,dengue virus type 3
UNZ84414.1,dengue virus type 3
QCZ24995.1,dengue virus type 1
XKQ27363.1,dengue virus type 3
ACW83003.1,dengue virus type 3
WJZ47693.1,dengue virus type 3
WJG71812.1,dengue virus type 3
XCI54629.1,dengue virus type 3
WVN40786.1,dengue virus type 3
AQV12566.1,dengue virus type 3
WOX58790.1,dengue virus type 3
WNP52485.1,dengue virus type 3
XQH08068.1,dengue virus type 3
WME20753.1,dengue virus type 3
YBB95668.1,dengue virus type 3
XJQ61096.1,dengue virus type 3
XHB23402.1,dengue virus type 3
ABW82042.1,dengue virus type 3
WPF60240.1,dengue virus type 3
QTX93245.1,dengue virus type 3
ABV54897.1,dengue virus type 3
XKQ27336.1,dengue virus type 3
AQV12609.1,dengue virus type 3
UZV56662.1,dengue virus type 3
WGG30912.1,dengue virus type 3
QTX93305.1,dengue virus type 3
AAV88387.1,dengue virus type 3
WVN40790.1,dengue virus type 3
AAW51419.2,dengue virus type 3
AGN94901.1,dengue virus type 3
WDE20571.1,dengue virus type 3
WNF87949.1,dengue virus type 3
WYV81046.1,dengue virus type 3
WJZ47681.1,dengue virus type 3
QDG00733.1,dengue virus type 3
ACY70751.1,dengue virus type 3
XXH95392.1,dengue virus type 3
WZP38469.1,dengue virus type 3
XJQ61103.1,dengue virus type 3
AHG23223.1,dengue virus type 3
UMB40981.1,dengue virus type 3
AHF45702.1,dengue virus type 3
WLD55724.1,dengue virus type 3
QTX93575.1,dengue virus type 3
AML29862.1,dengue virus type 3
AAW51411.2,dengue virus type 3
AMH87202.1,dengue virus type 3
QTX93434.1,dengue virus type 3
AMH87196.1,dengue virus type 3
AQV12627.1,dengue virus type 3
YBP09314.1,dengue virus type 3
WOX58743.1,dengue virus type 3
XJQ61099.1,dengue virus type 3
WNP52484.1,dengue virus type 3
XNJ62319.1,dengue virus type 3
QUD37249.1,dengue virus type 3
QTX93405.1,dengue virus type 3
QFS19486.1,dengue virus type 3
QTX93363.1,dengue virus type 3
XXM96989.1,dengue virus type 3
XMH29610.1,dengue virus type 3
WGD01078.1,dengue virus type 3
AQV12564.1,dengue virus type 3
XQC66198.1,dengue virus type 3
AQV12643.1,dengue virus type 3
WDE20572.1,dengue virus type 3
YBG70379.1,dengue virus type 3
AAW66473.1,dengue virus type 3
YBP09276.1,dengue virus type 3
WYV68558.1,dengue virus type 3
AQV12544.1,dengue virus type 3
AFY10043.1,dengue virus type 3
ACD13320.1,dengue virus type 3
WDE20524.1,dengue virus type 3
AQV12545.1,dengue virus type 3
XJQ61129.1,dengue virus type 3
XLV54229.1,dengue virus type 3
QTX93528.1,dengue virus type 3
AHI43651.1,dengue virus type 3
ADU76201.1,dengue virus type 3
XLV23531.1,dengue virus type 3
QTX93263.1,dengue virus type 3
WLD55701.1,dengue virus type 3
WNO50303.1,dengue virus type 3
XJQ61089.1,dengue virus type 3
XRP78495.1,dengue virus type 3
AHI43650.1,dengue virus type 3
AHI43661.1,dengue virus type 3
ACL99172.1,dengue virus type 3
YAA48923.1,dengue virus type 3
XIF04124.1,dengue virus type 3
ANG57779.1,dengue virus type 3
UWM25504.1,dengue virus type 3
ACY70753.1,dengue virus type 3
QTX93302.1,dengue virus type 3
QTE05686.1,dengue virus type 3
YAJ45053.1,dengue virus type 3
ABW82029.1,dengue virus type 3
XGZ23347.1,dengue virus type 3
YAJ45094.1,dengue virus type 3
WME20765.1,dengue virus type 3
QTX93585.1,dengue virus type 3
XJW14025.1,dengue virus type 3
XCI54635.1,dengue virus type 3
YAV95520.1,dengue virus type 3
WQE65128.1,dengue virus type 3
WVN40800.1,dengue virus type 3
AQV12589.1,dengue virus type 3
WPT88366.1,dengue virus type 3
BAE48725.1,dengue virus type 3
XQH47562.1,dengue virus type 3
WME20743.1,dengue virus type 3
QTX93445.1,dengue virus type 3
ACL99077.1,dengue virus type 3
XQH08074.1,dengue virus type 3
XKQ27344.1,dengue virus type 3
ACN42717.1,dengue virus type 3
XJQ61119.1,dengue virus type 3
XLV54219.1,dengue virus type 3
WOX58779.1,dengue virus type 3
UNZ79683.1,dengue virus type 3
AEF01530.1,dengue virus type 3
AAV36569.2,dengue virus type 3
QTX93297.1,dengue virus type 3
XXL24489.1,dengue virus type 3
WDE20576.1,dengue virus type 3
QTX93357.1,dengue virus type 3
AHC98450.1,dengue virus type 3
WME20782.1,dengue virus type 3
ACO06202.1,dengue virus type 3
WZP38478.1,dengue virus type 3
XQH47537.1,dengue virus type 3
UMB40968.1,dengue virus type 3
ACH61716.1,dengue virus type 3
AQV12608.1,dengue virus type 3
QFS19532.1,dengue virus type 3
AQV12575.1,dengue virus type 3
WZP31918.1,dengue virus type 3
AUZ41812.1,dengue virus type 3
XLV54218.1,dengue virus type 3
XGZ23336.1,dengue virus type 3
QFS19531.1,dengue virus type 3
WJE97957.1,dengue virus type 3
ACY70777.1,dengue virus type 3
QUD37251.1,dengue virus type 3
UNY81282.1,dengue virus type 1
QTX93387.1,dengue virus type 3
USW91931.1,dengue virus type 3
QFS19474.1,dengue virus type 3
UUB33513.1,dengue virus type 1
WDE20579.1,dengue virus type 3
ABD65877.1,dengue virus type 3
WGD01044.1,dengue virus type 3
XER78291.1,dengue virus type 3
WVN40779.1,dengue virus type 3
QDG00730.1,dengue virus type 3
QTX93337.1,dengue virus type 3
QTX93269.1,dengue virus type 3
ACY70757.1,dengue virus type 3
YBP09261.1,dengue virus type 3
ACO06169.1,dengue virus type 3
ACJ04182.1,dengue virus type 3
QTX93259.1,dengue virus type 3
WNX97875.1,dengue virus type 3
AFY10048.1,dengue virus type 3
USW90910.1,dengue virus type 3
WAX18710.1,dengue virus type 3
YBP09253.1,dengue virus type 3
ADK26422.1,dengue virus type 3
ACL99074.1,dengue virus type 3
XCI54631.1,dengue virus type 3
WYV68633.1,dengue virus type 3
ACA48724.1,dengue virus type 3
WME20750.1,dengue virus type 3
XQH08056.1,dengue virus type 3
XQH47563.1,dengue virus type 3
WNX97882.1,dengue virus type 3
QFS19480.1,dengue virus type 3
XLZ06020.1,dengue virus type 3
QDG00746.1,dengue virus type 3
ACY70837.1,dengue virus type 3
XNJ62328.1,dengue virus type 3
QQD79919.1,dengue virus type 3
XGZ23328.1,dengue virus type 3
XXM96998.1,dengue virus type 3
WRW13020.1,dengue virus type 3
QTX93275.1,dengue virus type 3
QQD79918.1,dengue virus type 3
AQV12550.1,dengue virus type 3
QTX93552.1,dengue virus type 3
UMB40969.1,dengue virus type 3
USW91934.1,dengue virus type 3
XER78287.1,dengue virus type 3
ACJ04218.1,dengue virus type 3
XKQ27345.1,dengue virus type 3
QHJ86726.1,dengue virus type 3
ACB29497.1,dengue virus type 3
AQV12630.1,dengue virus type 3
AQV12574.1,dengue virus type 3
ACY70759.1,dengue virus type 3
QFS19507.1,dengue virus type 3
XMF56283.1,dengue virus type 3
WGD01007.1,dengue virus type 3
WNO50291.1,dengue virus type 3
WGD01004.1,dengue virus type 3
AHF45692.1,dengue virus type 3
XER78290.1,dengue virus type 3
XXH95396.1,dengue virus type 3
QTX93354.1,dengue virus type 3
AHI43680.1,dengue virus type 3
XQH47547.1,dengue virus type 3
XDO24415.1,dengue virus type 3
ACJ04185.1,dengue virus type 3
XQH08067.1,dengue virus type 3
WYV68623.1,dengue virus type 3
AFI55000.1,dengue virus type 3
ACL99057.1,dengue virus type 3
WOX58739.1,dengue virus type 3
QTX93506.1,dengue virus type 3
QDZ58867.1,dengue virus type 3
ACD13392.1,dengue virus type 3
XJQ61072.1,dengue virus type 3
YBG70368.1,dengue virus type 3
YBU65594.1,dengue virus type 3
YBK89171.1,dengue virus type 3
XJO53379.1,dengue virus type 3
WOX58776.1,dengue virus type 3
XEN42267.1,dengue virus type 3
AIO11769.1,dengue virus type 3
QCZ25049.1,dengue virus type 3
QUD37254.1,dengue virus type 3
AVD96677.1,dengue virus type 3
XCI54639.1,dengue virus type 3
ACD13402.1,dengue virus type 3
QTX93273.1,dengue virus type 3
AHC98453.1,dengue virus type 3
WGD01071.1,dengue virus type 3
AGN94893.1,dengue virus type 3
BEV70265.1,dengue virus type 3
YBP09254.1,dengue virus type 3
AAT79552.1,dengue virus type 3
XDO24418.1,dengue virus type 3
AHI43646.1,dengue virus type 3
AGN94908.1,dengue virus type 3
ACL98997.1,dengue virus type 3
XER78288.1,dengue virus type 3
WZP31921.1,dengue virus type 3
AHI17474.1,dengue virus type 3
AEF01555.1,dengue virus type 3
XQH47535.1,dengue virus type 3
QFS19529.1,dengue virus type 3
WZP31923.1,dengue virus type 3
WGT92626.1,dengue virus type 3
YBK92816.1,dengue virus type 3
WJX08519.1,dengue virus type 3
ACN42720.1,dengue virus type 3
XGZ23318.1,dengue virus type 3
AEF01546.1,dengue virus type 3
WNO50310.1,dengue virus type 3
QST05019.1,dengue virus type 3
XMF56292.1,dengue virus type 3
WYV68582.1,dengue virus type 3
QTX93370.1,dengue virus type 3
WNO50268.1,dengue virus type 3
XKQ27348.1,dengue virus type 3
AHI43663.1,dengue virus type 3
AGN94897.1,dengue virus type 3
ABW82056.1,dengue virus type 3
ACQ44529.1,dengue virus type 3
AEF01527.1,dengue virus type 3
AHI43648.1,dengue virus type 3
ACA58334.1,dengue virus type 3
QTX93397.1,dengue virus type 3
YBP09307.1,dengue virus type 3
YAJ45110.1,dengue virus type 3
ACY70840.1,dengue virus type 3
USV27754.1,dengue virus type 3
QTX93284.1,dengue virus type 3
WQE65104.1,dengue virus type 3
UNY80757.1,dengue virus type 3
AEF01550.1,dengue virus type 3
XKQ27352.1,dengue virus type 3
XGZ23335.1,dengue virus type 3
WNO50306.1,dengue virus type 3
YBP09287.1,dengue virus type 3
XJQ61076.1,dengue virus type 3
WJX08512.1,dengue virus type 3
AEE99029.1,dengue virus type 3
XQH47558.1,dengue virus type 3
ACQ44385.1,dengue virus type 3
WLD55702.1,dengue virus type 3
WEG68705.1,dengue virus type 3
ABG73586.1,dengue virus type 3
QDG00735.1,dengue virus type 3
XJO53378.1,dengue virus type 3
YAJ64160.1,dengue virus type 3
WGD01039.1,dengue virus type 3
WDE20537.1,dengue virus type 3
QTX93395.1,dengue virus type 3
ACL99097.1,dengue virus type 3
WYV68573.1,dengue virus type 3
WLD15687.1,dengue virus type 3
WME20787.1,dengue virus type 3
AIO11764.1,dengue virus type 3
WGD01014.1,dengue virus type 3
AXG22239.1,dengue virus type 3
UMB40961.1,dengue virus type 3
QDG00739.1,dengue virus type 3
AHG23239.1,dengue virus type 3
QPI11915.1,dengue virus type 3
WME20771.1,dengue virus type 3
AHG23230.1,dengue virus type 3
UMB40960.1,dengue virus type 3
ABG73587.1,dengue virus type 3
QTX93481.1,dengue virus type 3
WQE65107.1,dengue virus type 3
WME20801.1,dengue virus type 3
AFY10053.1,dengue virus type 3
XJW14029.1,dengue virus type 3
WJG71809.1,dengue virus type 3
QTX93432.1,dengue virus type 3
WNO50288.1,dengue virus type 3
ACD13410.1,dengue virus type 3
ACH99666.1,dengue virus type 3
WYV68649.1,dengue virus type 3
XQZ81208.1,dengue virus type 3
AQV12636.1,dengue virus type 3
ACK28187.1,dengue virus type 3
WGD01000.1,dengue virus type 3
QDG00740.1,dengue virus type 3
XXM96999.1,dengue virus type 3
ACY70771.1,dengue virus type 3
ACY70775.1,dengue virus type 3
AAW51414.1,dengue virus type 3
WDE20577.1,dengue virus type 3
ACS32036.1,dengue virus type 3
WGD01047.1,dengue virus type 3
UZV56663.1,dengue virus type 3
ABW82059.1,dengue virus type 3
QTX93468.1,dengue virus type 3
WVN40796.1,dengue virus type 3
AHC98406.1,dengue virus type 3
QTX93497.1,dengue virus type 3
WVN40780.1,dengue virus type 3
XCI54626.1,dengue virus type 3
SPO69985.1,dengue virus type 3
ACL99087.1,dengue virus type 3
AQV12626.1,dengue virus type 3
WME20780.1,dengue virus type 3
AGN94898.1,dengue virus type 3
XHB72349.1,dengue virus type 3
WYV68616.1,dengue virus type 3
WOX58793.1,dengue virus type 3
AXB26590.1,dengue virus type 3
AQV12623.1,dengue virus type 3
XNJ16081.1,dengue virus type 3
ACY70769.1,dengue virus type 3
WEG68706.1,dengue virus type 3
USW91928.1,dengue virus type 3
WZP31920.1,dengue virus type 3
ANS59200.1,dengue virus type 3
AXB26602.1,dengue virus type 3
QTE05700.1,dengue virus type 3
YAJ45079.1,dengue virus type 3
XJQ61132.1,dengue virus type 3
QTX93490.1,dengue virus type 3
WME20770.1,dengue virus type 3
AEE99023.1,dengue virus type 3
ABG73588.1,dengue virus type 3
AQV12620.1,dengue virus type 3
ANG57778.1,dengue virus type 3
WYV68592.1,dengue virus type 3
AAW66475.1,dengue virus type 3
WDE20570.1,dengue virus type 3
ACO06200.1,dengue virus type 3
XEO29472.1,dengue virus type 3
ACQ44364.1,dengue virus type 1
BBD74780.1,dengue virus type 3
UWM25509.1,dengue virus type 3
WOX58788.1,dengue virus type 3
ADA60763.1,dengue virus type 3
AGC60098.1,dengue virus type 3
XGZ23340.1,dengue virus type 3
AMH87189.1,dengue virus type 3
QTX93505.1,dengue virus type 3
AQV12616.1,dengue virus type 3
AHF45695.1,dengue virus type 3
WIA70312.1,dengue virus type 3
XLT96519.1,dengue virus type 3
BAE48727.1,dengue virus type 3
AAW66478.1,dengue virus type 3
ACJ04183.1,dengue virus type 3
QTX93369.1,dengue virus type 3
YDB37748.1,dengue virus type 3
WLD15579.1,dengue virus type 3
ACQ44507.1,dengue virus type 3
WGT92628.1,dengue virus type 3
ACQ44322.1,dengue virus type 3
XJQ61101.1,dengue virus type 3
QTX93472.1,dengue virus type 3
USV27755.1,dengue virus type 3
WME20739.1,dengue virus type 3
WGZ74363.1,dengue virus type 3
WGD01028.1,dengue virus type 3
WYD73662.1,dengue virus type 3
QTX93482.1,dengue virus type 3
WJE97956.1,dengue virus type 3
XCI54624.1,dengue virus type 3
XQZ81202.1,dengue virus type 3
ACY70772.1,dengue virus type 3
ACH99662.1,dengue virus type 3
WZL58233.1,dengue virus type 3
XJQ61065.1,dengue virus type 3
XDT57259.1,dengue virus type 3
XXL24488.1,dengue virus type 3
WME20757.1,dengue virus type 3
WGD01024.1,dengue virus type 3
QST05023.1,dengue virus type 3
AQV12565.1,dengue virus type 3
AHC72430.1,dengue virus type 3
QTX93601.1,dengue virus type 3
XQH08073.1,dengue virus type 3
QTX93257.1,dengue virus type 3
ADU76224.1,dengue virus type 3
QDZ58870.1,dengue virus type 3
YAB37934.1,dengue virus type 3
QTE05690.1,dengue virus type 3
AHF45686.1,dengue virus type 3
QTX93531.1,dengue virus type 3
QTX93331.1,dengue virus type 3
WRW13043.1,dengue virus type 3
AHC98454.1,dengue virus type 3
QFS19506.1,dengue virus type 3
ACW82917.1,dengue virus type 3
QTX93293.1,dengue virus type 3
WGD00974.1,dengue virus type 3
XMH29616.1,dengue virus type 3
WGD01057.1,dengue virus type 3
WPF60249.1,dengue virus type 3
WZL58216.1,dengue virus type 3
XNJ62320.1,dengue virus type 3
ACY70754.1,dengue virus type 3
QTX93533.1,dengue virus type 3
ACY70774.1,dengue virus type 3
ACD13394.1,dengue virus type 3
AEE99031.1,dengue virus type 3
WDE20539.1,dengue virus type 3
WGD01069.1,dengue virus type 3
QTE05711.1,dengue virus type 3
YAJ45047.1,dengue virus type 3
WGH53892.1,dengue virus type 3
XCI54633.1,dengue virus type 3
QTX93326.1,dengue virus type 3
XQH47534.1,dengue virus type 3
UNW73015.1,dengue virus type 1
ADZ13190.1,dengue virus type 3
ACA48881.1,dengue virus type 3
WME20806.1,dengue virus type 3
AHC98420.1,dengue virus type 3
QTX93471.1,dengue virus type 3
YBP09271.1,dengue virus type 3
WGD01065.1,dengue virus type 3
UMB40975.1,dengue virus type 3
ADI80619.1,dengue virus type 3
QFS19491.1,dengue virus type 3
WZP38449.1,dengue virus type 3
WGD01067.1,dengue virus type 3
WYV68611.1,dengue virus type 3
QTX93350.1,dengue virus type 3
WOX58744.1,dengue virus type 3
AHG23224.1,dengue virus type 3
YAA48921.1,dengue virus type 3
WPF60241.1,dengue virus type 3
WNO50313.1,dengue virus type 3
QTX93570.1,dengue virus type 3
WYV68648.1,dengue virus type 3
XUY41538.1,dengue virus type 3
WLD15689.1,dengue virus type 3
ACJ04220.1,dengue virus type 3
XQH08060.1,dengue virus type 3
AQV12539.1,dengue virus type 3
ACL99114.1,dengue virus type 3
ADK26424.1,dengue virus type 3
WGZ74364.1,dengue virus type 3
UNZ79682.1,dengue virus type 3
QCZ25015.1,dengue virus type 3
QTX93384.1,dengue virus type 3
AFD28533.1,dengue virus type 3
AHG06370.1,dengue virus type 3
AHI43640.1,dengue virus type 3
XQH47544.1,dengue virus type 3
UMB40959.1,dengue virus type 3
AAV34603.1,dengue virus type 3
XXM97000.1,dengue virus type 3
ACL98979.1,dengue virus type 3
WLD55735.1,dengue virus type 3
WDE20529.1,dengue virus type 3
WDE20532.1,dengue virus type 3
ACN42723.1,dengue virus type 3
QTX93597.1,dengue virus type 3
YBK95144.1,dengue virus type 3
WQE65136.1,dengue virus type 3
XFB80463.1,dengue virus type 3
ACL99088.1,dengue virus type 3
QFS19494.1,dengue virus type 3
ACE63545.1,dengue virus type 3
ACE63528.1,dengue virus type 3
YBP09313.1,dengue virus type 3
QTX93493.1,dengue virus type 3
XJQ61117.1,dengue virus type 3
YBP09327.1,dengue virus type 3
WEY17628.1,dengue virus type 3
ACY70811.1,dengue virus type 3
WOX58787.1,dengue virus type 3
QTX93310.1,dengue virus type 3
WVH32807.1,dengue virus type 3
WPF60254.1,dengue virus type 3
XLV54224.1,dengue virus type 3
WGD01017.1,dengue virus type 3
ABW82036.1,dengue virus type 3
AQV12602.1,dengue virus type 3
AFY10051.1,dengue virus type 3
UNZ79693.1,dengue virus type 3
WME20790.1,dengue virus type 3
QTX93610.1,dengue virus type 3
WOX58728.1,dengue virus type 3
YAJ45101.1,dengue virus type 3
AMH87191.1,dengue virus type 3
QTE05707.1,dengue virus type 3
XDT57244.1,dengue virus type 3
AHI43638.1,dengue virus type 3
XQH47555.1,dengue virus type 3
ACE63533.1,dengue virus type 3
YCB66282.1,dengue virus type 3
XJQ61106.1,dengue virus type 3
YAB37931.1,dengue virus type 3
ADU76220.1,dengue virus type 3
XBR22898.1,dengue virus type 3
YBK92818.1,dengue virus type 3
WDE20574.1,dengue virus type 3
AEE99024.1,dengue virus type 3
YBP09243.1,dengue virus type 3
ACH99652.1,dengue virus type 3
ACL99168.1,dengue virus type 3
WDE20552.1,dengue virus type 3
WJZ47689.1,dengue virus type 3
WGD01074.1,dengue virus type 3
ACB87133.1,dengue virus type 3
AFY10042.1,dengue virus type 3
WME20788.1,dengue virus type 3
ACL99242.1,dengue virus type 3
WEG68709.1,dengue virus type 3
XJQ61069.1,dengue virus type 3
AFY10041.1,dengue virus type 3
ACL99052.1,dengue virus type 3
XCI54621.1,dengue virus type 3
XBR22895.1,dengue virus type 3
WDE20575.1,dengue virus type 3
YBP09248.1,dengue virus type 3
AHL17466.1,dengue virus type 3
WGD00981.1,dengue virus type 3
AEF01523.1,dengue virus type 3
ACE63531.1,dengue virus type 3
WYV68570.1,dengue virus type 3
WQE65126.1,dengue virus type 3
QTX93548.1,dengue virus type 3
QTX93378.1,dengue virus type 3
ACL99054.1,dengue virus type 3
QTX93494.1,dengue virus type 3
AHG23241.1,dengue virus type 3
WNO50266.1,dengue virus type 3
WGD00992.1,dengue virus type 3
AHC72426.1,dengue virus type 3
QFS19511.1,dengue virus type 3
AQV12551.1,dengue virus type 3
QBA29682.1,dengue virus type 3
WYV68641.1,dengue virus type 3
ADU76218.1,dengue virus type 3
YBG70366.1,dengue virus type 3
AQV12625.1,dengue virus type 3
ACL98999.1,dengue virus type 3
YBP09269.1,dengue virus type 3
AHC98456.1,dengue virus type 3
WPF60262.1,dengue virus type 3
ACA48720.1,dengue virus type 3
AMH87198.1,dengue virus type 3
WOX58783.1,dengue virus type 3
QHD57352.1,dengue virus type 3
WQE65133.1,dengue virus type 3
WYV68599.1,dengue virus type 3
QFS19512.1,dengue virus type 3
AQV12578.1,dengue virus type 3
XJQ61109.1,dengue virus type 3
QTX93382.1,dengue virus type 3
XCI54618.1,dengue virus type 3
AMH87192.1,dengue virus type 3
UCQ65257.1,dengue virus type 3
QDZ58865.1,dengue virus type 3
QTX93567.1,dengue virus type 3
QTX93464.1,dengue virus type 3
ACL99001.1,dengue virus type 3
QTX93449.1,dengue virus type 3
AAW51409.2,dengue virus type 3
ACL99244.1,dengue virus type 3
QFS19517.1,dengue virus type 3
WPF60233.1,dengue virus type 3
ACJ04184.1,dengue virus type 3
ACO06215.1,dengue virus type 3
ACL99058.1,dengue virus type 3
AQV12595.1,dengue virus type 3
ACS32005.1,dengue virus type 3
QUD37246.1,dengue virus type 3
XJO53388.1,dengue virus type 3
XZP71617.1,dengue virus type 3
AEE99035.1,dengue virus type 3
AHC98451.1,dengue virus type 3
XQH08075.1,dengue virus type 3
WYV68621.1,dengue virus type 3
WGD00986.1,dengue virus type 3
WYV68591.1,dengue virus type 3
ABW82020.1,dengue virus type 3
ACQ44484.1,dengue virus type 3
UMB40988.1,dengue virus type 3
AFK83760.1,dengue virus type 3
WYV68602.1,dengue virus type 3
YAV87609.1,dengue virus type 3
XGZ23348.1,dengue virus type 3
ABG73592.1,dengue virus type 3
WGD01049.1,dengue virus type 3
YBG70380.1,dengue virus type 3
ADI80659.1,dengue virus type 3
WYV68637.1,dengue virus type 3
WDE20536.1,dengue virus type 3
ABW82049.1,dengue virus type 3
QEP41657.1,dengue virus type 3
XQH47545.1,dengue virus type 3
WNO50314.1,dengue virus type 3
WYV68568.1,dengue virus type 3
QTX93415.1,dengue virus type 3
WGD00991.1,dengue virus type 3
XJQ61120.1,dengue virus type 3
ABD65875.1,dengue virus type 3
XJQ61115.1,dengue virus type 3
AQV12615.1,dengue virus type 3
QTX93308.1,dengue virus type 3
YBX55377.1,dengue virus type 3
XKQ27331.1,dengue virus type 3
WVN40781.1,dengue virus type 3
QTX93366.1,dengue virus type 3
AQV12531.1,dengue virus type 3
WJZ47690.1,dengue virus type 3
AGN94904.1,dengue virus type 3
UMB40994.1,dengue virus type 3
WNO50294.1,dengue virus type 3
AHI43644.1,dengue virus type 3
AAX19004.1,dengue virus type 3
WHS26791.1,dengue virus type 3
XJQ61126.1,dengue virus type 3
WLD15686.1,dengue virus type 3
WNO50286.1,dengue virus type 3
XNJ62324.1,dengue virus type 3
XJQ61112.1,dengue virus type 3
QTX93385.1,dengue virus type 3
ACL99243.1,dengue virus type 3
ACH61684.1,dengue virus type 3
QQD79914.1,dengue virus type 3
WEY17633.1,dengue virus type 3
YAJ64165.1,dengue virus type 3
WZP38474.1,dengue virus type 3
XFA12682.1,dengue virus type 3
AGN94903.1,dengue virus type 3
WGD01061.1,dengue virus type 3
XQH08058.1,dengue virus type 3
WGD00962.1,dengue virus type 3
WDE20546.1,dengue virus type 3
ACY70760.1,dengue virus type 3
SPO69990.1,dengue virus type 3
WGH53894.1,dengue virus type 3
ACH99658.1,dengue virus type 3
UDI03759.1,dengue virus type 3
ASX95464.1,dengue virus type 3
QTX93321.1,dengue virus type 3
QDG00732.1,dengue virus type 3
ACS32027.1,dengue virus type 3
WNX97885.1,dengue virus type 3
ASX95467.1,dengue virus type 3
XQZ81205.1,dengue virus type 3
QTX93603.1,dengue virus type 3
QTX93532.1,dengue virus type 3
UNP61849.1,dengue virus type 3
AEE99032.1,dengue virus type 3
ANC57609.1,dengue virus type 3
WZP38465.1,dengue virus type 3
AHG06371.1,dengue virus type 3
ASX95469.1,dengue virus type 3
WYV68585.1,dengue virus type 3
QTX93253.1,dengue virus type 3
QIS48880.1,dengue virus type 3
ABW82026.1,dengue virus type 3
QTX93529.1,dengue virus type 3
ACD13319.1,dengue virus type 3
WOX58761.1,dengue virus type 3
XJQ61075.1,dengue virus type 3
XQH47536.1,dengue virus type 3
XDJ34985.1,dengue virus type 3
XIF04131.1,dengue virus type 3
UMB40964.1,dengue virus type 3
ACY70832.1,dengue virus type 3
XKQ27329.1,dengue virus type 3
XDT57263.1,dengue virus type 3
AAW23129.1,dengue virus type 3
UNZ84417.1,dengue virus type 1
YBG70381.1,dengue virus type 3
WOX58746.1,dengue virus type 3
ACQ44382.1,dengue virus type 3
AHG23102.1,dengue virus type 3
WNO50278.1,dengue virus type 3
QTX93406.1,dengue virus type 3
QTX93587.1,dengue virus type 3
YBP09281.1,dengue virus type 3
AQV12590.1,dengue virus type 3
ACW82862.1,dengue virus type 3
UWM25507.1,dengue virus type 3
AQV12586.1,dengue virus type 3
WDE20558.1,dengue virus type 3
AHI43649.1,dengue virus type 3
XKQ27364.1,dengue virus type 3
XCI54641.1,dengue virus type 3
WLD55744.1,dengue virus type 3
ACL98983.1,dengue virus type 3
UMB41001.1,dengue virus type 3
UCQ65256.1,dengue virus type 3
AFN80339.1,dengue virus type 3
WOX58732.1,dengue virus type 3
WVN40791.1,dengue virus type 3
QTX93513.1,dengue virus type 3
WJZ47686.1,dengue virus type 3
QTX93328.1,dengue virus type 3
WQE65112.1,dengue virus type 3
XGZ23316.1,dengue virus type 3
USW91930.1,dengue virus type 3
WNO50301.1,dengue virus type 3
WYV68634.1,dengue virus type 3
ACN42695.1,dengue virus type 3
XKQ27338.1,dengue virus type 3
QNJ99452.1,dengue virus type 3
ACL99082.1,dengue virus type 3
ACJ04271.1,dengue virus type 3
WPF60246.1,dengue virus type 3
QHR82532.1,dengue virus type 3
XDT57234.1,dengue virus type 3
XCM77335.1,dengue virus type 3
QTE05716.1,dengue virus type 3
ACA58323.1,dengue virus type 3
QTX93288.1,dengue virus type 3
XJQ61087.1,dengue virus type 3
WYV68640.1,dengue virus type 3
AQV12533.1,dengue virus type 3
XCO72091.1,dengue virus type 3
XHY97998.1,dengue virus type 3
WNO50272.1,dengue virus type 3
WNO50264.1,dengue virus type 3
QTX93375.1,dengue virus type 3
QFS19473.1,dengue virus type 3
AHG06368.1,dengue virus type 3
AHF45694.1,dengue virus type 3
YBP09305.1,dengue virus type 3
WRW13032.1,dengue virus type 3
YAA48925.1,dengue virus type 3
XJO53385.1,dengue virus type 3
BBG31513.1,dengue virus type 3
AHC72431.1,dengue virus type 3
QTX93348.1,dengue virus type 3
ACL99065.1,dengue virus type 3
XKQ27330.1,dengue virus type 3
WDE20543.1,dengue virus type 3
WPF60259.1,dengue virus type 3
WLD15691.1,dengue virus type 3
QFS19487.1,dengue virus type 3
WJX08517.1,dengue virus type 3
WGT92629.1,dengue virus type 3
WJX08516.1,dengue virus type 3
YAB37932.1,dengue virus type 3
AGN94912.1,dengue virus type 3
AFK83756.1,dengue virus type 3
XJO53387.1,dengue virus type 3
WJZ47694.1,dengue virus type 3
WYV68622.1,dengue virus type 3
ACA48719.1,dengue virus type 3
WPF60243.1,dengue virus type 3
AQV12642.1,dengue virus type 3
YAJ45039.1,dengue virus type 3
AHI43658.1,dengue virus type 3
WME20744.1,dengue virus type 3
UMB40992.1,dengue virus type 3
ACN42722.1,dengue virus type 3
YBP09290.1,dengue virus type 3
UMB40982.1,dengue virus type 3
AEG89542.1,dengue virus type 3
AFD28536.1,dengue virus type 3
ACY70835.1,dengue virus type 3
QTX93594.1,dengue virus type 3
YBP09275.1,dengue virus type 3
QFS19523.1,dengue virus type 3
WOX58763.1,dengue virus type 3
WGD01021.1,dengue virus type 3
QTX93261.1,dengue virus type 3
WZP38456.1,dengue virus type 3
WNO50312.1,dengue virus type 3
ACH99665.1,dengue virus type 3
WRW13040.1,dengue virus type 3
WGT92625.1,dengue virus type 3
WDE20549.1,dengue virus type 3
ACA48831.1,dengue virus type 3
QTX93252.1,dengue virus type 3
ADU76219.1,dengue virus type 3
ACY70745.1,dengue virus type 3
QFS19521.1,dengue virus type 3
XQH08055.1,dengue virus type 3
QTX93496.1,dengue virus type 3
QQK33690.1,dengue virus type 3
AGN94911.1,dengue virus type 3
XDT57277.1,dengue virus type 3
YBK92815.1,dengue virus type 3
WYV68580.1,dengue virus type 3
YAJ45125.1,dengue virus type 3
QBR34687.1,dengue virus type 3
YBX55379.1,dengue virus type 3
UNY43261.1,dengue virus type 3
XQH47539.1,dengue virus type 3
XKQ27365.1,dengue virus type 3
SPO69989.1,dengue virus type 3
XLV23532.1,dengue virus type 3
ASN77913.1,dengue virus type 3
XNJ16076.1,dengue virus type 3
AHC98448.1,dengue virus type 3
ACL98990.1,dengue virus type 3
ACL99072.1,dengue virus type 3
ACY70743.1,dengue virus type 3
ACL99231.1,dengue virus type 3
WPF60232.1,dengue virus type 3
XIF04130.1,dengue virus type 3
WLD55678.1,dengue virus type 3
ACA48723.1,dengue virus type 3
XDO24413.1,dengue virus type 3
WGD00970.1,dengue virus type 3
WJZ47687.1,dengue virus type 3
WJX08515.1,dengue virus type 3
AMH87200.1,dengue virus type 3
XAX02479.1,dengue virus type 3
ADC92353.1,dengue virus type 3
QTX93373.1,dengue virus type 3
YBP09258.1,dengue virus type 3
WPF60250.1,dengue virus type 3
YBP09338.1,dengue virus type 3
ACL99009.1,dengue virus type 3
XUY41536.1,dengue virus type 3
XQH08069.1,dengue virus type 3
WLD55740.1,dengue virus type 3
YBP09343.1,dengue virus type 3
AEF01525.1,dengue virus type 3
AUZ41825.1,dengue virus type 3
ACQ44481.1,dengue virus type 3
UNY80762.1,dengue virus type 1
QTX93579.1,dengue virus type 3
AAW51412.1,dengue virus type 3
UDM48676.1,dengue virus type 3
WIA70311.1,dengue virus type 3
WYV68559.1,dengue virus type 3
UNZ79689.1,dengue virus type 3
WYV68596.1,dengue virus type 3
UNZ84416.1,dengue virus type 3
QTX93255.1,dengue virus type 3
AEF01528.1,dengue virus type 3
WVN40789.1,dengue virus type 3
ACD13321.1,dengue virus type 3
WGD01054.1,dengue virus type 3
WGD00983.1,dengue virus type 3
XDT57238.1,dengue virus type 3
QTX93439.1,dengue virus type 3
QTX93404.1,dengue virus type 3
AEV42062.1,dengue virus type 3
XFB80466.1,dengue virus type 3
QTX93322.1,dengue virus type 3
YBG70387.1,dengue virus type 3
YAJ45062.1,dengue virus type 3
QTX93423.1,dengue virus type 3
QFS19495.1,dengue virus type 3
XJQ61064.1,dengue virus type 3
WQE65127.1,dengue virus type 3
QCZ25050.1,dengue virus type 3
WNH06878.1,dengue virus type 3
XDT57231.1,dengue virus type 3
AHG23231.1,dengue virus type 3
AHC98449.1,dengue virus type 3
QTX93521.1,dengue virus type 3
YAJ45050.1,dengue virus type 3
WYV68587.1,dengue virus type 3
WME20802.1,dengue virus type 3
WZL58219.1,dengue virus type 3
WZU51907.1,dengue virus type 3
QTX93311.1,dengue virus type 3
QTE05715.1,dengue virus type 3
QTX93241.1,dengue virus type 3
WLD55629.1,dengue virus type 3
AIO11771.1,dengue virus type 3
ABW82017.1,dengue virus type 3
WME20805.1,dengue virus type 3
AHI43675.1,dengue virus type 3
QTX93319.1,dengue virus type 3
QCZ25020.1,dengue virus type 3
XJQ61092.1,dengue virus type 3
WLD15683.1,dengue virus type 3
ACH61719.1,dengue virus type 3
QBK46952.1,dengue virus type 3
AHC98422.1,dengue virus type 3
AFK83755.1,dengue virus type 3
WOX58757.1,dengue virus type 3
WGD01034.1,dengue virus type 3
QFS19476.1,dengue virus type 3
WOX58733.1,dengue virus type 3
XJO53377.1,dengue virus type 3
ACQ44380.1,dengue virus type 3
QTE05718.1,dengue virus type 3
WOX58791.1,dengue virus type 3
WJX08514.1,dengue virus type 3
XCI54627.1,dengue virus type 3
ACY70807.1,dengue virus type 3
YDJ22483.1,dengue virus type 3
QTX93540.1,dengue virus type 3
XMH29620.1,dengue virus type 3
QTX93561.1,dengue virus type 3
XQH47553.1,dengue virus type 3
XNJ62330.1,dengue virus type 3
WJG71810.1,dengue virus type 3
XMH29613.1,dengue virus type 3
WYV81048.1,dengue virus type 1
XYY31781.1,dengue virus type 3
WFG60280.1,dengue virus type 3
QFS19518.1,dengue virus type 3
QTX93403.1,dengue virus type 3
YAJ45105.1,dengue virus type 3
WGD00958.1,dengue virus type 3
XKQ27333.1,dengue virus type 3
XCI54617.1,dengue virus type 3
XXP61307.1,dengue virus type 3
XMH29617.1,dengue virus type 3
AQV12563.1,dengue virus type 3
QFS19513.1,dengue virus type 3
WNO50262.1,dengue virus type 3
WOX58805.1,dengue virus type 3
YAJ45054.1,dengue virus type 3
ADA60765.1,dengue virus type 3
ACA48727.1,dengue virus type 3
QTX93522.1,dengue virus type 3
AAW51417.1,dengue virus type 3
WYV68593.1,dengue virus type 3
XRP78501.1,dengue virus type 3
ADU76223.1,dengue virus type 3
AHI43653.1,dengue virus type 3
AVD96674.1,dengue virus type 3
WEX91846.1,dengue virus type 3
WJZ47684.1,dengue virus type 3
WOX58727.1,dengue virus type 3
AHG06367.1,dengue virus type 3
ACO06185.1,dengue virus type 3
XCF07982.1,dengue virus type 3
QCZ25047.1,dengue virus type 3
ACN42728.1,dengue virus type 3
ACQ44387.1,dengue virus type 3
YBP09328.1,dengue virus type 3
XAM94716.1,dengue virus type 3
XQZ81206.1,dengue virus type 3
YBP09268.1,dengue virus type 3
ACY70845.1,dengue virus type 3
UMB40967.1,dengue virus type 3
WLD15581.1,dengue virus type 3
YBP09286.1,dengue virus type 3
QFS19478.1,dengue virus type 3
YBP09335.1,dengue virus type 3
XMH29609.1,dengue virus type 3
WDE20545.1,dengue virus type 3
WYV68566.1,dengue virus type 3
XXH95398.1,dengue virus type 3
WOX58769.1,dengue virus type 3
QTX93317.1,dengue virus type 3
QTX93499.1,dengue virus type 3
AEF01524.1,dengue virus type 3
QCE20685.1,dengue virus type 1
AQV12571.1,dengue virus type 3
YBU65596.1,dengue virus type 3
WOX58785.1,dengue virus type 3
QTX93398.1,dengue virus type 3
QZE60612.1,dengue virus type 3
XUY41537.1,dengue virus type 3
WZP38453.1,dengue virus type 3
WOX58742.1,dengue virus type 3
ADU76226.1,dengue virus type 3
ACJ04180.1,dengue virus type 3
WGD01059.1,dengue virus type 3
WGD00972.1,dengue virus type 3
WME20745.1,dengue virus type 3
YBP09295.1,dengue virus type 3
XQZ81207.1,dengue virus type 3
WOX58792.1,dengue virus type 3
ADK26444.1,dengue virus type 3
QTX93379.1,dengue virus type 3
XXH95394.1,dengue virus type 3
UUB33515.1,dengue virus type 1
YBK89166.1,dengue virus type 3
ALI16137.1,dengue virus type 3
YBP09329.1,dengue virus type 3
UYT58567.1,dengue virus type 1
YBP09267.1,dengue virus type 3
XDT57228.1,dengue virus type 3
ACA58340.1,dengue virus type 3
XJQ61081.1,dengue virus type 3
WLD55738.1,dengue virus type 3
WLD55692.1,dengue virus type 3
XKV17338.1,dengue virus type 3
WYV68619.1,dengue virus type 3
ABW82061.1,dengue virus type 3
QTX93251.1,dengue virus type 3
WEX19293.1,dengue virus type 3
WYV68644.1,dengue virus type 3
WVN40803.1,dengue virus type 3
ACA48729.1,dengue virus type 3
WGD01010.1,dengue virus type 3
XEN42265.1,dengue virus type 3
WDE20560.1,dengue virus type 3
XUY41535.1,dengue virus type 3
YBP09264.1,dengue virus type 3
ANC57610.1,dengue virus type 3
AGN94909.1,dengue virus type 3
ADU76195.1,dengue virus type 3
QTX93345.1,dengue virus type 3
WPF60229.1,dengue virus type 3
XMF56291.1,dengue virus type 3
AHL17465.1,dengue virus type 3
ACN42730.1,dengue virus type 3
AAM51538.1,dengue virus type 3
QTX93286.1,dengue virus type 3
WEG68708.1,dengue virus type 3
YDE65162.1,dengue virus type 3
QST05018.1,dengue virus type 3
UMB40978.1,dengue virus type 3
AGN94899.1,dengue virus type 3
QHD57351.1,dengue virus type 3
ABG73585.1,dengue virus type 3
WRW13038.1,dengue virus type 3
QTX93508.1,dengue virus type 3
XMN96766.1,dengue virus type 3
AEF01529.1,dengue virus type 3
WDE20566.1,dengue virus type 3
YBG70372.1,dengue virus type 3
YBP09336.1,dengue virus type 3
QTX93392.1,dengue virus type 3
XQZ81203.1,dengue virus type 3
YBP09255.1,dengue virus type 3
UNI70948.1,dengue virus type 3
XLV54216.1,dengue virus type 3
QTX93278.1,dengue virus type 3
ACA58325.1,dengue virus type 3
XJQ61071.1,dengue virus type 3
XNJ62321.1,dengue virus type 3
AHN50411.1,dengue virus type 3
ABV54898.1,dengue virus type 3
WGD01053.1,dengue virus type 3
WGD01070.1,dengue virus type 3
XDT57267.1,dengue virus type 3
AEE99030.1,dengue virus type 3
XHB23400.1,dengue virus type 3
WME20794.1,dengue virus type 3
WZL58221.1,dengue virus type 3
XIF04122.1,dengue virus type 3
QTE05692.1,dengue virus type 3
WLD55663.1,dengue virus type 3
AQV12592.1,dengue virus type 3
WDE20514.1,dengue virus type 3
QTX93479.1,dengue virus type 3
WLD55664.1,dengue virus type 3
AQV12549.1,dengue virus type 3
QFS19534.1,dengue virus type 3
AAS49480.2,dengue virus type 3
ADU76227.1,dengue virus type 3
WYV68607.1,dengue virus type 3
XCT47110.1,dengue virus type 3
WGD00976.1,dengue virus type 3
WVN40777.1,dengue virus type 3
WLD55749.1,dengue virus type 3
XMH29614.1,dengue virus type 3
WDE20513.1,dengue virus type 3
QCZ25016.1,dengue virus type 3
AHG06365.1,dengue virus type 3
WGD01040.1,dengue virus type 3
ADU76228.1,dengue virus type 3
YAJ64166.1,dengue virus type 3
WVN40772.1,dengue virus type 3
XEO29474.1,dengue virus type 3
ADK26425.1,dengue virus type 3
XPF59819.1,dengue virus type 1
QST05020.1,dengue virus type 3
ACA58327.1,dengue virus type 3
WGD00975.1,dengue virus type 3
AFZ40124.1,dengue virus type 3
XDT57252.1,dengue virus type 3
ABD65878.1,dengue virus type 3
XMF56297.1,dengue virus type 3
QTX93271.1,dengue virus type 3
ADI80618.1,dengue virus type 3
WLD55655.1,dengue virus type 3
XGZ23326.1,dengue virus type 3
WZL58232.1,dengue virus type 3
UMB40984.1,dengue virus type 3
QTX93393.1,dengue virus type 3
QPI11929.1,dengue virus type 3
WME20799.1,dengue virus type 3
YBP09301.1,dengue virus type 3
WME20785.1,dengue virus type 3
AQV12568.1,dengue virus type 3
YBP09291.1,dengue virus type 3
ACD13322.1,dengue virus type 3
YBP09341.1,dengue virus type 3
YBP09288.1,dengue virus type 3
AIO11768.1,dengue virus type 3
QTX93586.1,dengue virus type 3
QTX93247.1,dengue virus type 3
YBP09245.1,dengue virus type 3
YBP09244.1,dengue virus type 3
WME20740.1,dengue virus type 3
YBP09308.1,dengue virus type 3
YBP09331.1,dengue virus type 3
YBP09240.1,dengue virus type 3
YBP09333.1,dengue virus type 3
WME20795.1,dengue virus type 3
WME20797.1,dengue virus type 3
WME20751.1,dengue virus type 3
ACY70804.1,dengue virus type 3
YBP09298.1,dengue virus type 3
YBP09340.1,dengue virus type 3
ACL99248.1,dengue virus type 3
WME20773.1,dengue virus type 3
ACY70815.1,dengue virus type 3
YBP09315.1,dengue virus type 3
QTX93488.1,dengue virus type 3
YBP09339.1,dengue virus type 3
WME20793.1,dengue virus type 3
QTX93272.1,dengue virus type 3
WVN40788.1,dengue virus type 3
WME20776.1,dengue virus type 3
YBP09278.1,dengue virus type 3
YBP09282.1,dengue virus type 3
WVH32806.1,dengue virus type 3
YBP09299.1,dengue virus type 3
YBP09311.1,dengue virus type 3
YBP09274.1,dengue virus type 3
WVH32805.1,dengue virus type 3
YBP09312.1,dengue virus type 3
WME20752.1,dengue virus type 3
QTX93287.1,dengue virus type 3
YBP09260.1,dengue virus type 3
YBP09273.1,dengue virus type 3
ANC57606.1,dengue virus type 3
WME20791.1,dengue virus type 3
WME20798.1,dengue virus type 3
WME20761.1,dengue virus type 3
YBP09316.1,dengue virus type 3
WME20783.1,dengue virus type 3
QTX93452.1,dengue virus type 3
YBP09334.1,dengue virus type 3
WME20763.1,dengue virus type 3
WME20784.1,dengue virus type 3
YBP09318.1,dengue virus type 3
UDI89637.1,dengue virus type 3
YBP09332.1,dengue virus type 3
YBP09296.1,dengue virus type 3
YBP09324.1,dengue virus type 3
YBP09322.1,dengue virus type 3
ACL99249.1,dengue virus type 3
QTX93254.1,dengue virus type 3
YBP09303.1,dengue virus type 3
YBP09326.1,dengue virus type 3
WME20804.1,dengue virus type 3
BEV70262.1,dengue virus type 1
XPF59570.1,dengue virus type 1
WCZ55261.2,dengue virus type 1
WJZ46900.1,dengue virus type 1
AWV55198.1,dengue virus type 1
WPO12941.1,dengue virus type 1
AQV12188.1,dengue virus type 1
WJZ47084.1,dengue virus type 1
XPF59995.1,dengue virus type 1
XHB72404.1,dengue virus type 1
WJJ08397.1,dengue virus type 1
ADI80646.1,dengue virus type 1
WKC20853.1,dengue virus type 1
AAQ19666.2,dengue virus type 1
BAN63086.1,dengue virus type 1
QPD98773.1,dengue virus type 1
XPF59767.1,dengue virus type 1
QIC53510.1,dengue virus type 1
WJZ47270.1,dengue virus type 1
WJZ46921.1,dengue virus type 1
QPC96822.1,dengue virus type 1
WJZ46871.1,dengue virus type 1
YBK92796.1,dengue virus type 1
WPV88500.1,dengue virus type 1
AQV12148.1,dengue virus type 1
XPF59791.1,dengue virus type 1
XPF59536.1,dengue virus type 1
WJZ46960.1,dengue virus type 1
QHE24257.1,dengue virus type 1
AOE47566.1,dengue virus type 1
QHD26477.1,dengue virus type 1
WHS26963.1,dengue virus type 1
WJZ46790.1,dengue virus type 1
QTX92700.1,dengue virus type 1
QTX92755.1,dengue virus type 1
XPF60188.1,dengue virus type 1
XPF59635.1,dengue virus type 1
WCZ55326.2,dengue virus type 1
XLZ97060.1,dengue virus type 1
QFS19180.1,dengue virus type 1
ACA48709.1,dengue virus type 1
QTX92633.1,dengue virus type 1
QIC53444.1,dengue virus type 1
WJZ47231.1,dengue virus type 1
WHS27020.1,dengue virus type 1
WHS26936.1,dengue virus type 1
UNN65467.1,dengue virus type 1
ACS31920.1,dengue virus type 1
WVN40482.1,dengue virus type 1
WYF20590.1,dengue virus type 1
WHS27010.1,dengue virus type 1
XHB72380.1,dengue virus type 1
XPF59830.1,dengue virus type 1
WHS26828.1,dengue virus type 1
AAW64437.1,dengue virus type 1
AIN44204.1,dengue virus type 1
WHS26914.1,dengue virus type 1
QTX92582.1,dengue virus type 1
XPF59823.1,dengue virus type 1
QMW69326.1,dengue virus type 1
AUZ41755.1,dengue virus type 1
ACQ44423.1,dengue virus type 1
WVN40403.1,dengue virus type 1
XPF59643.1,dengue virus type 1
ACY70657.1,dengue virus type 1
WJX08490.1,dengue virus type 1
XHB72393.1,dengue virus type 1
XKF17061.1,dengue virus type 1
WYF20624.1,dengue virus type 1
ACY70585.1,dengue virus type 1
WLD15628.1,dengue virus type 1
ACJ04191.1,dengue virus type 1
WHS26907.1,dengue virus type 1
XLY90662.1,dengue virus type 1
WJZ47137.1,dengue virus type 1
WLD55576.1,dengue virus type 1
WVN40298.1,dengue virus type 1
WET62304.1,dengue virus type 1
QFS19140.1,dengue virus type 1
WGD00814.1,dengue virus type 1
WHS26832.1,dengue virus type 1
XQT73472.1,dengue virus type 1
WXW92493.1,dengue virus type 1
ACJ04331.1,dengue virus type 1
ACD13314.1,dengue virus type 1
XPF60141.1,dengue virus type 1
QPK41415.1,dengue virus type 1
AQV12293.1,dengue virus type 1
ACJ04305.1,dengue virus type 1
XPF60273.1,dengue virus type 1
XHB72389.1,dengue virus type 1
WHS26939.1,dengue virus type 1
WRW12815.1,dengue virus type 1
QHF19288.1,dengue virus type 1
QCZ25005.1,dengue virus type 1
AFZ40223.1,dengue virus type 1
UBI73842.1,dengue virus type 1
QMW69327.1,dengue virus type 1
QTX92428.1,dengue virus type 1
XPF59648.1,dengue virus type 1
AUZ41757.1,dengue virus type 1
YBQ70420.1,dengue virus type 1
ARO78350.1,dengue virus type 1
XPF59533.1,dengue virus type 1
XPF59971.1,dengue virus type 1
WYF20649.1,dengue virus type 1
XCB13501.1,dengue virus type 1
WCZ55287.2,dengue virus type 1
WJJ08409.1,dengue virus type 1
QUD37216.1,dengue virus type 1
QJF23945.1,dengue virus type 1
ACY70698.1,dengue virus type 1
AHC08447.1,dengue virus type 1
XLZ96943.1,dengue virus type 1
AYP74655.1,dengue virus type 1
WCZ55253.2,dengue virus type 1
QTX92508.1,dengue virus type 1
AFD28503.1,dengue virus type 1
ACI15873.1,dengue virus type 1
WYF20620.1,dengue virus type 1
XYW46904.1,dengue virus type 1
XPF59727.1,dengue virus type 1
WKC20861.1,dengue virus type 1
WKC20816.1,dengue virus type 1
XRY74888.1,dengue virus type 1
XPF59769.1,dengue virus type 1
WJJ08392.1,dengue virus type 1
QTX92690.1,dengue virus type 1
AQV12314.1,dengue virus type 1
AQV12231.1,dengue virus type 1
XPF59687.1,dengue virus type 1
QDG00669.1,dengue virus type 1
WHS26994.1,dengue virus type 1
YDE81694.1,dengue virus type 1
AQV12242.1,dengue virus type 1
AUZ41758.1,dengue virus type 1
WHS26839.1,dengue virus type 1
XPF60105.1,dengue virus type 1
ACA48765.1,dengue virus type 1
XPF60294.1,dengue virus type 1
WYF20560.1,dengue virus type 1
AHI43685.1,dengue virus type 1
WJJ08472.1,dengue virus type 1
QTX92464.1,dengue virus type 1
ACQ44521.1,dengue virus type 1
ANC57587.1,dengue virus type 1
AHC08446.1,dengue virus type 1
XLZ96959.1,dengue virus type 1
AQV12162.1,dengue virus type 1
QHE24266.1,dengue virus type 1
AWV55206.1,dengue virus type 1
ABW82064.1,dengue virus type 1
QHD26465.1,dengue virus type 1
WJJ08463.1,dengue virus type 1
AWV55253.1,dengue virus type 1
AET43234.1,dengue virus type 1
WJZ47296.1,dengue virus type 1
ACW82952.1,dengue virus type 1
AQV12339.1,dengue virus type 1
QTX92883.1,dengue virus type 1
WJZ47016.1,dengue virus type 1
QTX92558.1,dengue virus type 1
QHD26454.1,dengue virus type 1
YBQ70442.1,dengue virus type 1
XLZ97033.1,dengue virus type 1
UIZ00657.1,dengue virus type 1
QNL13550.1,dengue virus type 1
QPI11926.1,dengue virus type 1
AHG23194.1,dengue virus type 1
AHF45714.1,dengue virus type 1
QDG00650.1,dengue virus type 1
ACA48745.1,dengue virus type 1
AKQ00013.1,dengue virus type 1
XPF60321.1,dengue virus type 1
WJJ08387.1,dengue virus type 1
ARO84718.1,dengue virus type 1
YAA48906.1,dengue virus type 1
ABW82112.1,dengue virus type 1
QPK41394.1,dengue virus type 1
AHI43737.1,dengue virus type 1
QTH36735.1,dengue virus type 1
AKQ00011.1,dengue virus type 1
ARO78349.1,dengue virus type 1
XPF60219.1,dengue virus type 1
WHS04862.1,dengue virus type 1
AKL81188.1,dengue virus type 1
WCZ55204.2,dengue virus type 1
WHS26925.1,dengue virus type 1
ACS31914.1,dengue virus type 1
WYF20615.1,dengue virus type 1
WCZ55241.2,dengue virus type 1
WVN40529.1,dengue virus type 1
XLZ97075.1,dengue virus type 1
QTX92593.1,dengue virus type 1
WJZ46993.1,dengue virus type 1
WKC20818.1,dengue virus type 1
QMW69341.1,dengue virus type 1
AWV55207.1,dengue virus type 1
ANJ60733.1,dengue virus type 1
ANC57578.1,dengue virus type 1
ANJ60737.1,dengue virus type 1
QIC53455.1,dengue virus type 1
WUG62309.1,dengue virus type 1
XQT73480.1,dengue virus type 1
QTX92646.1,dengue virus type 1
XPF59982.1,dengue virus type 1
UDE31777.1,dengue virus type 1
XLZ97049.1,dengue virus type 1
ACY70592.1,dengue virus type 1
XQH47504.1,dengue virus type 1
WMS77834.1,dengue virus type 1
AHI43712.1,dengue virus type 1
WJZ46879.1,dengue virus type 1
AWV55239.1,dengue virus type 1
QPD98779.1,dengue virus type 1
WYF20559.1,dengue virus type 1
AQS22540.1,dengue virus type 1
XPF59783.1,dengue virus type 1
WCZ55324.2,dengue virus type 1
XPF59883.1,dengue virus type 1
XPF59619.1,dengue virus type 1
WYF20605.1,dengue virus type 1
WJZ46989.1,dengue virus type 1
WLD15651.1,dengue virus type 1
AAW28143.1,dengue virus type 1
WHS26957.1,dengue virus type 1
QTX92808.1,dengue virus type 1
ACY70702.1,dengue virus type 1
QTX92480.1,dengue virus type 1
AHC98432.1,dengue virus type 1
ABW82068.1,dengue virus type 1
WJZ46805.1,dengue virus type 1
XPF59685.1,dengue virus type 1
WJJ08421.1,dengue virus type 1
ACW82970.1,dengue virus type 1
ACJ04195.1,dengue virus type 1
ACY70718.1,dengue virus type 1
AQV12234.1,dengue virus type 1
AQV12170.1,dengue virus type 1
XRY74883.1,dengue virus type 1
AUN35113.1,dengue virus type 1
WJZ46971.1,dengue virus type 1
WJZ47172.1,dengue virus type 1
ACY70821.1,dengue virus type 1
ACJ04228.1,dengue virus type 1
AHG23174.1,dengue virus type 1
XPF59464.1,dengue virus type 1
AQV12248.1,dengue virus type 1
WMS77831.1,dengue virus type 1
AHI43726.1,dengue virus type 1
QTX92719.1,dengue virus type 1
ADI80652.1,dengue virus type 1
XPF59574.1,dengue virus type 1
YDE81688.1,dengue virus type 1
WHS04847.1,dengue virus type 1
AKL81180.1,dengue virus type 1
WDZ68213.1,dengue virus type 1
XPF59889.1,dengue virus type 1
WMY87891.1,dengue virus type 1
XPF60116.1,dengue virus type 1
WJZ47278.1,dengue virus type 1
UDI89627.1,dengue virus type 1
ADA60775.1,dengue virus type 1
YBG70304.1,dengue virus type 1
XPF60249.1,dengue virus type 1
XCB13492.1,dengue virus type 1
QFS19214.1,dengue virus type 1
QFS19193.1,dengue virus type 1
ACL99146.1,dengue virus type 1
XPF59909.1,dengue virus type 1
XRY74910.1,dengue virus type 1
WEG86505.1,dengue virus type 1
AAK60417.1,dengue virus type 1
WYF20598.1,dengue virus type 1
WVH32837.1,dengue virus type 1
AHF50479.1,dengue virus type 1
AHG06319.1,dengue virus type 1
ACQ44460.1,dengue virus type 1
WGD00788.1,dengue virus type 1
XLZ96999.1,dengue virus type 1
ACS31962.1,dengue virus type 1
YBP09172.1,dengue virus type 1
ACY70734.1,dengue virus type 1
ADA60789.1,dengue virus type 1
WME20525.1,dengue virus type 1
WMS77829.1,dengue virus type 1
AHI43727.1,dengue virus type 1
XPF59761.1,dengue virus type 1
AQV12181.1,dengue virus type 1
XIF04095.1,dengue virus type 1
WHS26892.1,dengue virus type 1
WVN40612.1,dengue virus type 1
QIC53466.1,dengue virus type 1
QHD26419.1,dengue virus type 1
WHS27008.1,dengue virus type 1
YBQ70465.1,dengue virus type 1
XPF60221.1,dengue virus type 1
UCQ65246.1,dengue virus type 1
AAB70696.1,dengue virus type 1
WRW12837.1,dengue virus type 1
XDT57269.1,dengue virus type 1
QTX92674.1,dengue virus type 1
YBP09204.1,dengue virus type 1
WJZ47134.1,dengue virus type 1
QFS19169.1,dengue virus type 1
XYW46905.1,dengue virus type 1
ABW82110.1,dengue virus type 1
AHF45705.1,dengue virus type 1
XXL24436.1,dengue virus type 1
WHS26817.1,dengue virus type 1
WUG62311.1,dengue virus type 1
QTX92772.1,dengue virus type 1
ULU19149.1,dengue virus type 1
YBQ70437.1,dengue virus type 1
WVN40431.1,dengue virus type 1
QTX92448.1,dengue virus type 1
WCZ55248.2,dengue virus type 1
QTX92647.1,dengue virus type 1
XPF60089.1,dengue virus type 1
YBQ70421.1,dengue virus type 1
WJZ47290.1,dengue virus type 1
AUZ41790.1,dengue virus type 1
UPY82047.1,dengue virus type 1
WVH32839.1,dengue virus type 1
QDG00690.1,dengue virus type 1
WKC20918.1,dengue virus type 1
XHB72402.1,dengue virus type 1
WLD15650.1,dengue virus type 1
QTX92580.1,dengue virus type 1
ACH61755.1,dengue virus type 1
YBP09200.1,dengue virus type 1
WCZ55175.2,dengue virus type 1
XQT73505.1,dengue virus type 1
QHD26365.1,dengue virus type 1
AAW64442.1,dengue virus type 1
XPF59744.1,dengue virus type 1
QDG00696.1,dengue virus type 1
QUU16665.1,dengue virus type 1
WHS26932.1,dengue virus type 1
UCQ65243.1,dengue virus type 1
AHC98425.1,dengue virus type 1
WYF20567.1,dengue virus type 1
AFD28510.1,dengue virus type 1
WJZ47188.1,dengue virus type 1
ADA60790.1,dengue virus type 1
WRW12847.1,dengue virus type 1
WVN40460.1,dengue virus type 1
ACS31964.1,dengue virus type 1
ACL99015.1,dengue virus type 1
XPF60022.1,dengue virus type 1
QTX92796.1,dengue virus type 1
AOG15611.1,dengue virus type 1
WAU46412.1,dengue virus type 1
QHD26348.1,dengue virus type 1
YBQ70426.1,dengue virus type 1
WHS26880.1,dengue virus type 1
YEP31428.1,dengue virus type 1
WEG68666.1,dengue virus type 1
UPY82002.1,dengue virus type 1
WHS26841.1,dengue virus type 1
AQS22541.1,dengue virus type 1
QIC53484.1,dengue virus type 1
ACA48757.1,dengue virus type 1
ACS32009.1,dengue virus type 1
XPF59488.1,dengue virus type 1
AEH59352.1,dengue virus type 1
ACY70642.1,dengue virus type 1
XPF59642.1,dengue virus type 1
ABW82070.1,dengue virus type 1
ANC57592.1,dengue virus type 1
ACQ44369.1,dengue virus type 1
XPF59892.1,dengue virus type 1
QTX92721.1,dengue virus type 1
ADA60768.1,dengue virus type 1
ACW82957.1,dengue virus type 1
ACI15825.1,dengue virus type 1
ACL99016.1,dengue virus type 1
UAV34201.1,dengue virus type 1
QHD26394.1,dengue virus type 1
QHE24282.1,dengue virus type 1
AHG06335.1,dengue virus type 1
WVN40555.1,dengue virus type 1
ACY70575.1,dengue virus type 1
ACW83006.1,dengue virus type 3
ACI15882.1,dengue virus type 1
AUN35116.1,dengue virus type 1
UNZ79628.1,dengue virus type 1
ACY70605.1,dengue virus type 1
ACQ44349.1,dengue virus type 1
XPF59489.1,dengue virus type 1
ADI80625.1,dengue virus type 1
AJQ21328.2,dengue virus type 1
UNN65472.1,dengue virus type 1
XPF59736.1,dengue virus type 1
QNL13512.1,dengue virus type 1
QTX92780.1,dengue virus type 1
WVN40361.1,dengue virus type 1
WDZ68222.1,dengue virus type 1
XLZ97028.1,dengue virus type 1
WLD55658.1,dengue virus type 1
XPF60078.1,dengue virus type 1
WYF20589.1,dengue virus type 1
QFS19234.1,dengue virus type 1
AHG06312.1,dengue virus type 1
XLZ97043.1,dengue virus type 1
QDG00691.1,dengue virus type 1
WJJ08480.1,dengue virus type 1
WHS26815.1,dengue virus type 1
XHB72375.1,dengue virus type 1
WYF20587.1,dengue virus type 1
AFD28490.1,dengue virus type 1
QTX92567.1,dengue virus type 1
WHS26856.1,dengue virus type 1
QHD26475.1,dengue virus type 1
AEF01501.1,dengue virus type 1
ADC92349.1,dengue virus type 1
ACQ44453.1,dengue virus type 1
ACO06149.1,dengue virus type 1
XPF60168.1,dengue virus type 1
WME20538.1,dengue virus type 1
QVV21321.1,dengue virus type 3
QDG00657.1,dengue virus type 1
URK26119.1,dengue virus type 1
ACQ44438.1,dengue virus type 1
XPF59543.1,dengue virus type 1
WCZ55173.1,dengue virus type 1
WKC20869.1,dengue virus type 1
XPF59520.1,dengue virus type 1
QPK41403.1,dengue virus type 1
WCZ55205.1,dengue virus type 1
WJZ46966.1,dengue virus type 1
ADK37471.1,dengue virus type 1
XPF60208.1,dengue virus type 1
XPF60091.1,dengue virus type 1
AQV12138.1,dengue virus type 1
XPF59921.1,dengue virus type 1
AHI43709.1,dengue virus type 1
AEK32178.1,dengue virus type 1
WJZ47156.1,dengue virus type 1
AHF50485.1,dengue virus type 1
QMW69340.1,dengue virus type 1
ACQ44450.1,dengue virus type 1
QHE24275.1,dengue virus type 1
WFP46131.1,dengue virus type 1
XPF60102.1,dengue virus type 1
ABW82105.1,dengue virus type 1
YAB37916.1,dengue virus type 1
QFS19194.1,dengue virus type 1
XPF59711.1,dengue virus type 1
AEV54601.1,dengue virus type 1
WHS27035.1,dengue virus type 1
QUD37222.1,dengue virus type 1
AHG23218.1,dengue virus type 3
XPF60322.1,dengue virus type 1
AUZ41786.1,dengue virus type 1
QHD26349.1,dengue virus type 1
WDZ68224.1,dengue virus type 1
ANS59157.1,dengue virus type 1
WJZ46925.1,dengue virus type 1
XPF59753.1,dengue virus type 1
WJZ47267.1,dengue virus type 1
WJZ46926.1,dengue virus type 1
WCZ55215.2,dengue virus type 1
AWV55218.1,dengue virus type 1
AHF50472.1,dengue virus type 1
AHL19965.1,dengue virus type 1
QZE60611.1,dengue virus type 1
WVN40478.1,dengue virus type 1
WJZ47217.1,dengue virus type 1
ACL99107.1,dengue virus type 1
WJZ47222.1,dengue virus type 1
XPF59656.1,dengue virus type 1
AQV12147.1,dengue virus type 1
WDZ68204.1,dengue virus type 1
AUZ41789.1,dengue virus type 1
WZC42119.1,dengue virus type 1
ACO06153.1,dengue virus type 1
QNL13544.1,dengue virus type 1
QNL13524.1,dengue virus type 1
UPY82062.1,dengue virus type 1
QTX92584.1,dengue virus type 1
URK26091.1,dengue virus type 1
WLD55713.1,dengue virus type 1
XPF59963.1,dengue virus type 1
XPF60238.1,dengue virus type 1
ACH61758.1,dengue virus type 1
AHG23189.1,dengue virus type 1
WLD55711.1,dengue virus type 1
ACQ44463.1,dengue virus type 1
QNL13528.1,dengue virus type 1
ACA48882.1,dengue virus type 1
WJZ47025.1,dengue virus type 1
UPY81976.1,dengue virus type 1
YBP09199.1,dengue virus type 1
AHG06323.1,dengue virus type 1
AGN94876.1,dengue virus type 1
WJZ46953.1,dengue virus type 1
WFP46114.1,dengue virus type 1
WJZ46821.1,dengue virus type 1
QHF19289.1,dengue virus type 1
WJZ46868.1,dengue virus type 1
ACL99150.1,dengue virus type 1
QHD26342.1,dengue virus type 1
QTX92667.1,dengue virus type 1
WVN40391.1,dengue virus type 1
QIC53524.1,dengue virus type 1
WHS27017.1,dengue virus type 1
AEA50934.1,dengue virus type 1
QPK41395.1,dengue virus type 1
QHD26450.1,dengue virus type 1
ACW82945.1,dengue virus type 1
ACA48706.1,dengue virus type 1
ACJ04249.1,dengue virus type 1
QTX92669.1,dengue virus type 1
WHS26819.1,dengue virus type 1
XPF60104.1,dengue virus type 1
XLZ97080.1,dengue virus type 1
QTX92420.1,dengue virus type 1
WJZ46831.1,dengue virus type 1
USO35516.1,dengue virus type 1
URK21467.1,dengue virus type 1
ACY70684.1,dengue virus type 1
WJZ47291.1,dengue virus type 1
XPF60127.1,dengue virus type 1
ACJ04285.1,dengue virus type 1
WZC42118.1,dengue virus type 1
CDF77358.1,dengue virus type 1
ACW82953.1,dengue virus type 1
XPF59976.1,dengue virus type 1
QTX92588.1,dengue virus type 1
WKC20949.1,dengue virus type 1
XQT73526.1,dengue virus type 1
XIF04098.1,dengue virus type 1
QTX92632.1,dengue virus type 1
YAV87608.1,dengue virus type 1
ACA49059.1,dengue virus type 1
WKC20908.1,dengue virus type 1
QPB40129.1,dengue virus type 1
AHG06308.1,dengue virus type 1
ACY70685.1,dengue virus type 1
ACY70656.1,dengue virus type 1
XLZ97007.1,dengue virus type 1
WHS04867.1,dengue virus type 1
ACH61746.1,dengue virus type 1
YBQ70458.1,dengue virus type 1
QTX92659.1,dengue virus type 1
QHD26347.1,dengue virus type 1
AQV12304.1,dengue virus type 1
QHD26429.1,dengue virus type 1
QHE24261.1,dengue virus type 1
WPV88489.1,dengue virus type 1
XUH89045.1,dengue virus type 1
WCD38809.1,dengue virus type 1
AHG23182.1,dengue virus type 1
XPF60032.1,dengue virus type 1
ACY70598.1,dengue virus type 1
ACW82899.1,dengue virus type 1
QPK41414.1,dengue virus type 1
AQV12345.1,dengue virus type 1
ACJ04222.1,dengue virus type 1
WRW12826.1,dengue virus type 1
UUG60965.1,dengue virus type 1
ACS31947.1,dengue virus type 1
XUH89058.1,dengue virus type 1
YBK89157.1,dengue virus type 1
AHI43746.1,dengue virus type 1
QHE24263.1,dengue virus type 1
UIZ00660.1,dengue virus type 1
YBQ70469.1,dengue virus type 1
QPK41404.1,dengue virus type 1
QIC53526.1,dengue virus type 1
WEG68661.1,dengue virus type 1
ACH61744.1,dengue virus type 1
WJZ47216.1,dengue virus type 1
XPF59688.1,dengue virus type 1
WHS26821.1,dengue virus type 1
UNN65461.1,dengue virus type 1
QFS19149.1,dengue virus type 1
QDG00694.1,dengue virus type 1
WNJ63339.1,dengue virus type 1
XXL24464.1,dengue virus type 1
ACY70736.1,dengue virus type 1
AYP74660.1,dengue virus type 1
ACL99012.1,dengue virus type 1
AHF45716.1,dengue virus type 1
AHG06326.1,dengue virus type 1
BAN63087.1,dengue virus type 1
AAW28113.1,dengue virus type 1
QXX05306.1,dengue virus type 1
XPF59850.1,dengue virus type 1
WLD55588.1,dengue virus type 1
XPF59672.1,dengue virus type 1
ACY70716.1,dengue virus type 1
ACA48983.1,dengue virus type 1
WCD38811.1,dengue virus type 1
ACY70820.1,dengue virus type 1
AHG06313.1,dengue virus type 1
XPF59915.1,dengue virus type 1
AUZ41752.1,dengue virus type 1
WGD00808.1,dengue virus type 1
AQV12255.1,dengue virus type 1
ACY70730.1,dengue virus type 1
XPF59952.1,dengue virus type 1
UPY82049.1,dengue virus type 1
YBQ70453.1,dengue virus type 1
ACY70670.1,dengue virus type 1
QPD98775.1,dengue virus type 1
XPF60124.1,dengue virus type 1
WJZ47192.1,dengue virus type 1
WYF20621.1,dengue virus type 1
XPF60113.1,dengue virus type 1
QHD26411.1,dengue virus type 1
QMW69344.1,dengue virus type 1
XPF60184.1,dengue virus type 1
WKC20914.1,dengue virus type 1
WPV88492.1,dengue virus type 1
QTX92585.1,dengue virus type 1
QHD26415.1,dengue virus type 1
WJZ46793.1,dengue virus type 1
WHS04844.1,dengue virus type 1
QPK41406.1,dengue virus type 1
WFP46144.1,dengue virus type 1
USW91913.1,dengue virus type 1
ACY70576.1,dengue virus type 1
QTX92734.1,dengue virus type 1
AQV12342.1,dengue virus type 1
QTX92731.1,dengue virus type 1
QTX92407.1,dengue virus type 1
WCZ55167.2,dengue virus type 1
WYF20613.1,dengue virus type 1
WJJ08368.1,dengue virus type 1
ACJ04299.1,dengue virus type 1
ACE63539.1,dengue virus type 1
XPF59967.1,dengue virus type 1
WMS77793.1,dengue virus type 1
WHS04900.1,dengue virus type 1
QTX92760.1,dengue virus type 1
ACI15881.1,dengue virus type 1
ACD13381.1,dengue virus type 1
AHC98426.1,dengue virus type 1
AEX65546.1,dengue virus type 1
WER06546.1,dengue virus type 1
AYP74656.1,dengue virus type 1
URK26113.1,dengue virus type 1
XKF17060.1,dengue virus type 1
BBB18823.1,dengue virus type 1
WCZ55305.2,dengue virus type 1
QTX92881.1,dengue virus type 1
QTX92686.1,dengue virus type 1
WKC20871.1,dengue virus type 1
WMY87884.1,dengue virus type 1
WYF20582.1,dengue virus type 1
QNL13515.1,dengue virus type 1
WAU46407.1,dengue virus type 1
ACA48772.1,dengue virus type 1
AJQ21339.2,dengue virus type 1
WCZ55280.2,dengue virus type 1
QIC53517.1,dengue virus type 1
YBG70330.1,dengue virus type 1
XLZ97062.1,dengue virus type 1
WVN40523.1,dengue virus type 1
XQH47498.1,dengue virus type 1
AWV55219.1,dengue virus type 1
WJZ46803.1,dengue virus type 1
WFP46148.1,dengue virus type 1
WYF20607.1,dengue virus type 1
ACQ44356.1,dengue virus type 1
ACQ44374.1,dengue virus type 1
AQV12210.1,dengue virus type 1
ACJ04326.1,dengue virus type 1
XLZ97032.1,dengue virus type 1
WKC20793.1,dengue virus type 1
ACJ04306.1,dengue virus type 1
WJZ46951.1,dengue virus type 1
XPF60162.1,dengue virus type 1
XPF59919.1,dengue virus type 1
AHG23208.1,dengue virus type 1
XPF59575.1,dengue virus type 1
QDG00697.1,dengue virus type 1
WVN40341.1,dengue virus type 1
YBP09183.1,dengue virus type 1
QIC53463.1,dengue virus type 1
WJZ47046.1,dengue virus type 1
WHS26973.1,dengue virus type 1
AQV12318.1,dengue virus type 1
AQV12191.1,dengue virus type 1
ACY70609.1,dengue virus type 1
ACL99102.1,dengue virus type 1
XTK91195.1,dengue virus type 1
WKC20876.1,dengue virus type 1
WJZ46977.1,dengue virus type 1
WKC20935.1,dengue virus type 1
WLD15634.1,dengue virus type 1
QHD26458.1,dengue virus type 1
WJZ47164.1,dengue virus type 1
QTX92455.1,dengue virus type 1
WVN40413.1,dengue virus type 1
WCZ55313.2,dengue virus type 1
ACY70741.1,dengue virus type 1
ACS31976.1,dengue virus type 1
XYW46908.1,dengue virus type 1
ADU03651.1,dengue virus type 1
ABG75759.1,dengue virus type 1
QQC97216.1,dengue virus type 1
AAN60369.1,dengue virus type 1
WJZ47200.1,dengue virus type 1
WJZ47073.1,dengue virus type 1
WJJ08483.1,dengue virus type 1
ANS59155.1,dengue virus type 1
WHS26947.1,dengue virus type 1
WJZ46881.1,dengue virus type 1
ABW82116.1,dengue virus type 1
XKF17062.1,dengue virus type 1
ACJ04314.1,dengue virus type 1
AHI43707.1,dengue virus type 1
QFS19171.1,dengue virus type 1
XPF59626.1,dengue virus type 1
YBQ70464.1,dengue virus type 1
ACH61766.1,dengue virus type 1
WKC20794.1,dengue virus type 1
QNL13547.1,dengue virus type 1
XPF59628.1,dengue virus type 1
XPF59531.1,dengue virus type 1
WCZ55348.2,dengue virus type 1
QTE20482.1,dengue virus type 1
QTX92874.1,dengue virus type 1
XUH89050.1,dengue virus type 1
XCB13512.1,dengue virus type 1
WYF20668.1,dengue virus type 1
QHD26459.1,dengue virus type 1
WDZ68212.1,dengue virus type 1
WJZ47076.1,dengue virus type 1
XPF60010.1,dengue virus type 1
WCZ55310.2,dengue virus type 1
WJJ08477.1,dengue virus type 1
AUZ41764.1,dengue virus type 1
ACJ04332.1,dengue virus type 1
XQT73510.1,dengue virus type 1
AAR05860.1,dengue virus type 1
ACQ44354.1,dengue virus type 1
ABA39233.1,dengue virus type 1
XLZ97066.1,dengue virus type 1
AQV12367.1,dengue virus type 1
QMW69348.1,dengue virus type 1
XPF59786.1,dengue virus type 1
QTX92728.1,dengue virus type 1
QTX92638.1,dengue virus type 1
UPY81995.1,dengue virus type 1
WJZ46823.1,dengue virus type 1
WJZ47299.1,dengue virus type 1
URK26127.1,dengue virus type 1
UIT12334.1,dengue virus type 1
ACY70616.1,dengue virus type 1
YBP09190.1,dengue virus type 1
UIZ00645.1,dengue virus type 1
XIF04106.1,dengue virus type 1
UNZ79670.1,dengue virus type 1
QIC53495.1,dengue virus type 1
WHS27033.1,dengue virus type 1
XPF60191.1,dengue virus type 1
WKC20854.1,dengue virus type 1
YAA48909.1,dengue virus type 1
WJZ46907.1,dengue virus type 1
WVN40493.1,dengue virus type 1
ACQ44434.1,dengue virus type 1
QTX92716.1,dengue virus type 1
AHF50483.1,dengue virus type 1
WKC20832.1,dengue virus type 1
ACY70621.1,dengue virus type 1
WKC20835.1,dengue virus type 1
QTX92773.1,dengue virus type 1
QEP41639.1,dengue virus type 1
ACQ44355.1,dengue virus type 1
ACJ04243.1,dengue virus type 1
WJZ46857.1,dengue virus type 1
WHS26980.1,dengue virus type 1
WCZ55185.1,dengue virus type 1
XPF60135.1,dengue virus type 1
XLZ97042.1,dengue virus type 1
WGD00812.1,dengue virus type 1
XPF59498.1,dengue virus type 1
WKC20877.1,dengue virus type 1
ACQ44410.1,dengue virus type 1
QIC53482.1,dengue virus type 1
ACJ04316.1,dengue virus type 1
AEX97805.2,dengue virus type 1
XPF59760.1,dengue virus type 1
BBG62297.1,dengue virus type 1
QTX92810.1,dengue virus type 1
ACJ04302.1,dengue virus type 1
ACQ44449.1,dengue virus type 1
WCZ55333.2,dengue virus type 1
YBX60308.1,dengue virus type 1
YBQ70483.1,dengue virus type 1
WJZ47230.1,dengue virus type 1
ACO06170.1,dengue virus type 1
AXI98993.1,dengue virus type 1
QMT58600.1,dengue virus type 1
XPF59637.1,dengue virus type 1
QFS19154.1,dengue virus type 1
QNL13176.1,dengue virus type 1
QIC53475.1,dengue virus type 1
WHS04872.1,dengue virus type 1
YBQ70452.1,dengue virus type 1
WVN40410.1,dengue virus type 1
QPZ88405.1,dengue virus type 1
WCZ55337.2,dengue virus type 1
XPF59699.1,dengue virus type 1
QFS19185.1,dengue virus type 1
URK26064.1,dengue virus type 1
AWV55211.1,dengue virus type 1
QTX92682.1,dengue virus type 1
AGT63069.1,dengue virus type 1
QTX92871.1,dengue virus type 1
AUZ41793.1,dengue virus type 1
ADO97105.1,dengue virus type 1
QTX92816.1,dengue virus type 1
CCG93466.1,dengue virus type 1
AET43256.1,dengue virus type 1
XLY78237.1,dengue virus type 1
QTX92409.1,dengue virus type 1
ARO78351.1,dengue virus type 1
WJZ47313.1,dengue virus type 1
AEH41455.1,dengue virus type 1
ACJ04225.1,dengue virus type 1
ACY70580.1,dengue virus type 1
WHS26858.1,dengue virus type 1
WLD15617.1,dengue virus type 1
ACD13373.1,dengue virus type 1
ACD13359.1,dengue virus type 1
WVN40489.1,dengue virus type 1
AKL81143.1,dengue virus type 1
WVN40445.1,dengue virus type 1
XXH95378.1,dengue virus type 1
AHI43752.1,dengue virus type 1
QIC53544.1,dengue virus type 1
WJZ47165.1,dengue virus type 1
QTX92827.1,dengue virus type 1
WLD15641.1,dengue virus type 1
ACW82965.1,dengue virus type 1
XPF60067.1,dengue virus type 1
AYP74659.1,dengue virus type 1
WHS26840.1,dengue virus type 1
WZP38463.1,dengue virus type 1
WMY87890.1,dengue virus type 1
ACJ04233.1,dengue virus type 1
QFS19174.1,dengue virus type 1
ACQ44350.1,dengue virus type 1
XPF60051.1,dengue virus type 1
XPF59900.1,dengue virus type 1
XPF60157.1,dengue virus type 1
ACL99017.1,dengue virus type 1
XQT73496.1,dengue virus type 1
XCI54567.1,dengue virus type 1
WMJ75687.1,dengue virus type 1
UPY82037.1,dengue virus type 1
XQT73516.1,dengue virus type 1
QTX92849.1,dengue virus type 1
QFS19224.1,dengue virus type 1
WJZ46948.1,dengue virus type 1
XPF59706.1,dengue virus type 1
UPY81994.1,dengue virus type 1
YBG70311.1,dengue virus type 1
QCZ24985.1,dengue virus type 1
WMY87886.1,dengue virus type 1
ACY70583.1,dengue virus type 1
ACY70578.1,dengue virus type 1
XLY90661.1,dengue virus type 1
ACQ44468.1,dengue virus type 1
WYF20629.1,dengue virus type 1
YBQ70418.1,dengue virus type 1
AQV12281.1,dengue virus type 1
AQV12329.1,dengue virus type 1
XLY76794.1,dengue virus type 1
WMS36550.1,dengue virus type 1
WMS77790.1,dengue virus type 1
ABW82082.1,dengue virus type 1
XLZ97065.1,dengue virus type 1
WCZ55239.1,dengue virus type 1
AXS75992.1,dengue virus type 1
AHI43702.1,dengue virus type 1
ACD13378.1,dengue virus type 1
ARO84711.1,dengue virus type 1
ACA49067.1,dengue virus type 1
XLZ97079.1,dengue virus type 1
WJZ46801.1,dengue virus type 1
WHS27019.1,dengue virus type 1
AQV12150.1,dengue virus type 1
QUD37226.1,dengue virus type 1
WCZ55298.2,dengue virus type 1
AUZ41778.1,dengue virus type 1
AQV12256.1,dengue virus type 1
QTX92493.1,dengue virus type 1
WJJ08438.1,dengue virus type 1
WDE20499.1,dengue virus type 1
XPF59493.1,dengue virus type 1
XPF59694.1,dengue virus type 1
AHG06331.1,dengue virus type 1
QHE24272.1,dengue virus type 1
WHS04878.1,dengue virus type 1
XPF60062.1,dengue virus type 1
XPF60233.1,dengue virus type 1
BBH51316.1,dengue virus type 1
QTX92406.1,dengue virus type 1
QHE24262.1,dengue virus type 1
WVN40480.1,dengue virus type 1
QTX92586.1,dengue virus type 1
UIZ00651.1,dengue virus type 1
AKL81135.1,dengue virus type 1
WKC54891.1,dengue virus type 1
QNL13555.1,dengue virus type 1
QHF19287.1,dengue virus type 1
WJZ46800.1,dengue virus type 1
QIC53527.1,dengue virus type 1
ACH61745.1,dengue virus type 1
WAU46409.1,dengue virus type 1
QXX05304.1,dengue virus type 1
WVN40540.1,dengue virus type 1
QTX92444.1,dengue virus type 1
WHS26987.1,dengue virus type 1
ACQ44346.1,dengue virus type 1
ACY70633.1,dengue virus type 1
YBP09154.1,dengue virus type 1
ABW82097.1,dengue virus type 1
ACQ44348.1,dengue virus type 1
AOE47570.1,dengue virus type 1
QUD37227.1,dengue virus type 1
BBG62301.1,dengue virus type 1
QTX92645.1,dengue virus type 1
AQV12133.1,dengue virus type 1
WJZ47006.1,dengue virus type 1
WJZ46938.1,dengue virus type 1
QTX92713.1,dengue virus type 1
XIF04108.1,dengue virus type 1
QHZ01386.1,dengue virus type 1
XQT73471.1,dengue virus type 1
AKL81160.1,dengue virus type 1
ACY70683.1,dengue virus type 1
QTX92535.1,dengue virus type 1
QFS19177.1,dengue virus type 1
XPF60066.1,dengue virus type 1
ADK26434.1,dengue virus type 1
AHG06315.1,dengue virus type 1
BAI23196.1,dengue virus type 1
ABR13878.1,dengue virus type 1
WJZ46990.1,dengue virus type 1
QHF19284.1,dengue virus type 1
XRY74903.1,dengue virus type 1
QHD26388.1,dengue virus type 1
AHG23188.1,dengue virus type 1
ABW82072.1,dengue virus type 1
AQV12348.1,dengue virus type 1
XPF59681.1,dengue virus type 1
WJZ47093.1,dengue virus type 1
XPF59742.1,dengue virus type 1
WYF20654.1,dengue virus type 1
USW91917.1,dengue virus type 1
BBG62299.1,dengue virus type 1
WFP46150.1,dengue virus type 1
WJJ08462.1,dengue virus type 1
AJQ21329.2,dengue virus type 1
ACW82958.1,dengue virus type 1
WJZ47001.1,dengue virus type 1
WVN40511.1,dengue virus type 1
WKC20817.1,dengue virus type 1
AAF82038.1,dengue virus type 1
WHS27000.1,dengue virus type 1
AHG23204.1,dengue virus type 1
AAN06982.1,dengue virus type 1
AAK29447.1,dengue virus type 1
WYF20665.1,dengue virus type 1
ACW82990.1,dengue virus type 1
XLZ96989.1,dengue virus type 1
XLZ96975.1,dengue virus type 1
WKC20807.1,dengue virus type 1
QPD98785.1,dengue virus type 1
XPF59789.1,dengue virus type 1
YBP09177.1,dengue virus type 1
WCZ55169.1,dengue virus type 1
WHS26937.1,dengue virus type 1
AHF45710.1,dengue virus type 1
WVN40455.1,dengue virus type 1
YBQ70459.1,dengue virus type 1
AFY10028.1,dengue virus type 1
WJZ46982.1,dengue virus type 1
ACD13374.1,dengue virus type 1
WVN40467.1,dengue virus type 1
UIZ00648.1,dengue virus type 1
ACO06203.1,dengue virus type 1
YBG70290.1,dengue virus type 1
XPF60090.1,dengue virus type 1
XPF59978.1,dengue virus type 1
UPY82000.1,dengue virus type 1
QMW69357.1,dengue virus type 1
WYF20631.1,dengue virus type 1
WMS77796.1,dengue virus type 1
UAV34196.1,dengue virus type 1
ACJ04239.1,dengue virus type 1
AYP74662.1,dengue virus type 1
WMS77802.1,dengue virus type 1
URK26129.1,dengue virus type 1
XPF60037.1,dengue virus type 1
AQV12340.1,dengue virus type 1
YCB22473.1,dengue virus type 1
WVN40520.1,dengue virus type 1
AQV12283.1,dengue virus type 1
ABG75765.1,dengue virus type 1
ACQ44420.1,dengue virus type 1
AWV55221.1,dengue virus type 1
ACY70723.1,dengue virus type 1
QPZ88403.1,dengue virus type 1
QFS19238.1,dengue virus type 1
XPF59860.1,dengue virus type 1
ACS31927.1,dengue virus type 1
WCZ55279.2,dengue virus type 1
QHF19280.1,dengue virus type 1
UIZ00659.1,dengue virus type 1
ACA48770.1,dengue virus type 1
UPY82063.1,dengue virus type 1
UAV34164.1,dengue virus type 1
XPF59590.1,dengue virus type 1
ACY70711.1,dengue virus type 1
QTX92848.1,dengue virus type 1
AQV12177.1,dengue virus type 1
QEP41638.1,dengue virus type 1
QMW69322.1,dengue virus type 1
XPF59604.1,dengue virus type 1
AQV12167.1,dengue virus type 1
ACA48763.1,dengue virus type 1
QIC53509.1,dengue virus type 1
QMW69334.1,dengue virus type 1
AUZ41774.1,dengue virus type 1
WVH32832.1,dengue virus type 1
WFP46135.1,dengue virus type 1
QTX92502.1,dengue virus type 1
XPF60014.1,dengue virus type 1
UPY82024.1,dengue virus type 1
URK26125.1,dengue virus type 1
WMS77832.1,dengue virus type 1
QRI93543.1,dengue virus type 1
XPF59961.1,dengue virus type 1
QTX92521.1,dengue virus type 1
WJD59975.1,dengue virus type 1
ADU03653.1,dengue virus type 1
AQV12277.1,dengue virus type 1
XHB72406.1,dengue virus type 1
QUU16663.1,dengue virus type 1
WYF20610.1,dengue virus type 1
QNL13556.1,dengue virus type 1
WLD15626.1,dengue virus type 1
QTX92604.1,dengue virus type 1
WYF20663.1,dengue virus type 1
ABO38806.1,dengue virus type 1
QPD98774.1,dengue virus type 1
ACJ04317.1,dengue virus type 1
WKC20812.1,dengue virus type 1
XPF60030.1,dengue virus type 1
QPC96826.1,dengue virus type 1
ACS12902.1,dengue virus type 1
QIC53523.1,dengue virus type 1
XPF60100.1,dengue virus type 1
XPF59666.1,dengue virus type 1
QGQ59495.1,dengue virus type 1
QFS19134.1,dengue virus type 1
XQT73497.1,dengue virus type 1
WVN40299.1,dengue virus type 1
ACW82969.1,dengue virus type 1
AQV12132.1,dengue virus type 1
AQV12322.1,dengue virus type 1
QPD98767.1,dengue virus type 1
AHF45724.1,dengue virus type 1
WGD00802.1,dengue virus type 1
QFS19143.1,dengue virus type 1
WJZ47035.1,dengue virus type 1
QTX92460.1,dengue virus type 1
ACH61741.1,dengue virus type 1
WRW12857.1,dengue virus type 1
WKC20813.1,dengue virus type 1
WYF20578.1,dengue virus type 1
BAP91046.1,dengue virus type 1
XEC79643.1,dengue virus type 1
WCZ55334.2,dengue virus type 1
ACQ44352.1,dengue virus type 1
ACN42674.1,dengue virus type 1
WVN40605.1,dengue virus type 1
YBQ70476.1,dengue virus type 1
ALP06120.1,dengue virus type 1
ACW82959.1,dengue virus type 1
AYP74687.1,dengue virus type 1
XPF60024.1,dengue virus type 1
ACL99111.1,dengue virus type 1
XOE78673.1,dengue virus type 1
WVN40639.1,dengue virus type 1
ACA48705.1,dengue virus type 1
ANJ60728.1,dengue virus type 1
WKC20828.1,dengue virus type 1
QTX92708.1,dengue virus type 1
ANC57581.1,dengue virus type 1
ABW82087.1,dengue virus type 1
XPF60260.1,dengue virus type 1
QIC53533.1,dengue virus type 1
WJZ47282.1,dengue virus type 1
WJJ08457.1,dengue virus type 1
WGD00791.1,dengue virus type 1
ACJ04278.1,dengue virus type 1
WHS26881.1,dengue virus type 1
UBI73848.1,dengue virus type 1
ACS31969.1,dengue virus type 1
WMS77823.1,dengue virus type 1
XPF60323.1,dengue virus type 1
WJZ46889.1,dengue virus type 1
WJZ47221.1,dengue virus type 1
WJZ47161.1,dengue virus type 1
AUZ41761.1,dengue virus type 1
WGF24016.1,dengue virus type 1
AIE17470.1,dengue virus type 1
QTX92878.1,dengue virus type 1
AUZ41771.1,dengue virus type 1
XRY74877.1,dengue virus type 1
ACL99098.1,dengue virus type 1
WHS26899.1,dengue virus type 1
ACL99127.1,dengue virus type 1
ACQ44445.1,dengue virus type 1
WFP46126.1,dengue virus type 1
ACD13364.1,dengue virus type 1
XPF60248.1,dengue virus type 1
QTX92791.1,dengue virus type 1
UAV34181.1,dengue virus type 1
WMM36226.1,dengue virus type 1
WDZ68227.1,dengue virus type 1
QFS19236.1,dengue virus type 1
XPF59719.1,dengue virus type 1
ACW83005.1,dengue virus type 3
WRW12816.1,dengue virus type 1
QTX92756.1,dengue virus type 1
WCZ55319.2,dengue virus type 1
WHS26878.1,dengue virus type 1
XLZ96969.1,dengue virus type 1
QTX92403.1,dengue virus type 1
QTX92847.1,dengue virus type 1
ADA60772.1,dengue virus type 1
XPF59568.1,dengue virus type 1
QHD26435.1,dengue virus type 1
ACY70671.1,dengue virus type 1
XPF59792.1,dengue virus type 1
AQV12143.1,dengue virus type 1
XGJ24175.1,dengue virus type 1
QIC53434.1,dengue virus type 1
AXB26588.1,dengue virus type 1
ARO84716.1,dengue virus type 1
QHR82546.1,dengue virus type 1
ACQ44440.1,dengue virus type 1
WKC20810.1,dengue virus type 1
QTX92717.1,dengue virus type 1
QTX92733.1,dengue virus type 1
XLZ97019.1,dengue virus type 1
WJZ47207.1,dengue virus type 1
ACY70715.1,dengue virus type 1
ACW82978.1,dengue virus type 1
UPY82054.1,dengue virus type 1
QMT58617.1,dengue virus type 1
QIC53478.1,dengue virus type 1
XCI54570.1,dengue virus type 1
WLD15648.1,dengue virus type 1
WCZ55231.2,dengue virus type 1
AKL81156.1,dengue virus type 1
WJZ47158.1,dengue virus type 1
UNZ79624.1,dengue virus type 1
WCZ55292.2,dengue virus type 1
AQV12233.1,dengue virus type 1
YBG70328.1,dengue virus type 1
AQV12286.1,dengue virus type 1
XIF13463.1,dengue virus type 1
WEU54304.1,dengue virus type 1
WJZ46911.1,dengue virus type 1
UIZ00640.1,dengue virus type 1
YBQ70425.1,dengue virus type 1
XLZ96982.1,dengue virus type 1
AUZ41779.1,dengue virus type 1
WCZ55199.1,dengue virus type 1
AHI43689.1,dengue virus type 1
XLX38319.1,dengue virus type 1
ACY70651.1,dengue virus type 1
WVN40539.1,dengue virus type 1
QTX92763.1,dengue virus type 1
AOG15612.1,dengue virus type 1
XLZ97012.1,dengue virus type 1
XLZ97070.1,dengue virus type 1
QXX05302.1,dengue virus type 1
XPF59964.1,dengue virus type 1
QTX92670.1,dengue virus type 1
UNZ79640.1,dengue virus type 1
QTX92423.1,dengue virus type 1
ACS32007.1,dengue virus type 1
WJZ47204.1,dengue virus type 1
WJZ46866.1,dengue virus type 1
WKC20895.1,dengue virus type 1
WJJ08401.1,dengue virus type 1
UDY72399.1,dengue virus type 1
XPF59765.1,dengue virus type 1
UZV49090.1,dengue virus type 1
QTX92418.1,dengue virus type 1
WDZ68194.1,dengue virus type 1
QFS19209.1,dengue virus type 1
AUZ41796.1,dengue virus type 1
ACQ44353.1,dengue virus type 1
ACA49061.1,dengue virus type 1
ACA48834.1,dengue virus type 1
QNH29581.1,dengue virus type 1
WJZ47249.1,dengue virus type 1
AQV12142.1,dengue virus type 1
WKC20833.1,dengue virus type 1
QTX92551.1,dengue virus type 1
XLZ96976.1,dengue virus type 1
AAN60367.2,dengue virus type 1
XPF60207.1,dengue virus type 1
QNL13543.1,dengue virus type 1
YBX60302.1,dengue virus type 1
XPF59636.1,dengue virus type 1
WIA70306.1,dengue virus type 1
WJZ47255.1,dengue virus type 1
ACY70694.1,dengue virus type 1
ANJ60730.1,dengue virus type 1
WJZ47079.1,dengue virus type 1
AKL81182.1,dengue virus type 1
WJZ47304.1,dengue virus type 1
WHS26870.1,dengue virus type 1
XRY74898.1,dengue virus type 1
UEK34807.1,dengue virus type 1
WMS36549.1,dengue virus type 1
WRW12844.1,dengue virus type 1
XPF60005.1,dengue virus type 1
WJJ08364.1,dengue virus type 1
AKL81190.1,dengue virus type 1
WCZ55171.1,dengue virus type 1
WHS04856.1,dengue virus type 1
WHS04840.1,dengue virus type 1
UNZ79677.1,dengue virus type 1
ACQ44461.1,dengue virus type 1
ACL99105.1,dengue virus type 1
WFP46117.1,dengue virus type 1
ABW82107.1,dengue virus type 1
QTX92411.1,dengue virus type 1
XPF59837.1,dengue virus type 1
XTK91202.1,dengue virus type 1
AUZ41768.1,dengue virus type 1
XPF60027.1,dengue virus type 1
YAB37913.1,dengue virus type 1
QNL13546.1,dengue virus type 1
WKC20941.1,dengue virus type 1
XLZ97059.1,dengue virus type 1
QHD26432.1,dengue virus type 1
WJZ46943.1,dengue virus type 1
QNL13519.1,dengue virus type 1
WJZ47196.1,dengue virus type 1
AQV12173.1,dengue virus type 1
WRW12850.1,dengue virus type 1
XPF59770.1,dengue virus type 1
WMJ75686.1,dengue virus type 1
QTX92695.1,dengue virus type 1
ACD13371.1,dengue virus type 1
ABG75762.1,dengue virus type 1
AFD28511.1,dengue virus type 1
QOU99790.1,dengue virus type 1
QUU16659.1,dengue virus type 1
WJZ46910.1,dengue virus type 1
ACQ44422.1,dengue virus type 1
WME20536.1,dengue virus type 1
AHF50488.1,dengue virus type 1
XPF59593.1,dengue virus type 1
WCZ55285.2,dengue virus type 1
XPF59945.1,dengue virus type 1
WYF20635.1,dengue virus type 1
QCZ25003.1,dengue virus type 1
QHF19285.1,dengue virus type 1
AQV12338.1,dengue virus type 1
WJZ47014.1,dengue virus type 1
AQV12198.1,dengue virus type 1
QFS19183.1,dengue virus type 1
UAV34169.1,dengue virus type 1
WDZ68192.1,dengue virus type 1
XLZ97071.1,dengue virus type 1
XPF60267.1,dengue virus type 1
QTX92739.1,dengue virus type 1
QTE20472.1,dengue virus type 1
URK26056.1,dengue virus type 1
XQH47493.1,dengue virus type 1
WCZ55211.2,dengue virus type 1
ACY70646.1,dengue virus type 1
ACL99186.1,dengue virus type 1
WJZ46856.1,dengue virus type 1
XPF60043.1,dengue virus type 1
XPF59826.1,dengue virus type 1
XPF60311.1,dengue virus type 1
QTX92594.1,dengue virus type 1
AQV12294.1,dengue virus type 1
WHS26966.1,dengue virus type 1
AYP74692.1,dengue virus type 1
QHD26426.1,dengue virus type 1
WCZ55188.2,dengue virus type 1
ACD13339.1,dengue virus type 1
XDT57283.1,dengue virus type 1
WJZ47007.1,dengue virus type 1
ACL99080.1,dengue virus type 3
AQV12272.1,dengue virus type 1
XPF60003.1,dengue virus type 1
WVN40377.1,dengue virus type 1
WKC20913.1,dengue virus type 1
UNN65463.1,dengue virus type 1
QFS19150.1,dengue virus type 2
QTX92481.1,dengue virus type 1
XPF59474.1,dengue virus type 1
WYF20614.1,dengue virus type 1
AHI43706.1,dengue virus type 1
QTX92857.1,dengue virus type 1
XPF59546.1,dengue virus type 1
ACA49086.1,dengue virus type 1
WHS26983.1,dengue virus type 1
WHS27013.1,dengue virus type 1
XPF59916.1,dengue virus type 1
WHS26962.1,dengue virus type 1
WHS26961.1,dengue virus type 1
QHD26418.1,dengue virus type 1
WCZ55312.2,dengue virus type 1
XLZ96995.1,dengue virus type 1
BDB33210.1,dengue virus type 1
AHF50481.1,dengue virus type 1
WHS26843.1,dengue virus type 1
WKC20943.1,dengue virus type 1
QCE20686.1,dengue virus type 1
WJJ08425.1,dengue virus type 1
AHI43738.1,dengue virus type 1
ACY70667.1,dengue virus type 1
QTX92472.1,dengue virus type 1
ACY70673.1,dengue virus type 1
ACY70631.1,dengue virus type 1
WCZ55232.2,dengue virus type 1
WJZ46824.1,dengue virus type 1
XCM77319.1,dengue virus type 1
WHS26943.1,dengue virus type 1
XLZ97021.1,dengue virus type 1
WCZ55311.2,dengue virus type 1
XPF59463.1,dengue virus type 1
QTX92630.1,dengue virus type 1
QIC53485.1,dengue virus type 1
ACA48744.1,dengue virus type 1
AKL81144.1,dengue virus type 1
UPY82051.1,dengue virus type 1
ABG75763.1,dengue virus type 1
QHD26473.1,dengue virus type 1
QPZ88407.1,dengue virus type 1
AWV55251.1,dengue virus type 1
ACL99110.1,dengue virus type 1
AKC89102.1,dengue virus type 1
QPK41407.1,dengue virus type 1
QFS19204.1,dengue virus type 1
XPF59652.1,dengue virus type 1
WVN40375.1,dengue virus type 1
ADI80632.1,dengue virus type 1
ATP66560.1,dengue virus type 1
WKC20797.1,dengue virus type 1
WJZ47316.1,dengue virus type 1
XPF59944.1,dengue virus type 1
AEF01499.1,dengue virus type 1
XPF60019.1,dengue virus type 1
XUH89061.1,dengue virus type 1
XLZ96990.1,dengue virus type 1
ADI80633.1,dengue virus type 1
ABW82114.1,dengue virus type 1
ADI80640.1,dengue virus type 1
WJZ46830.1,dengue virus type 1
XPF59838.1,dengue virus type 1
WCZ55315.2,dengue virus type 1
ACW82975.1,dengue virus type 1
QTX92869.1,dengue virus type 1
WJZ47149.1,dengue virus type 1
QTX92673.1,dengue virus type 1
ACL99162.1,dengue virus type 1
AHG23193.1,dengue virus type 1
WYF20646.1,dengue virus type 1
XRY74912.1,dengue virus type 1
XPF59977.1,dengue virus type 1
WVN40614.1,dengue virus type 1
XPF59724.1,dengue virus type 1
WJJ08412.1,dengue virus type 1
YBP09187.1,dengue virus type 1
XLZ96988.1,dengue virus type 1
BAP91045.1,dengue virus type 1
ACA49069.1,dengue virus type 1
QFS19176.1,dengue virus type 1
QHD26404.1,dengue virus type 1
ACJ04255.1,dengue virus type 1
ACW82942.1,dengue virus type 1
WPO12944.1,dengue virus type 1
ACW82992.1,dengue virus type 1
UNZ79643.1,dengue virus type 1
AKL81166.1,dengue virus type 1
USW91912.1,dengue virus type 1
AHI43717.1,dengue virus type 1
XLZ96962.1,dengue virus type 1
ADI80654.1,dengue virus type 1
QIC53472.1,dengue virus type 1
QMT58604.1,dengue virus type 1
AFD28526.1,dengue virus type 1
XPF60254.1,dengue virus type 1
QPZ88414.1,dengue virus type 1
WKC20859.1,dengue virus type 1
XIF04102.1,dengue virus type 1
WHS27041.1,dengue virus type 1
WJZ47081.1,dengue virus type 1
UPY82064.1,dengue virus type 1
AHG06307.1,dengue virus type 1
ACQ44337.1,dengue virus type 1
XPF59540.1,dengue virus type 1
URK26124.1,dengue virus type 1
WVN40495.1,dengue virus type 1
XPF60241.1,dengue virus type 1
XPF60301.1,dengue virus type 1
YBG70295.1,dengue virus type 1
ACO06208.1,dengue virus type 1
XPF60077.1,dengue virus type 1
XRY74897.1,dengue virus type 1
QTX92711.1,dengue virus type 1
WYF20633.1,dengue virus type 1
AFN54942.1,dengue virus type 1
ACA49085.1,dengue virus type 1
WKC20834.1,dengue virus type 1
UEK36472.1,dengue virus type 1
ACQ44357.1,dengue virus type 1
WVH32844.1,dengue virus type 1
XPF60153.1,dengue virus type 1
XPF59824.1,dengue virus type 1
AHC98436.1,dengue virus type 1
ACL99192.1,dengue virus type 1
ACH61737.1,dengue virus type 1
XPF59816.1,dengue virus type 1
WJJ08497.1,dengue virus type 1
XPF59647.1,dengue virus type 1
AHI43718.1,dengue virus type 1
XPF60186.1,dengue virus type 1
WJZ47236.1,dengue virus type 1
QNL13535.1,dengue virus type 1
ABW82081.1,dengue virus type 1
BBG62289.1,dengue virus type 1
QTX92417.1,dengue virus type 1
QMT58614.1,dengue virus type 1
WRW12836.1,dengue virus type 1
WJZ46876.1,dengue virus type 1
QPB40127.1,dengue virus type 1
YDE81690.1,dengue virus type 1
AQV12223.1,dengue virus type 1
QTX92483.1,dengue virus type 1
WHS26956.1,dengue virus type 1
WNH19852.1,dengue virus type 1
WJZ46983.1,dengue virus type 1
XPF60139.1,dengue virus type 1
WJZ47247.1,dengue virus type 1
XPF60324.1,dengue virus type 1
QTX92832.1,dengue virus type 1
WGD00815.1,dengue virus type 1
AUZ41802.1,dengue virus type 1
AQV12343.1,dengue virus type 1
QHD26373.1,dengue virus type 1
ACA48876.1,dengue virus type 1
WHS26910.1,dengue virus type 1
WYF20600.1,dengue virus type 1
XPF59912.1,dengue virus type 1
QFS19218.1,dengue virus type 1
WJJ08443.1,dengue virus type 1
QIC53504.1,dengue virus type 1
WME20522.1,dengue virus type 1
ACD13369.1,dengue virus type 1
WJZ47074.1,dengue virus type 1
YBP09155.1,dengue virus type 1
WYF20647.1,dengue virus type 1
WJZ47280.1,dengue virus type 1
WJZ47069.1,dengue virus type 1
AQV12253.1,dengue virus type 1
QQC97222.1,dengue virus type 1
XIF04099.1,dengue virus type 1
ACJ04287.1,dengue virus type 1
WKC20785.1,dengue virus type 1
ACI48993.1,dengue virus type 1
XPF59968.1,dengue virus type 1
WFP46134.1,dengue virus type 1
WJJ08382.1,dengue virus type 1
ACA48975.1,dengue virus type 1
XPF60164.1,dengue virus type 1
YBU65588.1,dengue virus type 1
XHB72394.1,dengue virus type 1
QTX92639.1,dengue virus type 1
XUH89051.1,dengue virus type 1
WMS77808.1,dengue virus type 1
QHD26425.1,dengue virus type 1
AHI43710.1,dengue virus type 1
ACW82996.1,dengue virus type 1
WJZ47085.1,dengue virus type 1
UPY82032.1,dengue virus type 1
QTX92519.1,dengue virus type 1
AIG59667.1,dengue virus type 1
WYF20595.1,dengue virus type 1
WPT88359.1,dengue virus type 1
QTX92798.1,dengue virus type 1
QHD26371.1,dengue virus type 1
WJZ47038.1,dengue virus type 1
AKL81159.1,dengue virus type 1
QIS48855.1,dengue virus type 1
WVN40619.1,dengue virus type 1
QTX92442.1,dengue virus type 1
QHD26354.1,dengue virus type 1
WYF20642.1,dengue virus type 1
AHI43745.1,dengue virus type 1
WMM36220.1,dengue virus type 1
WHS04838.1,dengue virus type 1
QTX92876.1,dengue virus type 1
AEV54605.1,dengue virus type 1
AHG06322.1,dengue virus type 1
XPF59825.1,dengue virus type 1
WVN40561.1,dengue virus type 1
XUM16013.1,dengue virus type 1
QTX92609.1,dengue virus type 1
WCZ55243.2,dengue virus type 1
ACL99191.1,dengue virus type 1
WRW12831.1,dengue virus type 1
WKC20824.1,dengue virus type 1
UIZ00634.1,dengue virus type 1
WDZ68195.1,dengue virus type 1
BBH51315.1,dengue virus type 1
WYF20662.1,dengue virus type 1
XPF60183.1,dengue virus type 1
ACY70725.1,dengue virus type 1
UDE31773.1,dengue virus type 1
XPF59953.1,dengue virus type 1
QPC96820.1,dengue virus type 1
ACY70735.1,dengue virus type 1
XXH95388.1,dengue virus type 1
XPF59908.1,dengue virus type 1
QMW69350.1,dengue virus type 1
WKC20841.1,dengue virus type 1
XHB72381.1,dengue virus type 1
WJJ08439.1,dengue virus type 1
WMM36236.1,dengue virus type 1
QHD26437.1,dengue virus type 1
AHG06330.1,dengue virus type 1
XPF59857.1,dengue virus type 1
ACJ04190.1,dengue virus type 1
QZE60610.1,dengue virus type 1
XPF60049.1,dengue virus type 1
URK21473.1,dengue virus type 1
QTX92761.1,dengue virus type 1
ACL99170.1,dengue virus type 1
WHS26883.1,dengue virus type 1
WHS26954.1,dengue virus type 1
WHS04865.1,dengue virus type 1
WVN40347.1,dengue virus type 1
WWV57739.1,dengue virus type 1
WJJ08434.1,dengue virus type 1
WLD55680.1,dengue virus type 1
ACS31985.1,dengue virus type 1
AYP74658.1,dengue virus type 1
WJZ46930.1,dengue virus type 1
XPF60296.1,dengue virus type 1
QBK46931.1,dengue virus type 1
WCZ55237.2,dengue virus type 1
QEP41633.1,dengue virus type 1
AQV12180.1,dengue virus type 1
AJQ21337.2,dengue virus type 1
XPF60177.1,dengue virus type 1
WHS26857.1,dengue virus type 1
XPF59734.1,dengue virus type 1
WCZ55281.2,dengue virus type 1
ANN30169.2,dengue virus type 1
ADO97104.1,dengue virus type 1
XUM16018.1,dengue virus type 1
WVN40302.1,dengue virus type 1
AHI43739.1,dengue virus type 1
XPF59690.1,dengue virus type 1
ADI80639.1,dengue virus type 1
QPD98780.1,dengue virus type 1
QVV22270.1,dengue virus type 3
WCZ55309.2,dengue virus type 1
QTX92515.1,dengue virus type 1
QTX92490.1,dengue virus type 1
ACS31936.1,dengue virus type 1
WYF20670.1,dengue virus type 1
XDR01452.1,dengue virus type 1
ACQ44332.1,dengue virus type 1
AHG23210.1,dengue virus type 1
ACL99189.1,dengue virus type 1
ACY70729.1,dengue virus type 1
XXL24460.1,dengue virus type 1
WKC20814.1,dengue virus type 1
WRW12848.1,dengue virus type 1
WJZ47250.1,dengue virus type 1
WVN40553.1,dengue virus type 1
XPF60035.1,dengue virus type 1
QFS19156.1,dengue virus type 1
XPF59723.1,dengue virus type 1
ACJ04181.1,dengue virus type 1
WJZ47229.1,dengue virus type 1
XPF59867.1,dengue virus type 1
QHD26390.1,dengue virus type 1
XPF59708.1,dengue virus type 1
BBB18822.1,dengue virus type 1
XPF59657.1,dengue virus type 1
XLZ97039.1,dengue virus type 1
QTX92664.1,dengue virus type 1
AAN03441.2,dengue virus type 1
UWM25497.1,dengue virus type 1
ACQ44430.1,dengue virus type 1
AKL81139.1,dengue virus type 1
WCZ55203.1,dengue virus type 1
XPF59470.1,dengue virus type 1
ACS31955.1,dengue virus type 1
YBG70314.1,dengue virus type 1
ACH99680.1,dengue virus type 1
XPF60012.1,dengue virus type 1
AUZ41765.1,dengue virus type 1
XQT73478.1,dengue virus type 1
WLD15561.1,dengue virus type 1
WJZ46832.1,dengue virus type 1
XCB13495.1,dengue virus type 1
ACL99210.1,dengue virus type 1
WJZ47033.1,dengue virus type 1
WKC20798.1,dengue virus type 1
ABC07331.1,dengue virus type 1
XCB13497.1,dengue virus type 1
WHS04861.1,dengue virus type 1
ABW82080.1,dengue virus type 1
QTX92797.1,dengue virus type 1
URK26058.1,dengue virus type 1
XQH47499.1,dengue virus type 1
XDT57230.1,dengue virus type 1
QDG00671.1,dengue virus type 1
XPF59902.1,dengue virus type 1
XQT73531.1,dengue virus type 1
AQV12357.1,dengue virus type 1
WCZ55186.1,dengue virus type 1
WKC20888.1,dengue virus type 1
ALI16134.1,dengue virus type 1
ACQ44338.1,dengue virus type 1
YDE81682.1,dengue virus type 1
WJZ46811.1,dengue virus type 1
XLZ97035.1,dengue virus type 1
XPF59513.1,dengue virus type 1
XUH89057.1,dengue virus type 1
QTX92652.1,dengue virus type 1
QTX92683.1,dengue virus type 1
QTX92555.1,dengue virus type 1
XQT73503.1,dengue virus type 1
URK21466.1,dengue virus type 1
ACJ04262.1,dengue virus type 1
AQV12144.1,dengue virus type 1
QTX92523.1,dengue virus type 1
ACY70601.1,dengue virus type 1
ACD13375.1,dengue virus type 1
QTX92704.1,dengue virus type 1
XLZ97069.1,dengue virus type 1
XPF59471.1,dengue virus type 1
QFS19199.1,dengue virus type 1
XPF59871.1,dengue virus type 1
AUZ41791.1,dengue virus type 1
UAV34194.1,dengue virus type 1
AHG06328.1,dengue virus type 1
WVN40461.1,dengue virus type 1
WJZ46923.1,dengue virus type 1
WAU46415.1,dengue virus type 1
ACL99013.1,dengue virus type 1
UNZ79626.1,dengue virus type 1
WHS26990.1,dengue virus type 1
XPF59716.1,dengue virus type 1
QTX92622.1,dengue virus type 1
QIC53450.1,dengue virus type 1
WHS27036.1,dengue virus type 1
XPF59926.1,dengue virus type 1
WMM36235.1,dengue virus type 1
XRY74911.1,dengue virus type 1
URK26108.1,dengue virus type 1
APW49447.1,dengue virus type 1
ACQ44361.1,dengue virus type 1
UIZ00642.1,dengue virus type 1
WRW12859.1,dengue virus type 1
XDO24412.1,dengue virus type 1
AEF01512.1,dengue virus type 1
AWV55254.1,dengue virus type 1
WYF20594.1,dengue virus type 1
WDZ68193.1,dengue virus type 1
XLZ97014.1,dengue virus type 1
WHS27023.1,dengue virus type 1
ABW82066.1,dengue virus type 1
QTX92073.1,dengue virus type 1
QRI93545.1,dengue virus type 1
XPF59927.1,dengue virus type 1
AQV12351.1,dengue virus type 1
ACA49078.1,dengue virus type 1
WVN40590.1,dengue virus type 1
AKL81150.1,dengue virus type 1
ACJ04272.1,dengue virus type 1
WKC20783.1,dengue virus type 1
WVH32836.1,dengue virus type 1
UAV34191.1,dengue virus type 1
AAW23164.1,dengue virus type 1
BAN63084.1,dengue virus type 1
WCZ55212.2,dengue virus type 1
XPF59904.1,dengue virus type 1
WJZ46909.1,dengue virus type 1
WYF20659.1,dengue virus type 1
AHC98427.1,dengue virus type 1
XPF60011.1,dengue virus type 1
QTX92424.1,dengue virus type 1
QNL13553.1,dengue virus type 1
WJZ46968.1,dengue virus type 1
XPF59801.1,dengue virus type 1
AHG06310.1,dengue virus type 1
WDZ68196.1,dengue virus type 1
ACA48743.1,dengue virus type 1
UIZ00655.1,dengue virus type 1
XPF59855.1,dengue virus type 1
AVY51407.1,dengue virus type 1
QTX92806.1,dengue virus type 1
ACL99185.1,dengue virus type 1
ACQ44436.1,dengue virus type 1
USW91940.1,dengue virus type 1
XHB72366.1,dengue virus type 1
ACY70825.1,dengue virus type 1
WME20534.1,dengue virus type 1
WVN40506.1,dengue virus type 1
QHD26377.1,dengue virus type 1
ACI15872.1,dengue virus type 1
AEV54602.1,dengue virus type 1
AAQ19665.2,dengue virus type 1
AWV55233.1,dengue virus type 1
AFD28514.1,dengue virus type 1
XPF60125.1,dengue virus type 1
WJZ46891.1,dengue virus type 1
AHC08449.1,dengue virus type 1
XPF60211.1,dengue virus type 1
WCZ55325.2,dengue virus type 1
UBI73845.1,dengue virus type 1
XXL24467.1,dengue virus type 1
ACY70664.1,dengue virus type 1
XQT73539.1,dengue virus type 1
XPF60006.1,dengue virus type 1
ABW82084.1,dengue virus type 1
WYF20606.1,dengue virus type 1
XPF60232.1,dengue virus type 1
WVN40447.1,dengue virus type 1
QFS19153.1,dengue virus type 1
AUZ41783.1,dengue virus type 1
XPF59884.1,dengue virus type 1
QDG00670.1,dengue virus type 1
XWS87310.1,dengue virus type 1
AXX75609.1,dengue virus type 1
AHG23209.1,dengue virus type 1
AUN35114.1,dengue virus type 1
QIC53488.1,dengue virus type 1
QTX92482.1,dengue virus type 1
WJZ46947.1,dengue virus type 1
AKL81151.1,dengue virus type 1
AQS22529.1,dengue virus type 1
WME20527.1,dengue virus type 1
QIC53513.1,dengue virus type 1
QHE24271.1,dengue virus type 1
QGW05344.1,dengue virus type 1
QFS19233.1,dengue virus type 1
AHC98424.1,dengue virus type 1
ACY70675.1,dengue virus type 1
XLZ97048.1,dengue virus type 1
APU93590.1,dengue virus type 1
ACA48759.1,dengue virus type 1
AHC98431.1,dengue virus type 1
WKC20926.1,dengue virus type 1
AKL81186.1,dengue virus type 1
YBG70326.1,dengue virus type 1
ACY70628.1,dengue virus type 1
URK26131.1,dengue virus type 1
QHD26384.1,dengue virus type 1
ACY70612.1,dengue virus type 1
ACY70606.1,dengue virus type 1
WJJ08440.1,dengue virus type 1
WJJ08388.1,dengue virus type 1
XLZ96979.1,dengue virus type 1
YBP09169.1,dengue virus type 1
WMM36216.1,dengue virus type 1
ACI15858.1,dengue virus type 1
WYF20626.1,dengue virus type 1
WVN40316.1,dengue virus type 1
AHG06334.1,dengue virus type 1
ACW82924.1,dengue virus type 1
AQV12321.1,dengue virus type 1
URK26111.1,dengue virus type 1
XPF60235.1,dengue virus type 1
ACA48707.1,dengue virus type 1
XPF60291.1,dengue virus type 1
QHZ01388.1,dengue virus type 1
WKC20887.1,dengue virus type 1
ACY70672.1,dengue virus type 1
XOE78886.1,dengue virus type 1
WPV88493.1,dengue virus type 1
QPK41405.1,dengue virus type 1
ACS31916.1,dengue virus type 1
AWV55202.1,dengue virus type 1
AQV12282.1,dengue virus type 1
ACA48981.1,dengue virus type 1
YBQ70430.1,dengue virus type 1
YBQ70414.1,dengue virus type 1
WVN40566.1,dengue virus type 1
WHS04886.1,dengue virus type 1
QTX92865.1,dengue virus type 1
WCZ55272.2,dengue virus type 1
QTX92458.1,dengue virus type 1
AQV12252.1,dengue virus type 1
QUD37220.1,dengue virus type 1
QTX92775.1,dengue virus type 1
AAV28558.1,dengue virus type 1
XIF04090.1,dengue virus type 1
XPF60320.1,dengue virus type 1
QGW42749.1,dengue virus type 1
AWV55242.1,dengue virus type 1
XMF56214.1,dengue virus type 1
AKL81137.1,dengue virus type 1
XQH47503.1,dengue virus type 1
QOU99789.1,dengue virus type 1
WRW12818.1,dengue virus type 1
AAW64441.1,dengue virus type 1
XQT73532.1,dengue virus type 1
XPF60297.1,dengue virus type 1
ANC57579.1,dengue virus type 1
AWV55199.1,dengue virus type 1
XHB72398.1,dengue virus type 1
WHS26991.1,dengue virus type 1
WJZ47050.1,dengue virus type 1
QTX92443.1,dengue virus type 1
WJJ08408.1,dengue virus type 1
AFD28504.1,dengue virus type 1
UAV34175.1,dengue virus type 1
WHS26896.1,dengue virus type 1
AEV54606.1,dengue virus type 1
QPB40130.1,dengue virus type 1
AMN88557.1,dengue virus type 1
WMS77839.1,dengue virus type 1
AHI43696.1,dengue virus type 1
WKC20906.1,dengue virus type 1
QTX92672.1,dengue virus type 1
XPF59780.1,dengue virus type 1
QHD26417.1,dengue virus type 1
WHS26836.1,dengue virus type 1
ACA48769.1,dengue virus type 1
WMS77811.1,dengue virus type 1
XRH76956.1,dengue virus type 1
USW91915.1,dengue virus type 1
WJZ47148.1,dengue virus type 1
QTX92433.1,dengue virus type 1
AAK60418.1,dengue virus type 1
WHS04829.1,dengue virus type 1
QIC53535.1,dengue virus type 1
AWV55244.1,dengue virus type 1
QPC96837.1,dengue virus type 1
WEG86501.1,dengue virus type 1
WJZ46992.1,dengue virus type 1
WJZ46882.1,dengue virus type 1
WEG86522.1,dengue virus type 1
XPF60009.1,dengue virus type 1
QTE20453.1,dengue virus type 1
QGW42871.1,dengue virus type 1
ABK27927.1,dengue virus type 1
UPY82045.1,dengue virus type 1
ACQ44378.1,dengue virus type 1
WJZ46964.1,dengue virus type 1
XXL24439.1,dengue virus type 1
AQV12302.1,dengue virus type 1
XPF59988.1,dengue virus type 1
WJZ46978.1,dengue virus type 1
WLD15635.1,dengue virus type 1
XXL24466.1,dengue virus type 1
AQV12168.1,dengue virus type 1
QTX92777.1,dengue virus type 1
ACL99180.1,dengue virus type 1
ACW82920.1,dengue virus type 1
WJX08489.1,dengue virus type 1
XPF59651.1,dengue virus type 1
AEH41456.1,dengue virus type 1
YBZ63806.1,dengue virus type 1
WHS26833.1,dengue virus type 1
QIC53538.1,dengue virus type 1
AHF45715.1,dengue virus type 1
WJZ47279.1,dengue virus type 1
QIC53520.1,dengue virus type 1
AQV12166.1,dengue virus type 1
XUH89047.1,dengue virus type 1
WKC20947.1,dengue virus type 1
ADK26437.1,dengue virus type 1
WJJ08446.1,dengue virus type 1
XHB72370.1,dengue virus type 1
WKC20857.1,dengue virus type 1
WHS04828.1,dengue virus type 1
AHF45708.1,dengue virus type 1
ANJ60727.1,dengue virus type 1
WJZ46987.1,dengue virus type 1
WHS04875.1,dengue virus type 1
WGD00833.1,dengue virus type 1
WCZ55283.2,dengue virus type 1
ACL99081.1,dengue virus type 1
YBP09171.1,dengue virus type 1
YDE81697.1,dengue virus type 1
WEG86504.1,dengue virus type 1
WVN40644.1,dengue virus type 1
QTE20465.1,dengue virus type 1
WGD00786.1,dengue virus type 1
QPD98792.1,dengue virus type 1
ACQ44419.1,dengue virus type 1
AFD28527.1,dengue virus type 1
WPF59423.1,dengue virus type 1
WJZ46988.1,dengue virus type 1
QIC53440.1,dengue virus type 1
WJZ47051.1,dengue virus type 1
QTX92861.1,dengue virus type 1
UPY82039.1,dengue virus type 1
AYP74657.1,dengue virus type 1
AQV12296.1,dengue virus type 1
AHI43722.1,dengue virus type 1
XUM16025.1,dengue virus type 1
QIC53457.1,dengue virus type 1
WGD00817.1,dengue virus type 1
WVN40432.1,dengue virus type 1
WJZ47086.1,dengue virus type 1
ACN42697.1,dengue virus type 1
AUW27528.1,dengue virus type 1
AAK62993.1,dengue virus type 1
QTX92767.1,dengue virus type 1
QTX92600.1,dengue virus type 1
WJZ46959.1,dengue virus type 1
WPV88488.1,dengue virus type 1
ACH61733.1,dengue virus type 1
YBQ70481.1,dengue virus type 1
ACI15870.1,dengue virus type 1
WJZ47281.1,dengue virus type 1
ACJ04246.1,dengue virus type 1
AQV12194.1,dengue virus type 1
XQT73485.1,dengue virus type 1
XHB72399.1,dengue virus type 1
QTX92621.1,dengue virus type 1
WJZ47232.1,dengue virus type 1
QTX92430.1,dengue virus type 1
XIF04107.1,dengue virus type 1
WDZ68190.1,dengue virus type 1
WJZ47092.1,dengue virus type 1
QTX92689.1,dengue virus type 1
QFS19207.1,dengue virus type 1
AAW23168.1,dengue virus type 1
WVN40532.1,dengue virus type 1
XPF60314.1,dengue virus type 1
WCZ55190.1,dengue virus type 1
WJZ47176.1,dengue virus type 1
ACA48780.1,dengue virus type 1
QHD26413.1,dengue virus type 1
ABC07332.1,dengue virus type 1
UDE31778.1,dengue virus type 1
WJZ46855.1,dengue virus type 1
WJJ08422.1,dengue virus type 1
QHD26441.1,dengue virus type 1
QTX92822.1,dengue virus type 1
AUZ41770.1,dengue virus type 1
ACW82925.1,dengue virus type 1
QHD26402.1,dengue virus type 1
XPF59874.1,dengue virus type 1
WME20526.1,dengue virus type 1
XLX38320.1,dengue virus type 1
XPF59797.1,dengue virus type 1
XPF60107.1,dengue virus type 1
WHS27027.1,dengue virus type 1
WJJ08411.1,dengue virus type 1
XPF60306.1,dengue virus type 1
XLZ97018.1,dengue virus type 1
XPF59616.1,dengue virus type 1
WKC20931.1,dengue virus type 1
WJJ08471.1,dengue virus type 1
UPY82050.1,dengue virus type 1
WIA70307.1,dengue virus type 1
WHS26912.1,dengue virus type 1
URK26059.1,dengue virus type 1
ACQ44426.1,dengue virus type 1
WJJ08456.1,dengue virus type 1
QPQ49764.1,dengue virus type 1
QMT58608.1,dengue virus type 1
ACJ04253.1,dengue virus type 1
WJZ46895.1,dengue virus type 1
AFD28515.1,dengue virus type 1
XLZ96981.1,dengue virus type 1
WJZ46860.1,dengue virus type 1
XPF59714.1,dengue virus type 1
QIC53477.1,dengue virus type 1
ARO78352.1,dengue virus type 1
AQV12265.1,dengue virus type 1
QFS19192.1,dengue virus type 1
WHS04848.1,dengue virus type 1
XLZ97003.1,dengue virus type 1
QEV86409.1,dengue virus type 1
ACL99003.1,dengue virus type 1
WJJ08467.1,dengue virus type 1
XPF59621.1,dengue virus type 1
YBQ70467.1,dengue virus type 1
XPF60226.1,dengue virus type 1
WVN40554.1,dengue virus type 1
XQH47508.1,dengue virus type 1
QTX92811.1,dengue virus type 1
QHD26460.1,dengue virus type 1
WCZ55331.2,dengue virus type 1
AOG15605.1,dengue virus type 1
WJZ47048.1,dengue virus type 1
XPF60307.1,dengue virus type 1
WHS26972.1,dengue virus type 1
WJZ47135.1,dengue virus type 1
WJZ46862.1,dengue virus type 1
ACO06151.1,dengue virus type 1
XPF59532.1,dengue virus type 1
WJZ46940.1,dengue virus type 1
ACY70688.1,dengue virus type 1
ACJ04229.1,dengue virus type 1
AQV12240.1,dengue virus type 1
YBG70308.1,dengue virus type 1
BAP91047.1,dengue virus type 1
UNZ79695.1,dengue virus type 1
WKC20831.1,dengue virus type 1
XPF59764.1,dengue virus type 1
WJJ08475.1,dengue virus type 1
UPY81988.1,dengue virus type 1
XLJ77175.1,dengue virus type 1
WHS27014.1,dengue virus type 1
QFS19163.1,dengue virus type 1
WHS26971.1,dengue virus type 1
YEH57878.1,dengue virus type 1
QPD98747.1,dengue virus type 1
UKV90054.1,dengue virus type 1
ACY70719.1,dengue virus type 1
XPF59567.1,dengue virus type 1
QHD26446.1,dengue virus type 1
QTX92462.1,dengue virus type 1
XPF59630.1,dengue virus type 1
WYF20554.1,dengue virus type 1
QPZ88409.1,dengue virus type 1
WVN40563.1,dengue virus type 1
XPF59774.1,dengue virus type 1
YBQ70470.1,dengue virus type 1
QTE20463.1,dengue virus type 1
XPF59676.1,dengue virus type 1
YBQ70435.1,dengue virus type 1
AQV12337.1,dengue virus type 1
QHD26480.1,dengue virus type 1
XPF59893.1,dengue virus type 1
WCZ55251.2,dengue virus type 1
WJZ47167.1,dengue virus type 1
ACK28183.1,dengue virus type 1
ABY26040.1,dengue virus type 1
WLD15552.1,dengue virus type 1
AQV12287.1,dengue virus type 1
QIC53506.1,dengue virus type 1
ACL99159.1,dengue virus type 1
WJZ47021.1,dengue virus type 1
WCZ55263.2,dengue virus type 1
ACQ44334.1,dengue virus type 1
AHC98433.1,dengue virus type 1
WKC20912.1,dengue virus type 1
XVY23915.1,dengue virus type 1
UPY82035.1,dengue virus type 1
QPC96828.1,dengue virus type 1
ANJ60724.1,dengue virus type 1
WRW12865.1,dengue virus type 1
ACJ04252.1,dengue virus type 1
YBU65589.1,dengue virus type 1
YBU65586.1,dengue virus type 1
XXL24445.1,dengue virus type 1
AIE17472.1,dengue virus type 1
YBQ70431.1,dengue virus type 1
ACS31960.1,dengue virus type 1
XPF59684.1,dengue virus type 1
QHD26471.1,dengue virus type 1
ACQ44431.1,dengue virus type 1
QTX92602.1,dengue virus type 1
YBG70306.1,dengue virus type 1
WJJ08495.1,dengue virus type 1
QDG00681.1,dengue virus type 1
YBG70312.1,dengue virus type 1
XPF60266.1,dengue virus type 1
QMW69338.1,dengue virus type 1
ACY70613.1,dengue virus type 1
AHI43703.1,dengue virus type 1
UPY82023.1,dengue virus type 1
AFD28488.1,dengue virus type 1
QHD26381.1,dengue virus type 1
WHS26872.1,dengue virus type 1
UPY82044.1,dengue virus type 1
QIC53460.1,dengue virus type 1
AHG06337.1,dengue virus type 1
AET43254.1,dengue virus type 1
XHB72388.1,dengue virus type 1
WMS77794.1,dengue virus type 1
QTX92461.1,dengue virus type 1
QTX92578.1,dengue virus type 1
AHG06338.1,dengue virus type 1
ADI80649.1,dengue virus type 1
WHS26984.1,dengue virus type 1
UJL05611.1,dengue virus type 1
AJP08954.1,dengue virus type 1
QPC96832.1,dengue virus type 1
UPY82056.1,dengue virus type 1
XPF59661.1,dengue virus type 1
XPF59565.1,dengue virus type 1
WKC20838.1,dengue virus type 1
WJZ47055.1,dengue virus type 1
WVH32835.1,dengue virus type 1
AEX97801.2,dengue virus type 1
ATP66557.1,dengue virus type 1
ACL99214.1,dengue virus type 1
QBQ58385.1,dengue virus type 1
WHS27029.1,dengue virus type 1
WHS04894.1,dengue virus type 1
QFS19228.1,dengue virus type 1
ABG75760.1,dengue virus type 1
QTX92818.1,dengue virus type 1
WHS26952.1,dengue virus type 1
ACD13312.1,dengue virus type 1
QPC96834.1,dengue virus type 1
ADI80645.1,dengue virus type 1
ACJ04277.1,dengue virus type 1
ACY70740.1,dengue virus type 1
QTX92489.1,dengue virus type 1
UUG60959.1,dengue virus type 1
WJZ47116.1,dengue virus type 1
WVN40483.1,dengue virus type 1
QTX92769.1,dengue virus type 1
QTX92694.1,dengue virus type 1
ACJ04325.1,dengue virus type 1
QMT58605.1,dengue virus type 1
QHD26367.1,dengue virus type 1
BAP91044.1,dengue virus type 1
WRW12855.1,dengue virus type 1
XQT73495.1,dengue virus type 1
ACN42678.1,dengue virus type 1
AQV12250.1,dengue virus type 1
URK26122.1,dengue virus type 1
WVN40505.1,dengue virus type 1
QIC53465.1,dengue virus type 1
YBQ70480.1,dengue virus type 1
AHI43750.1,dengue virus type 1
ACJ04319.1,dengue virus type 1
QHD26351.1,dengue virus type 1
WKC20919.1,dengue virus type 1
QHE24260.1,dengue virus type 1
ACY70701.1,dengue virus type 1
ACK28188.1,dengue virus type 1
QTX92463.1,dengue virus type 1
AHG06332.1,dengue virus type 1
ACS31909.1,dengue virus type 1
WYF20641.1,dengue virus type 1
YAA48913.1,dengue virus type 1
WJZ47062.1,dengue virus type 1
WJZ46985.1,dengue virus type 1
WHS26818.1,dengue virus type 1
AAW28140.1,dengue virus type 1
ARO84719.1,dengue virus type 1
USW91911.1,dengue virus type 1
QTX92571.1,dengue virus type 1
XXH95382.1,dengue virus type 1
QUU16674.1,dengue virus type 1
WDZ68218.1,dengue virus type 1
WJZ47311.1,dengue virus type 1
AQV12320.1,dengue virus type 1
ACQ44343.1,dengue virus type 1
ACO06155.1,dengue virus type 1
ABW82073.1,dengue virus type 1
QHD26420.1,dengue virus type 1
QHF19290.1,dengue virus type 1
WJZ47089.1,dengue virus type 1
WCZ55290.2,dengue virus type 1
XPF59879.1,dengue virus type 1
WYF20637.1,dengue virus type 1
AQV12169.1,dengue virus type 1
QUU16658.1,dengue virus type 1
AHC98440.1,dengue virus type 1
ACJ04224.1,dengue virus type 1
ANQ47244.1,dengue virus type 1
XPF60034.1,dengue virus type 1
QHE24258.1,dengue virus type 1
AQV12262.1,dengue virus type 1
WHS26911.1,dengue virus type 1
QHD26408.1,dengue virus type 1
QUU16660.1,dengue virus type 1
UAV34167.1,dengue virus type 1
QHD26474.1,dengue virus type 1
WJZ47266.1,dengue virus type 1
WJZ46853.1,dengue virus type 1
ACA48977.1,dengue virus type 1
XQT73513.1,dengue virus type 1
WJJ08431.1,dengue virus type 1
WEG86503.1,dengue virus type 1
QHD26380.1,dengue virus type 1
XPF59560.1,dengue virus type 1
WDZ68226.1,dengue virus type 1
QPD98791.1,dengue virus type 1
AQS22544.1,dengue virus type 1
WYF20622.1,dengue virus type 1
WEG86523.1,dengue virus type 1
ACY70643.1,dengue virus type 1
WKC20843.1,dengue virus type 1
QFS19157.1,dengue virus type 1
WLD15630.1,dengue virus type 1
WHS26847.1,dengue virus type 1
QTX92557.1,dengue virus type 1
AFD28499.1,dengue virus type 1
QTX92628.1,dengue virus type 1
AOG15608.1,dengue virus type 1
ACL99140.1,dengue virus type 1
XPF60258.1,dengue virus type 1
YBU65583.1,dengue virus type 1
QHJ14105.1,dengue virus type 1
AUZ41773.1,dengue virus type 1
WJZ47275.1,dengue virus type 1
WHS04888.1,dengue virus type 1
UPY82014.1,dengue virus type 1
ANQ38587.1,dengue virus type 1
WKC20784.1,dengue virus type 1
ACW82947.1,dengue virus type 1
WJZ47111.1,dengue virus type 1
XPF59809.1,dengue virus type 1
AKL81147.1,dengue virus type 1
WMS77804.1,dengue virus type 1
WYF20609.1,dengue virus type 1
XCB13511.1,dengue virus type 1
ANJ60732.1,dengue virus type 1
ARO84709.1,dengue virus type 1
WJZ47114.1,dengue virus type 1
WJZ47012.1,dengue virus type 1
URK26066.1,dengue virus type 1
QTX92805.1,dengue virus type 1
QHD26464.1,dengue virus type 1
ACD13377.1,dengue virus type 1
QTX92723.1,dengue virus type 1
WHS27032.1,dengue virus type 1
AAN03434.2,dengue virus type 1
XPF59597.1,dengue virus type 1
XPF59859.1,dengue virus type 1
QOU99791.1,dengue virus type 1
UIZ00662.1,dengue virus type 1
AQV12355.1,dengue virus type 1
AQV12152.1,dengue virus type 1
ACW82991.1,dengue virus type 1
QTX92813.1,dengue virus type 1
QPB40126.1,dengue virus type 1
WOX58786.1,dengue virus type 1
ACS31940.1,dengue virus type 1
XPF59610.1,dengue virus type 1
XUM16019.1,dengue virus type 1
ACA49088.1,dengue virus type 1
XPF60143.1,dengue virus type 1
WMS77837.1,dengue virus type 1
XPF59535.1,dengue virus type 1
WKC20904.1,dengue virus type 1
QHF19291.1,dengue virus type 1
AQV12155.1,dengue virus type 1
XPF59728.1,dengue virus type 1
ACQ44464.1,dengue virus type 1
ACL99136.1,dengue virus type 1
AQV12336.1,dengue virus type 1
ACH61775.1,dengue virus type 1
ACQ44336.1,dengue virus type 1
ADI80637.1,dengue virus type 1
QTX92799.1,dengue virus type 1
ACS12901.1,dengue virus type 1
ACK28184.1,dengue virus type 1
WLD15647.1,dengue virus type 1
XPF59594.1,dengue virus type 1
ANJ60729.1,dengue virus type 1
WKC20945.1,dengue virus type 1
XDT81569.1,dengue virus type 1
QNL13520.1,dengue virus type 1
AQV12221.1,dengue virus type 1
XPF60015.1,dengue virus type 1
WJZ47314.1,dengue virus type 1
WVN40454.1,dengue virus type 1
ACS31905.1,dengue virus type 1
WCZ55182.1,dengue virus type 1
XPF60202.1,dengue virus type 1
QDG00673.1,dengue virus type 1
WLD55628.1,dengue virus type 1
ACQ44345.1,dengue virus type 1
UAV34193.1,dengue virus type 1
QTX92432.1,dengue virus type 1
YBP09181.1,dengue virus type 1
XPF59842.1,dengue virus type 1
XYW46907.1,dengue virus type 1
XPF59911.1,dengue virus type 1
QTX92543.1,dengue virus type 1
AWV55210.1,dengue virus type 1
ATP66562.1,dengue virus type 1
YBG70294.1,dengue virus type 1
WLD55646.1,dengue virus type 1
WFP46124.1,dengue virus type 1
AXX75607.2,dengue virus type 1
XUH89052.1,dengue virus type 1
ACJ04198.1,dengue virus type 1
QTX92834.1,dengue virus type 1
WJJ08464.1,dengue virus type 1
ACQ44376.1,dengue virus type 1
QNL13511.1,dengue virus type 1
QFS19189.1,dengue virus type 1
ACS31939.1,dengue virus type 1
UNZ79671.1,dengue virus type 1
ACW82971.1,dengue virus type 1
AFD28521.1,dengue virus type 1
WJJ08454.1,dengue virus type 1
ACA48773.1,dengue virus type 1
ACJ04315.1,dengue virus type 1
YDE81681.1,dengue virus type 1
ACA48858.1,dengue virus type 1
WJZ47071.1,dengue virus type 1
ACY70599.1,dengue virus type 1
QIS48853.1,dengue virus type 1
XPF59670.1,dengue virus type 1
WKC20894.1,dengue virus type 1
WFP46151.1,dengue virus type 1
ACA49090.1,dengue virus type 1
WLD55657.1,dengue virus type 1
WHS27042.1,dengue virus type 1
WHS26829.1,dengue virus type 1
XPF60039.1,dengue virus type 1
AQV12197.1,dengue virus type 1
QTX92517.1,dengue virus type 1
YBK92792.1,dengue virus type 1
AKL81138.1,dengue virus type 1
XUM16028.1,dengue virus type 1
WJZ46825.1,dengue virus type 1
ACQ44331.1,dengue virus type 1
WDZ68229.1,dengue virus type 1
QIC53449.1,dengue virus type 1
XLZ97046.1,dengue virus type 1
ACQ44454.1,dengue virus type 1
AKQ00019.1,dengue virus type 1
QCZ25001.1,dengue virus type 1
WJZ47139.1,dengue virus type 1
YBG70329.1,dengue virus type 1
ACY70733.1,dengue virus type 1
QPD98765.1,dengue virus type 1
UAV34170.1,dengue virus type 1
XLZ96950.1,dengue virus type 1
ATP66558.1,dengue virus type 1
XPF60119.1,dengue virus type 1
UIZ00658.1,dengue virus type 1
XPF59552.1,dengue virus type 1
UNN65473.1,dengue virus type 1
WJZ47045.1,dengue virus type 1
WDZ68225.1,dengue virus type 1
XPF60159.1,dengue virus type 1
AKQ00016.1,dengue virus type 1
AQV12334.1,dengue virus type 1
AAN06981.1,dengue virus type 1
WJZ47241.1,dengue virus type 1
QTX92738.1,dengue virus type 1
AUZ41801.1,dengue virus type 1
ADA60780.1,dengue virus type 1
QFS19554.1,dengue virus type 1
WJJ08441.1,dengue virus type 1
ABC07333.1,dengue virus type 1
XPF60246.1,dengue virus type 1
XPF60185.1,dengue virus type 1
QHD26392.1,dengue virus type 1
XPF60289.1,dengue virus type 1
WHS27022.1,dengue virus type 1
ACQ44342.1,dengue virus type 1
WYF20558.1,dengue virus type 1
XPF59845.1,dengue virus type 1
WRK27494.1,dengue virus type 1
AEF01510.1,dengue virus type 1
ACA49073.1,dengue virus type 1
QCZ24999.1,dengue virus type 1
QTE20483.1,dengue virus type 1
WRW12858.1,dengue virus type 1
XPF59946.1,dengue virus type 1
AAQ81587.1,dengue virus type 1
XUH89040.1,dengue virus type 1
WCZ55223.1,dengue virus type 1
WJZ46867.1,dengue virus type 1
ARO78353.1,dengue virus type 1
AHF50471.1,dengue virus type 1
UZV49089.1,dengue virus type 1
YDE81685.1,dengue virus type 1
YBU65590.1,dengue virus type 1
ACW82898.1,dengue virus type 1
YDE81683.1,dengue virus type 1
WMS77786.1,dengue virus type 1
WCZ55224.1,dengue virus type 1
AFD28512.1,dengue virus type 1
AUZ41784.1,dengue virus type 1
WEG68659.1,dengue virus type 1
WHS26860.1,dengue virus type 1
ACY70604.1,dengue virus type 1
XQT73473.1,dengue virus type 1
ACH61769.1,dengue virus type 1
QTX92705.1,dengue virus type 1
UVK35469.1,dengue virus type 1
AQV12358.1,dengue virus type 1
QHD26356.1,dengue virus type 1
XPF60073.1,dengue virus type 1
QTX92762.1,dengue virus type 1
AWV55213.1,dengue virus type 1
WLD15643.1,dengue virus type 1
QHE24267.1,dengue virus type 1
XQT73483.1,dengue virus type 1
AEW25084.2,dengue virus type 1
AGN94872.1,dengue virus type 1
ACQ44455.1,dengue virus type 1
YBG70323.1,dengue virus type 1
ACL99153.1,dengue virus type 1
WJZ47141.1,dengue virus type 1
QTX92624.1,dengue virus type 1
ACW82987.1,dengue virus type 1
WYF20608.1,dengue virus type 1
WGD00823.1,dengue virus type 1
WKC20867.1,dengue virus type 1
AEX65551.1,dengue virus type 1
XPF59715.1,dengue virus type 1
AYP74697.1,dengue virus type 1
WJJ08502.1,dengue virus type 1
URK26061.1,dengue virus type 1
ACS31928.1,dengue virus type 1
ABW82103.1,dengue virus type 1
WJZ46861.1,dengue virus type 1
AIE17471.1,dengue virus type 1
XTK91199.1,dengue virus type 1
QFS19164.1,dengue virus type 1
WKC20844.1,dengue virus type 1
XPF59658.1,dengue virus type 1
QHD26463.1,dengue virus type 1
WJJ08487.1,dengue virus type 1
WJZ47180.1,dengue virus type 1
QTX92656.1,dengue virus type 1
WLK66461.1,dengue virus type 1
QDG00678.1,dengue virus type 1
WJJ08492.1,dengue virus type 1
XPF59550.1,dengue virus type 1
QTX92513.1,dengue virus type 1
QIC53439.1,dengue virus type 1
WJZ46807.1,dengue virus type 1
ADI80622.1,dengue virus type 1
ACS31918.1,dengue virus type 1
ACJ04236.1,dengue virus type 1
XPF60151.1,dengue virus type 1
ASD49618.1,dengue virus type 1
APW49456.1,dengue virus type 1
AYP74653.1,dengue virus type 1
WVN40319.1,dengue virus type 1
QHD26414.1,dengue virus type 1
XPF60244.1,dengue virus type 1
ACW82927.1,dengue virus type 1
AKL81142.1,dengue virus type 1
AQV12260.1,dengue virus type 1
YBX60301.1,dengue virus type 1
XCB13508.1,dengue virus type 1
AQV12319.1,dengue virus type 1
WJZ46976.1,dengue virus type 1
WYF20586.1,dengue virus type 1
QTX92623.1,dengue virus type 1
XXL24438.1,dengue virus type 1
QHD26424.1,dengue virus type 1
XPF60131.1,dengue virus type 1
XPF59507.1,dengue virus type 1
AGN94878.1,dengue virus type 1
YBR22704.1,dengue virus type 1
XPF59799.1,dengue virus type 1
ASD49619.1,dengue virus type 1
AQV12276.1,dengue virus type 1
WCZ55225.2,dengue virus type 1
WJZ47102.1,dengue virus type 1
AQV12333.1,dengue virus type 1
AQV12225.1,dengue virus type 1
QPC96842.1,dengue virus type 1
WNX97881.1,dengue virus type 1
WJZ47310.1,dengue virus type 1
UPY82041.1,dengue virus type 1
AUZ41760.1,dengue virus type 1
WFP46118.1,dengue virus type 1
AAW28144.1,dengue virus type 1
WEG86508.1,dengue virus type 1
WCZ55235.1,dengue virus type 1
WJZ47294.1,dengue virus type 1
AYP31256.1,dengue virus type 1
AWV55262.1,dengue virus type 1
QTX92768.1,dengue virus type 1
WJZ47237.1,dengue virus type 1
YBQ70440.1,dengue virus type 1
XPF59460.1,dengue virus type 1
AOE47567.1,dengue virus type 1
ACJ04284.1,dengue virus type 1
AAW23167.1,dengue virus type 1
AWV55249.1,dengue virus type 1
XQT73515.1,dengue virus type 1
WJJ08407.1,dengue virus type 1
QIC53515.1,dengue virus type 1
XQT73474.1,dengue virus type 1
WKC20840.1,dengue virus type 1
AAN06983.1,dengue virus type 1
AHI43723.1,dengue virus type 1
ACY70602.1,dengue virus type 1
YBQ70422.1,dengue virus type 1
URK26115.1,dengue virus type 1
AGN94868.1,dengue virus type 1
XLZ96946.1,dengue virus type 1
ACY70588.1,dengue virus type 1
XPF59653.1,dengue virus type 1
ACA49060.1,dengue virus type 1
XLZ96940.1,dengue virus type 1
WKC20858.1,dengue virus type 1
YBQ70460.1,dengue virus type 1
QMW69342.1,dengue virus type 1
UIZ00643.1,dengue virus type 1
XQT73494.1,dengue virus type 1
AKL81148.1,dengue virus type 1
XPF59898.1,dengue virus type 1
ACY70653.1,dengue virus type 1
ACW82993.1,dengue virus type 1
QUU16666.1,dengue virus type 1
AKL81173.1,dengue virus type 1
XQH47501.1,dengue virus type 1
WHS26999.1,dengue virus type 1
QTX92737.1,dengue virus type 1
QTX92752.1,dengue virus type 1
XPF59865.1,dengue virus type 1
AQV12297.1,dengue virus type 1
XPF60209.1,dengue virus type 1
QPI70486.1,dengue virus type 1
WEG86516.1,dengue virus type 1
QZE60603.1,dengue virus type 1
UAV34179.1,dengue virus type 1
AFY10027.1,dengue virus type 1
AQV12263.1,dengue virus type 1
XPF59766.1,dengue virus type 1
XYW46893.1,dengue virus type 1
XER78282.1,dengue virus type 1
ACJ04288.1,dengue virus type 1
XPF59697.1,dengue virus type 1
YBQ70441.1,dengue virus type 1
AQV12269.1,dengue virus type 1
AEF01508.1,dengue virus type 1
QTX92712.1,dengue virus type 1
AQV12190.1,dengue virus type 1
XPF59633.1,dengue virus type 1
XIF04093.1,dengue virus type 1
WEG86506.1,dengue virus type 1
WHS26824.1,dengue virus type 1
WYF20669.1,dengue virus type 1
AEV54604.1,dengue virus type 1
WJJ08448.1,dengue virus type 1
UPY82008.1,dengue virus type 1
BBB18813.1,dengue virus type 1
ACH61774.1,dengue virus type 1
AQV12311.1,dengue virus type 1
ABW82100.1,dengue virus type 1
XPF59625.1,dengue virus type 1
ACQ44462.1,dengue virus type 1
ACA49083.1,dengue virus type 1
WJJ08410.1,dengue virus type 1
XLZ97034.1,dengue virus type 1
XPF59751.1,dengue virus type 1
XPF59712.1,dengue virus type 1
XPF59596.1,dengue virus type 1
WHS27005.1,dengue virus type 1
ACA48767.1,dengue virus type 1
ACA48746.1,dengue virus type 1
XPF59713.1,dengue virus type 1
WDZ68198.1,dengue virus type 1
UPY81989.1,dengue virus type 1
QFS19147.1,dengue virus type 1
QUU16661.1,dengue virus type 1
WJJ08400.1,dengue virus type 1
AWV55217.1,dengue virus type 1
WHS27012.1,dengue virus type 1
XLZ97051.1,dengue virus type 1
WHS26977.1,dengue virus type 1
QTX92627.1,dengue virus type 1
QIC53448.1,dengue virus type 1
WEG68665.1,dengue virus type 1
QIC53532.1,dengue virus type 1
AGT63074.1,dengue virus type 1
QTX92528.1,dengue virus type 1
WHS26854.1,dengue virus type 1
WCZ55238.1,dengue virus type 1
WHS04883.1,dengue virus type 1
WYF20557.1,dengue virus type 1
ACA48784.1,dengue virus type 1
AHL19966.1,dengue virus type 1
XMF56216.1,dengue virus type 1
WHS26827.1,dengue virus type 1
UPY81979.1,dengue virus type 1
AEZ00065.1,dengue virus type 1
WJZ47009.1,dengue virus type 1
WRW12840.1,dengue virus type 1
WJJ08498.1,dengue virus type 1
XLZ97064.1,dengue virus type 1
AET43244.1,dengue virus type 1
ACY70707.1,dengue virus type 1
XPF59873.1,dengue virus type 1
QTX92436.1,dengue virus type 1
AQV12157.1,dengue virus type 1
WJZ46974.1,dengue virus type 1
WJJ08367.1,dengue virus type 1
XLZ97013.1,dengue virus type 1
WJZ47203.1,dengue virus type 1
AWV55232.1,dengue virus type 1
WLD55659.1,dengue virus type 1
XHB72367.1,dengue virus type 1
YBQ70482.1,dengue virus type 1
WLD55635.1,dengue virus type 1
ACA48976.1,dengue virus type 1
WHS26895.1,dengue virus type 1
XPF60074.1,dengue virus type 1
QHD26427.1,dengue virus type 1
XPF60087.1,dengue virus type 1
WJZ46792.1,dengue virus type 1
WHS26905.1,dengue virus type 1
WCZ55257.1,dengue virus type 1
WLD15555.1,dengue virus type 1
QHD26451.1,dengue virus type 1
ACA49076.1,dengue virus type 1
AOG15610.1,dengue virus type 1
ACJ04215.1,dengue virus type 1
XPF60000.1,dengue virus type 1
WJJ08494.1,dengue virus type 1
WPV88497.1,dengue virus type 1
XLZ96983.1,dengue virus type 1
ACL99139.1,dengue virus type 1
UIZ00646.1,dengue virus type 1
ACQ44417.1,dengue virus type 1
XPF60218.1,dengue virus type 1
XPF59943.1,dengue virus type 1
WCZ55193.2,dengue virus type 1
UUG60962.1,dengue virus type 1
QTX92859.1,dengue virus type 1
AAW64435.1,dengue virus type 1
AQV12245.1,dengue virus type 1
QEP41634.1,dengue virus type 1
XER78279.1,dengue virus type 1
XYW46898.1,dengue virus type 1
WJJ08420.1,dengue virus type 1
WDE20497.1,dengue virus type 1
QTX92552.1,dengue virus type 1
QHE24279.1,dengue virus type 1
XER78283.1,dengue virus type 1
QTX92841.1,dengue virus type 1
XPF59923.1,dengue virus type 1
WJJ08505.1,dengue virus type 1
XPF59986.1,dengue virus type 1
ACJ04264.1,dengue virus type 1
XPF59870.1,dengue virus type 1
XOU31795.1,dengue virus type 1
UZV49086.1,dengue virus type 1
XPF60299.1,dengue virus type 1
AEO16855.1,dengue virus type 1
WME20530.1,dengue virus type 1
AWV55214.1,dengue virus type 1
QTE20474.1,dengue virus type 1
ACS31926.1,dengue virus type 1
UKV90055.1,dengue virus type 1
YBQ70438.1,dengue virus type 1
ACJ04281.1,dengue virus type 1
XQT73511.1,dengue virus type 1
QFS19161.1,dengue virus type 1
QIC53500.1,dengue virus type 1
YBP09191.1,dengue virus type 1
WRW12824.1,dengue virus type 1
WJZ47258.1,dengue virus type 1
AHI43749.1,dengue virus type 1
QTX92416.1,dengue virus type 1
QDG00665.1,dengue virus type 1
USW91909.1,dengue virus type 1
WEG86502.1,dengue virus type 1
YBP09158.1,dengue virus type 1
WCZ55350.2,dengue virus type 1
WVH32838.1,dengue virus type 1
WCZ55299.2,dengue virus type 1
WAU46406.1,dengue virus type 1
ACA48790.1,dengue virus type 1
AQV12227.1,dengue virus type 1
WCZ55271.2,dengue virus type 1
USW90905.1,dengue virus type 1
WJZ47306.1,dengue virus type 1
UPY81974.1,dengue virus type 1
XPF59624.1,dengue virus type 1
WHS26965.1,dengue virus type 1
AEA50935.1,dengue virus type 1
YBK89151.1,dengue virus type 1
WCZ55332.2,dengue virus type 1
WYF20569.1,dengue virus type 1
WMY87875.1,dengue virus type 1
WRW12814.1,dengue virus type 1
AHI43721.1,dengue virus type 1
WVN40622.1,dengue virus type 1
UPY81971.1,dengue virus type 1
AFY10026.1,dengue virus type 1
AEF01521.1,dengue virus type 1
WJZ47150.1,dengue virus type 1
WHS04837.1,dengue virus type 1
XPF60268.1,dengue virus type 1
YBP09185.1,dengue virus type 1
XQT73518.1,dengue virus type 1
WJZ47185.1,dengue virus type 1
WJZ46834.1,dengue virus type 1
AGN94875.1,dengue virus type 1
WMS77833.1,dengue virus type 1
XPF60099.1,dengue virus type 1
ACA48752.1,dengue virus type 1
QIC53452.1,dengue virus type 1
QHD26357.1,dengue virus type 1
XPF60272.1,dengue virus type 1
ACN54384.1,dengue virus type 1
XPF59996.1,dengue virus type 1
XPF59523.1,dengue virus type 1
WKC20806.1,dengue virus type 1
QPD98762.1,dengue virus type 1
XHB72401.1,dengue virus type 1
QPD98787.1,dengue virus type 1
XPF59807.1,dengue virus type 1
WZP38461.1,dengue virus type 1
WJZ47214.1,dengue virus type 1
QDG00656.1,dengue virus type 1
XHB72365.1,dengue virus type 1
AHI43686.1,dengue virus type 1
UPY82031.1,dengue virus type 1
ACS31968.1,dengue virus type 1
WLD15649.1,dengue virus type 1
WJX08492.1,dengue virus type 1
QTE20479.1,dengue virus type 1
WFP46127.1,dengue virus type 1
USY11838.1,dengue virus type 1
URK21472.1,dengue virus type 1
WJZ47047.1,dengue virus type 1
APU93591.1,dengue virus type 1
ACH61731.1,dengue virus type 1
WJJ08491.1,dengue virus type 1
AQV12220.1,dengue virus type 1
AEF01520.1,dengue virus type 1
WEG86507.1,dengue virus type 1
QTX92746.1,dengue virus type 1
QHD26387.1,dengue virus type 1
QTX92706.1,dengue virus type 1
WHS26869.1,dengue virus type 1
ACI15871.1,dengue virus type 1
XQT73525.1,dengue virus type 1
WGD00783.1,dengue virus type 1
WFP46110.1,dengue virus type 1
ABW82099.1,dengue virus type 1
QHD26366.1,dengue virus type 1
UKU10224.1,dengue virus type 1
WJZ46864.1,dengue virus type 1
WKC20873.1,dengue virus type 1
UNN65465.1,dengue virus type 1
WYF20639.1,dengue virus type 1
ACO06175.1,dengue virus type 1
QTX92809.1,dengue virus type 1
BBG62275.1,dengue virus type 1
WHS26863.1,dengue virus type 1
WMS77842.1,dengue virus type 1
ACY70689.1,dengue virus type 1
ACL99200.1,dengue virus type 1
XCB13502.1,dengue virus type 1
WYF20667.1,dengue virus type 1
WHS26835.1,dengue virus type 1
QTX92437.1,dengue virus type 1
ABW82094.1,dengue virus type 1
XPF59668.1,dengue virus type 1
WHS27026.1,dengue virus type 1
QPD98781.1,dengue virus type 1
YDE81680.1,dengue virus type 1
ACS31992.1,dengue virus type 1
YBK89149.1,dengue virus type 1
WVN40626.1,dengue virus type 1
ACS31975.1,dengue virus type 1
WJZ47107.1,dengue virus type 1
WJZ47308.1,dengue virus type 1
WJZ47274.1,dengue virus type 1
AKL81158.1,dengue virus type 1
ABW82113.1,dengue virus type 1
AOG15604.1,dengue virus type 1
YBK89159.1,dengue virus type 1
AFJ91714.1,dengue virus type 1
ACL99155.1,dengue virus type 1
WHS04882.1,dengue virus type 1
YBP09176.1,dengue virus type 1
WHS26848.1,dengue virus type 1
XUH89055.1,dengue virus type 1
UIZ00635.1,dengue virus type 1
ACH61743.1,dengue virus type 1
XPF59863.1,dengue virus type 1
XEO29468.1,dengue virus type 1
WFP46137.1,dengue virus type 1
AWV55246.1,dengue virus type 1
ACH61760.1,dengue virus type 1
WHS26944.1,dengue virus type 1
AKL81183.1,dengue virus type 1
WJZ47227.1,dengue virus type 1
AHI43695.1,dengue virus type 1
WRW12849.1,dengue virus type 1
QFS19223.1,dengue virus type 1
AHG23187.1,dengue virus type 1
XXL24458.1,dengue virus type 1
WJJ08386.1,dengue virus type 1
QMW69331.1,dengue virus type 1
WEG68663.1,dengue virus type 1
WCZ55197.2,dengue virus type 1
WVN40636.1,dengue virus type 1
ABW82091.1,dengue virus type 1
XQT73508.1,dengue virus type 1
XQT73520.1,dengue virus type 1
AWV55236.1,dengue virus type 1
XPF59484.1,dengue virus type 1
QTE20451.1,dengue virus type 1
ABW82062.1,dengue virus type 1
WJZ47166.1,dengue virus type 1
AUZ41792.1,dengue virus type 1
ACS31959.1,dengue virus type 1
WJZ47083.1,dengue virus type 1
AAO47361.3,dengue virus type 1
WJZ47268.1,dengue virus type 1
XPF60214.1,dengue virus type 1
XPF59582.1,dengue virus type 1
XPF59772.1,dengue virus type 1
UCY35572.1,dengue virus type 1
AKL81141.1,dengue virus type 1
QJQ84559.1,dengue virus type 1
AUW27628.1,dengue virus type 1
XQH47482.1,dengue virus type 1
WHS26995.1,dengue virus type 1
ACQ44388.1,dengue virus type 1
WGF24015.1,dengue virus type 1
WKC20929.1,dengue virus type 1
YBP09157.1,dengue virus type 1
QIC53461.1,dengue virus type 1
WMY87887.1,dengue virus type 1
XLZ97073.1,dengue virus type 1
WHS26959.1,dengue virus type 1
WJZ46836.1,dengue virus type 1
QDG00655.1,dengue virus type 1
WJZ46918.1,dengue virus type 1
XPF60033.1,dengue virus type 1
WKC20851.1,dengue virus type 1
AQV12200.1,dengue virus type 1
YAA48907.1,dengue virus type 1
AUZ41781.1,dengue virus type 1
ACJ04324.1,dengue virus type 1
QTX92736.1,dengue virus type 1
WAU46400.1,dengue virus type 1
ACQ44446.1,dengue virus type 1
WKC20803.1,dengue virus type 1
XCI54571.1,dengue virus type 1
WJZ47273.1,dengue virus type 1
ACL99198.1,dengue virus type 1
ACA49075.1,dengue virus type 1
ACS31942.1,dengue virus type 1
WJZ47289.1,dengue virus type 1
WVN40549.1,dengue virus type 1
ACA48761.1,dengue virus type 1
AHC98444.1,dengue virus type 1
WKC20801.1,dengue virus type 1
XER78275.1,dengue virus type 1
WVN40601.1,dengue virus type 1
AHI43732.1,dengue virus type 1
AFD62908.1,dengue virus type 1
QTE20471.1,dengue virus type 1
QHD26363.1,dengue virus type 1
QTX92851.1,dengue virus type 1
WHS27034.1,dengue virus type 1
QIC53491.1,dengue virus type 1
AGT63072.1,dengue virus type 1
WJZ47054.1,dengue virus type 1
WKC20848.1,dengue virus type 1
XPF59795.1,dengue virus type 1
WGD00824.1,dengue virus type 1
ACD13431.1,dengue virus type 1
WGD00816.1,dengue virus type 1
WDE20501.1,dengue virus type 1
ACQ44432.1,dengue virus type 1
QPC96843.1,dengue virus type 1
WJZ46904.1,dengue virus type 1
UAV34197.1,dengue virus type 1
QTX92522.1,dengue virus type 1
AEV54599.1,dengue virus type 1
XPF59505.1,dengue virus type 1
WJJ08460.1,dengue virus type 1
QGW42869.1,dengue virus type 1
QHD26461.1,dengue virus type 1
QTX92545.1,dengue virus type 1
WCZ55195.2,dengue virus type 1
QIC53456.1,dengue virus type 1
XRY74881.1,dengue virus type 1
UPY81998.1,dengue virus type 1
QPD98782.1,dengue virus type 1
WYF20579.1,dengue virus type 1
XPF59852.1,dengue virus type 1
WGD00807.1,dengue virus type 1
QHR82529.1,dengue virus type 1
XPF59695.1,dengue virus type 1
WJZ47049.1,dengue virus type 1
AUN35112.1,dengue virus type 1
QHD26358.1,dengue virus type 1
WJZ47037.1,dengue virus type 1
XTK91200.1,dengue virus type 1
ACA49074.1,dengue virus type 1
WCZ55322.2,dengue virus type 1
QTX92677.1,dengue virus type 1
WJZ46875.1,dengue virus type 1
QHD26452.1,dengue virus type 1
QEV86478.1,dengue virus type 1
WLD15639.1,dengue virus type 1
WHS26908.1,dengue virus type 1
XPF59790.1,dengue virus type 1
UIZ00638.1,dengue virus type 1
AEA50933.1,dengue virus type 1
ACY70738.1,dengue virus type 1
WJJ08490.1,dengue virus type 1
WLD15623.1,dengue virus type 1
YBK91586.1,dengue virus type 1
ACY70632.1,dengue virus type 1
WEG68657.1,dengue virus type 1
AHF50480.1,dengue virus type 1
ACL99135.1,dengue virus type 1
QTX92544.1,dengue virus type 1
AGN94873.1,dengue virus type 1
ACS31919.1,dengue virus type 1
WHS26941.1,dengue virus type 1
WJZ46848.1,dengue virus type 1
QPB40131.1,dengue virus type 1
AHI43714.1,dengue virus type 1
ACJ04241.1,dengue virus type 1
ACA48883.1,dengue virus type 1
XPF60171.1,dengue virus type 1
WVN40390.1,dengue virus type 1
QTX92439.1,dengue virus type 1
WJZ46913.1,dengue virus type 1
WHS26992.1,dengue virus type 1
QTX92574.1,dengue virus type 1
WUG62312.1,dengue virus type 1
BDA39161.1,dengue virus type 1
WJJ08427.1,dengue virus type 1
AQV12267.1,dengue virus type 1
AHF45723.1,dengue virus type 1
ADI80623.1,dengue virus type 1
ABW82095.1,dengue virus type 1
AQV12213.1,dengue virus type 1
QMW69347.1,dengue virus type 1
UPY82042.1,dengue virus type 1
QDG00682.1,dengue virus type 1
AUW27527.1,dengue virus type 1
XPF60163.1,dengue virus type 1
WMM36225.1,dengue virus type 1
AKL81140.1,dengue virus type 1
WCZ55256.2,dengue virus type 1
WJZ47194.1,dengue virus type 1
XPF60175.1,dengue virus type 1
UAV34161.1,dengue virus type 1
QCZ25007.1,dengue virus type 1
WKC20823.1,dengue virus type 1
WJZ47213.1,dengue virus type 1
QPD98759.1,dengue virus type 1
XLZ96967.1,dengue virus type 1
ADA60769.1,dengue virus type 1
ACD13357.1,dengue virus type 1
UPY82019.1,dengue virus type 1
ACJ04289.1,dengue virus type 1
XPF59519.1,dengue virus type 1
AHI43698.1,dengue virus type 1
AXB26603.1,dengue virus type 1
WCZ55227.1,dengue virus type 1
ACS31950.1,dengue virus type 1
WHS26988.1,dengue virus type 1
YBQ70443.1,dengue virus type 1
QQC97217.1,dengue virus type 1
QHD26393.1,dengue virus type 1
ACQ44360.1,dengue virus type 1
QGW42748.1,dengue virus type 1
WJZ46854.1,dengue virus type 1
YAA48910.1,dengue virus type 1
XPF60284.1,dengue virus type 1
AGT63073.1,dengue virus type 1
WYF20625.1,dengue virus type 1
ADI80629.1,dengue virus type 1
QFS19155.1,dengue virus type 1
WJZ47265.1,dengue virus type 1
AAN60368.1,dengue virus type 1
ACJ04231.1,dengue virus type 1
XXL24468.1,dengue virus type 1
WRW12817.1,dengue virus type 1
XPF59566.1,dengue virus type 1
XUH89043.1,dengue virus type 1
YBQ70461.1,dengue virus type 1
AJQ21323.2,dengue virus type 1
WRW12862.1,dengue virus type 1
ACJ04327.1,dengue virus type 1
ACA48798.1,dengue virus type 1
WVN40449.1,dengue virus type 1
WHS26967.1,dengue virus type 1
QFS19144.1,dengue virus type 1
WCZ55343.2,dengue virus type 1
WHS26837.1,dengue virus type 1
QHD26355.1,dengue virus type 1
UNZ79621.1,dengue virus type 1
ACJ04193.1,dengue virus type 1
WOX58735.1,dengue virus type 1
XUH89056.1,dengue virus type 1
WGD00794.1,dengue virus type 1
YBX60305.1,dengue virus type 1
QFS19235.1,dengue virus type 1
XPF59808.1,dengue virus type 1
XLZ97083.1,dengue virus type 1
ACH61749.1,dengue virus type 1
ACY70584.1,dengue virus type 1
AHG23183.1,dengue virus type 1
WGD00821.1,dengue virus type 1
AHC98430.1,dengue virus type 1
WJJ08379.1,dengue virus type 1
WVH32841.1,dengue virus type 1
QPD98766.1,dengue virus type 1
XPF59997.1,dengue virus type 1
XLZ97063.1,dengue virus type 1
WJZ46829.1,dengue virus type 1
WJZ47061.1,dengue virus type 1
ACY70668.1,dengue virus type 1
ACI15857.1,dengue virus type 1
ADI80648.1,dengue virus type 1
XPF59835.1,dengue virus type 1
WME20521.1,dengue virus type 1
UNZ79638.1,dengue virus type 1
XPF59571.1,dengue virus type 1
ACA48774.1,dengue virus type 1
QTX92612.1,dengue virus type 1
QFS19551.1,dengue virus type 1
XRY74876.1,dengue virus type 1
QPC96839.1,dengue virus type 1
XPF59861.1,dengue virus type 1
AXI98992.1,dengue virus type 1
WYF20636.1,dengue virus type 1
QMT58599.1,dengue virus type 1
AUW27526.1,dengue virus type 1
ACY70615.1,dengue virus type 1
ACA49066.1,dengue virus type 1
QTX92685.1,dengue virus type 1
QDG00651.1,dengue virus type 1
AQS22542.1,dengue virus type 1
ACI15874.1,dengue virus type 1
BBB18816.1,dengue virus type 1
ACI15861.1,dengue virus type 1
WDZ68202.1,dengue virus type 1
BBG62282.1,dengue virus type 1
ACA48805.1,dengue virus type 1
XPF59999.1,dengue virus type 1
ACO06207.1,dengue virus type 1
WCZ55303.2,dengue virus type 1
ADI80636.1,dengue virus type 1
ACQ44386.1,dengue virus type 3
QPQ49768.1,dengue virus type 1
QTX92722.1,dengue virus type 1
QTX92598.1,dengue virus type 1
QIC53446.1,dengue virus type 1
ACQ44465.1,dengue virus type 1
ACS31917.1,dengue virus type 1
XQC65320.1,dengue virus type 1
XPF59907.1,dengue virus type 1
XLZ97036.1,dengue virus type 1
AQV12174.1,dengue virus type 1
WKC20845.1,dengue virus type 1
WJZ47261.1,dengue virus type 1
QMT58607.1,dengue virus type 1
WHS04871.1,dengue virus type 1
WJZ47133.1,dengue virus type 1
WJZ46994.1,dengue virus type 1
WHS26864.1,dengue virus type 1
QUD37223.1,dengue virus type 1
XQC65322.1,dengue virus type 1
XQT73501.1,dengue virus type 1
WHS26844.1,dengue virus type 1
WFP46129.1,dengue virus type 1
QIB99388.1,dengue virus type 1
QHD26350.1,dengue virus type 1
AHF50492.1,dengue virus type 1
WVN40649.1,dengue virus type 1
UPY81986.1,dengue virus type 1
QTX92776.1,dengue virus type 1
XPF60312.1,dengue virus type 1
AQV12280.1,dengue virus type 1
ACE63537.1,dengue virus type 1
XQH47494.1,dengue virus type 1
YBU65581.1,dengue virus type 1
WVN40443.1,dengue virus type 1
QHE24274.1,dengue virus type 1
ACH61729.1,dengue virus type 1
UIZ00650.1,dengue virus type 1
XPF60096.1,dengue virus type 1
QIC53481.1,dengue virus type 1
XPF60237.1,dengue virus type 1
AQV12137.1,dengue virus type 1
WVN40310.1,dengue virus type 1
XQH47486.1,dengue virus type 1
WHS04868.1,dengue virus type 1
WFP46132.1,dengue virus type 1
XPF59814.1,dengue virus type 1
XPF60101.1,dengue virus type 1
WCZ55278.2,dengue virus type 1
WJZ47024.1,dengue virus type 1
QTX92654.1,dengue virus type 1
QNL13562.1,dengue virus type 1
UAV34187.1,dengue virus type 1
YBZ63819.1,dengue virus type 1
ACY70608.1,dengue virus type 1
XPF59798.1,dengue virus type 1
QCZ24994.1,dengue virus type 1
ACQ44439.1,dengue virus type 1
QNL13513.1,dengue virus type 1
WHS04859.1,dengue virus type 1
AWV55201.1,dengue virus type 1
WHS26871.1,dengue virus type 1
QTX92620.1,dengue virus type 1
QFS19206.1,dengue virus type 1
WCZ55296.2,dengue virus type 1
QUD37221.1,dengue virus type 1
ABW82098.2,dengue virus type 1
QTX92875.1,dengue virus type 1
XUM16020.1,dengue virus type 1
ACS31913.1,dengue virus type 1
XPF59561.1,dengue virus type 1
XPF60192.1,dengue virus type 1
XPF60252.1,dengue virus type 1
XTK91201.1,dengue virus type 1
QHD26476.1,dengue virus type 1
XPF60106.1,dengue virus type 1
XRA05739.1,dengue virus type 1
WJJ08426.1,dengue virus type 1
QCZ24998.1,dengue virus type 1
AKL81157.1,dengue virus type 1
XPF59844.1,dengue virus type 1
QMW69333.1,dengue virus type 1
ANS59162.1,dengue virus type 1
XUM16012.1,dengue virus type 1
WJZ47103.1,dengue virus type 1
WVN40289.1,dengue virus type 1
QFS19215.1,dengue virus type 1
AGN94869.1,dengue virus type 1
QZZ17724.1,dengue virus type 1
QTX92800.1,dengue virus type 1
WHS26889.1,dengue virus type 1
AEF01519.1,dengue virus type 1
AEV54600.1,dengue virus type 1
QMW69359.1,dengue virus type 1
AEF01500.1,dengue virus type 1
WHS04849.1,dengue virus type 1
UAV34202.1,dengue virus type 1
WVN40536.1,dengue virus type 1
WEG68662.1,dengue virus type 1
XPF59759.1,dengue virus type 1
ACS31978.1,dengue virus type 1
QRC48243.1,dengue virus type 1
WKC20883.1,dengue virus type 1
WJZ47044.1,dengue virus type 1
QTX92815.1,dengue virus type 1
QRA18136.1,dengue virus type 1
XOE78674.1,dengue virus type 1
ACY70687.1,dengue virus type 1
ACY70695.1,dengue virus type 1
URK26055.1,dengue virus type 1
QIC53505.1,dengue virus type 1
QHD26360.1,dengue virus type 1
XUH89041.1,dengue virus type 1
XEC79651.1,dengue virus type 1
QUD37231.1,dengue virus type 1
WKC20880.1,dengue virus type 1
QTX92714.1,dengue virus type 1
WYF20575.1,dengue virus type 1
ACQ44333.1,dengue virus type 1
WHS27004.1,dengue virus type 1
ACH61765.1,dengue virus type 1
AXB26597.1,dengue virus type 1
WHS04830.1,dengue virus type 1
WJJ08437.1,dengue virus type 1
QTX92475.1,dengue virus type 1
AQV12305.1,dengue virus type 1
AAO20974.1,dengue virus type 1
QOU99792.1,dengue virus type 1
WYF20565.1,dengue virus type 1
ACA48985.1,dengue virus type 1
WJZ47060.1,dengue virus type 1
AEX65548.1,dengue virus type 1
WKC20916.1,dengue virus type 1
ACW82995.1,dengue virus type 1
WJZ47019.1,dengue virus type 1
WJZ46818.1,dengue virus type 1
ADA60792.1,dengue virus type 1
QOU99787.1,dengue virus type 1
XPF60023.1,dengue virus type 1
QTX92546.1,dengue virus type 1
XPF59539.1,dengue virus type 1
WKC20864.1,dengue virus type 1
ACL99008.1,dengue virus type 1
YBK92790.1,dengue virus type 1
XPF60068.1,dengue virus type 1
WMS77798.1,dengue virus type 1
AQV12324.1,dengue virus type 1
ACL99022.1,dengue virus type 1
WGD00793.1,dengue virus type 1
AEK32179.1,dengue virus type 1
XPF59942.1,dengue virus type 1
YBQ70486.1,dengue virus type 1
ACJ04282.1,dengue virus type 1
AQV12331.1,dengue virus type 1
XQT73512.1,dengue virus type 1
QFS19229.1,dengue virus type 1
ACH61763.1,dengue virus type 1
ACQ44372.1,dengue virus type 1
WVN40365.1,dengue virus type 1
WHS04869.1,dengue virus type 1
WHS04864.1,dengue virus type 1
XPF59899.1,dengue virus type 1
XLZ96966.1,dengue virus type 1
AKQ00014.1,dengue virus type 1
WJJ08468.1,dengue virus type 1
USS98705.1,dengue virus type 1
XLZ96980.1,dengue virus type 1
AJQ21325.2,dengue virus type 1
WCZ55222.1,dengue virus type 1
AFD28518.1,dengue virus type 1
WVH32848.1,dengue virus type 1
UPY82055.1,dengue virus type 1
ACA48708.1,dengue virus type 1
QFS19146.1,dengue virus type 1
AKL81164.1,dengue virus type 1
QHD26364.1,dengue virus type 1
BBB18815.1,dengue virus type 1
AQV12176.1,dengue virus type 1
QNL13542.1,dengue virus type 1
WJJ08429.1,dengue virus type 1
URK26126.1,dengue virus type 1
WVH32826.1,dengue virus type 1
QCZ24987.1,dengue virus type 1
WGD00790.1,dengue virus type 1
WJJ08484.1,dengue virus type 1
XQH47506.1,dengue virus type 1
WJZ46837.1,dengue virus type 1
QPD98793.1,dengue virus type 1
QTE20473.1,dengue virus type 1
ACS31956.1,dengue virus type 1
XRP78499.1,dengue virus type 1
YBG70305.1,dengue virus type 1
ACB87144.1,dengue virus type 1
ACA48776.1,dengue virus type 1
ACY70607.1,dengue virus type 1
XYW46903.1,dengue virus type 1
BBG31501.1,dengue virus type 1
AQV12264.1,dengue virus type 1
WHS26978.1,dengue virus type 1
WVN40286.1,dengue virus type 1
XRY74899.1,dengue virus type 1
ACD13323.1,dengue virus type 1
QTX92697.1,dengue virus type 1
WJZ47183.1,dengue virus type 1
WVN40402.1,dengue virus type 1
WAU46403.1,dengue virus type 1
AYN74343.1,dengue virus type 1
WMS77824.1,dengue virus type 1
ADI80628.1,dengue virus type 1
YDE65163.1,dengue virus type 3
QCZ25004.1,dengue virus type 1
XPF59497.1,dengue virus type 1
WHS26920.1,dengue virus type 1
WJZ47105.1,dengue virus type 1
XPF59940.1,dengue virus type 1
YBP09168.1,dengue virus type 1
WVN40534.1,dengue virus type 1
WJZ47067.1,dengue virus type 1
UPY81993.1,dengue virus type 1
QGQ59492.1,dengue virus type 1
QTX92856.1,dengue virus type 1
ADI80642.1,dengue virus type 1
QIC53516.1,dengue virus type 1
YBP09162.1,dengue virus type 1
AHI43724.1,dengue virus type 1
AEB98755.1,dengue virus type 1
URK21474.1,dengue virus type 1
ACQ44469.1,dengue virus type 1
WHS26825.1,dengue virus type 1
QTX92696.1,dengue virus type 1
XXL24454.1,dengue virus type 1
QTX92852.1,dengue virus type 1
ACH61734.1,dengue virus type 1
WKC20937.1,dengue virus type 1
WJZ47057.1,dengue virus type 1
WVN40306.1,dengue virus type 1
WMS77813.1,dengue virus type 1
XLZ97004.1,dengue virus type 1
WHS04898.1,dengue virus type 1
WVN40419.1,dengue virus type 1
XPF60008.1,dengue virus type 1
UPY81983.1,dengue virus type 1
AKL81171.1,dengue virus type 1
WJJ08384.1,dengue virus type 1
ACA49058.1,dengue virus type 1
XPF59501.1,dengue virus type 1
UPY82059.1,dengue virus type 1
AOG15606.1,dengue virus type 1
ACD13336.1,dengue virus type 1
AQV12172.1,dengue virus type 1
QTE20457.1,dengue virus type 1
XPF60276.1,dengue virus type 1
XPF59585.1,dengue virus type 1
QTX92634.1,dengue virus type 1
WJZ47072.1,dengue virus type 1
QTX92740.1,dengue virus type 1
ACW82998.1,dengue virus type 1
URK26067.1,dengue virus type 1
ACD13379.1,dengue virus type 1
WPF59418.1,dengue virus type 1
WHS26935.1,dengue virus type 1
AQV12135.1,dengue virus type 1
AYP74686.1,dengue virus type 1
WME20537.1,dengue virus type 1
XPF59660.1,dengue virus type 1
AET43248.1,dengue virus type 1
UPY82004.1,dengue virus type 1
WKC20872.1,dengue virus type 1
ACY70678.1,dengue virus type 1
ACL99181.1,dengue virus type 1
ACI15862.1,dengue virus type 1
WJZ47223.1,dengue virus type 1
QTX92533.1,dengue virus type 1
AWV55241.1,dengue virus type 1
ABW82111.1,dengue virus type 1
XPF59617.1,dengue virus type 1
XPF60281.1,dengue virus type 1
WJZ47170.1,dengue virus type 1
AEA50930.1,dengue virus type 1
WEF85062.1,dengue virus type 1
QMT58601.1,dengue virus type 1
WJZ47142.1,dengue virus type 1
XLZ97067.1,dengue virus type 1
XLZ97005.1,dengue virus type 1
WHS04889.1,dengue virus type 1
AQV12206.1,dengue virus type 1
WKC20821.1,dengue virus type 1
AWV55205.1,dengue virus type 1
WJZ47283.1,dengue virus type 1
XPF59614.1,dengue virus type 1
YBP09175.1,dengue virus type 1
UPY81991.1,dengue virus type 1
WJZ47199.1,dengue virus type 1
WCZ55316.2,dengue virus type 1
URK26082.1,dengue virus type 1
QTX92592.1,dengue virus type 1
AEZ00067.1,dengue virus type 1
WEG86515.1,dengue virus type 1
UMO60369.1,dengue virus type 1
WDZ68199.1,dengue virus type 1
AGN94879.1,dengue virus type 1
QFS19230.1,dengue virus type 1
ANS59158.1,dengue virus type 1
ACH61730.1,dengue virus type 1
WVN40378.1,dengue virus type 1
AQV12312.1,dengue virus type 1
ACO06161.1,dengue virus type 1
XQT73534.1,dengue virus type 1
XGZ23343.1,dengue virus type 1
ACL99203.1,dengue virus type 1
XIF04104.1,dengue virus type 1
QTX92478.1,dengue virus type 1
AAW64436.1,dengue virus type 1
XQT73522.1,dengue virus type 1
XLZ97068.1,dengue virus type 1
WMM36218.1,dengue virus type 1
WJZ46812.1,dengue virus type 1
QTX92518.1,dengue virus type 1
ACJ04295.1,dengue virus type 1
UPY82022.1,dengue virus type 1
WPD48695.1,dengue virus type 1
ARO78347.1,dengue virus type 1
WKC20868.1,dengue virus type 1
UZW44018.1,dengue virus type 1
QHZ01384.1,dengue virus type 1
XPF60083.1,dengue virus type 1
AGN94877.1,dengue virus type 1
WJZ47181.1,dengue virus type 1
XLZ96941.1,dengue virus type 1
QHD26353.1,dengue virus type 1
XHB72396.1,dengue virus type 1
WOX58772.1,dengue virus type 1
QTX92680.1,dengue virus type 1
WJZ46957.1,dengue virus type 1
URK26097.1,dengue virus type 1
QTX92532.1,dengue virus type 1
AKL81178.1,dengue virus type 1
UAV34190.1,dengue virus type 1
WVH32833.1,dengue virus type 1
WVN40547.1,dengue virus type 1
XPF60198.1,dengue virus type 1
AEF01506.1,dengue virus type 1
UNZ79627.1,dengue virus type 1
UNZ79641.1,dengue virus type 1
QHF19283.1,dengue virus type 1
QUD37218.1,dengue virus type 1
XPF59846.1,dengue virus type 1
WPV88498.1,dengue virus type 1
WHS04852.1,dengue virus type 1
AYU75103.1,dengue virus type 1
XPF60145.1,dengue virus type 1
AQV12209.1,dengue virus type 1
AXS75987.1,dengue virus type 1
QUU16675.1,dengue virus type 1
QFS19196.1,dengue virus type 1
AFD28509.1,dengue virus type 1
ACJ04304.1,dengue virus type 1
QIC53479.1,dengue virus type 1
WJZ46927.1,dengue virus type 1
AYP74674.1,dengue virus type 1
XPF59930.1,dengue virus type 1
XLZ96986.1,dengue virus type 1
XPF59469.1,dengue virus type 1
XLZ96953.1,dengue virus type 1
WGM54784.1,dengue virus type 1
XLZ97025.1,dengue virus type 1
QNL13526.1,dengue virus type 1
XPF59562.1,dengue virus type 1
AOG15609.1,dengue virus type 1
ACA49080.1,dengue virus type 1
APW49448.1,dengue virus type 1
WCZ55179.2,dengue virus type 1
YBK92787.1,dengue virus type 1
QTX92698.1,dengue virus type 1
WKC20939.1,dengue virus type 1
WJZ46950.1,dengue virus type 1
WJZ46933.1,dengue virus type 1
QIC53508.1,dengue virus type 1
AQV12366.1,dengue virus type 1
XOE78680.1,dengue virus type 1
WHS26842.1,dengue virus type 1
WKC20791.1,dengue virus type 1
ACS31989.1,dengue virus type 1
WHS26898.1,dengue virus type 1
AYP74682.1,dengue virus type 1
WJZ47108.1,dengue virus type 1
ACS31974.1,dengue virus type 1
UIZ00644.1,dengue virus type 1
XIF04109.1,dengue virus type 1
XPF60217.1,dengue virus type 1
XPF60080.1,dengue virus type 1
YBQ70472.1,dengue virus type 1
ACJ04297.1,dengue virus type 1
ACY70573.1,dengue virus type 1
WJZ46961.1,dengue virus type 1
WVN40414.1,dengue virus type 1
WJZ46967.1,dengue virus type 1
AYP74691.1,dengue virus type 1
XRA05738.1,dengue virus type 1
QMW69324.1,dengue virus type 1
AFD28494.1,dengue virus type 1
WKC20942.1,dengue virus type 1
QFS19152.1,dengue virus type 1
ACY70724.1,dengue virus type 1
AEF01513.1,dengue virus type 1
WRW12838.1,dengue virus type 1
AEF01548.1,dengue virus type 1
ACL99069.1,dengue virus type 3
XPF59609.1,dengue virus type 1
AAW64438.1,dengue virus type 1
XQH47496.1,dengue virus type 1
WJZ47115.1,dengue virus type 1
WJZ47244.1,dengue virus type 1
WJZ47104.1,dengue virus type 1
QIC53458.1,dengue virus type 1
WHS26951.1,dengue virus type 1
QTX92577.1,dengue virus type 1
QHR82514.1,dengue virus type 1
ACQ44427.1,dengue virus type 1
WVN40393.1,dengue virus type 1
QUU16671.1,dengue virus type 1
UVN42093.1,dengue virus type 1
ACN42679.1,dengue virus type 1
XPF59991.1,dengue virus type 1
WJZ47026.1,dengue virus type 1
WVN40387.1,dengue virus type 1
WHS04884.1,dengue virus type 1
ACI15883.1,dengue virus type 1
WEX91843.1,dengue virus type 1
QTX92802.1,dengue virus type 1
AQV12214.1,dengue virus type 1
AFY10029.1,dengue virus type 1
ACJ04248.1,dengue virus type 1
WVN40296.1,dengue virus type 1
XHB72377.1,dengue virus type 1
WJZ47099.1,dengue virus type 1
ACS31925.1,dengue virus type 1
ACY70636.1,dengue virus type 1
WJZ46991.1,dengue virus type 1
WMM36217.1,dengue virus type 1
XPF60092.1,dengue virus type 1
QTE20481.1,dengue virus type 1
AQV12219.1,dengue virus type 1
QNL13534.1,dengue virus type 1
WHS04893.1,dengue virus type 1
ACQ44456.1,dengue virus type 1
XLZ97001.1,dengue virus type 1
WVH32834.1,dengue virus type 1
QTX92485.1,dengue virus type 1
WJZ46852.1,dengue virus type 1
YBG70310.1,dengue virus type 1
WHS04854.1,dengue virus type 1
QTX92840.1,dengue virus type 1
AQV12328.1,dengue virus type 1
WJZ46798.1,dengue virus type 1
QCZ24984.1,dengue virus type 1
WMM36215.1,dengue virus type 1
WEG68658.1,dengue virus type 1
YBQ70455.1,dengue virus type 1
XPF60134.1,dengue virus type 1
XPF59804.1,dengue virus type 1
XPF59972.1,dengue virus type 1
YBP09180.1,dengue virus type 1
XPF60286.1,dengue virus type 1
URK26080.1,dengue virus type 1
QBK46932.1,dengue virus type 1
ACW82963.1,dengue virus type 1
WME20532.1,dengue virus type 1
ABW82086.1,dengue virus type 1
QIC53543.1,dengue virus type 1
UKU10225.1,dengue virus type 1
WWZ43991.1,dengue virus type 1
XXH95379.1,dengue virus type 1
WCZ55216.1,dengue virus type 1
XLZ96991.1,dengue virus type 1
AKL81167.1,dengue virus type 1
QNL13552.1,dengue virus type 1
QMW69351.1,dengue virus type 1
YBQ70474.1,dengue virus type 1
YAE67944.1,dengue virus type 1
WJZ46795.1,dengue virus type 1
QMW69346.1,dengue virus type 1
WVN40367.1,dengue virus type 1
WCZ55234.2,dengue virus type 1
XIF04089.1,dengue virus type 1
XPF60017.1,dengue virus type 1
AIN75463.1,dengue virus type 1
ACH61770.1,dengue virus type 1
YBP09193.1,dengue virus type 1
XPF59931.1,dengue virus type 1
WPV88499.1,dengue virus type 1
WJZ47042.1,dengue virus type 1
WHS26918.1,dengue virus type 1
ACL99184.1,dengue virus type 1
AKF17158.1,dengue virus type 1
ACQ44421.1,dengue virus type 1
ACB87145.1,dengue virus type 1
QTX92829.1,dengue virus type 1
XHB72374.1,dengue virus type 1
WJZ46826.1,dengue virus type 1
WKC20936.1,dengue virus type 1
XPF59974.1,dengue virus type 1
WJZ47117.1,dengue virus type 1
WJZ46946.1,dengue virus type 1
WJZ47106.1,dengue virus type 1
UAV34183.1,dengue virus type 1
WHS26923.1,dengue virus type 1
QTX92687.1,dengue virus type 1
ACY70728.1,dengue virus type 1
QCZ24997.1,dengue virus type 1
ACQ44458.1,dengue virus type 1
ACL99101.1,dengue virus type 1
XPF59733.1,dengue virus type 1
ACA48754.1,dengue virus type 1
WKC20837.1,dengue virus type 1
AQV12295.1,dengue virus type 1
XPF60058.1,dengue virus type 1
ACL99100.1,dengue virus type 1
QTX92450.1,dengue virus type 1
QNJ99447.1,dengue virus type 1
QTE20452.1,dengue virus type 1
WHS26996.1,dengue virus type 1
AAQ19667.2,dengue virus type 1
QTX92868.1,dengue virus type 1
XLZ97053.1,dengue virus type 1
ACJ04296.1,dengue virus type 1
QTE20462.1,dengue virus type 1
QPD98784.1,dengue virus type 1
QHD26385.1,dengue virus type 1
XPF59934.1,dengue virus type 1
XQT73530.1,dengue virus type 1
XPF60242.1,dengue virus type 1
YAB37908.1,dengue virus type 1
QTX92619.1,dengue virus type 1
XPF59508.1,dengue virus type 1
ACL99071.1,dengue virus type 3
WCZ55276.2,dengue virus type 1
AFD28493.1,dengue virus type 1
WJZ47096.1,dengue virus type 1
WFP46122.1,dengue virus type 1
QTX92526.1,dengue virus type 1
WLD15645.1,dengue virus type 1
QDG00687.1,dengue virus type 1
AKL81153.1,dengue virus type 1
XPF59891.1,dengue virus type 1
QHD26395.1,dengue virus type 1
QIC53480.1,dengue virus type 1
WKC20891.1,dengue virus type 1
AYP74664.1,dengue virus type 1
WCZ55176.2,dengue virus type 1
QBK46929.1,dengue virus type 1
QHD26359.1,dengue virus type 1
QZE60590.1,dengue virus type 1
AQV12207.1,dengue virus type 1
XPF59960.1,dengue virus type 1
XPF60111.1,dengue virus type 1
ACQ44522.1,dengue virus type 1
QHD26372.1,dengue virus type 1
QTX92457.1,dengue virus type 1
XPF59794.1,dengue virus type 1
AAW64439.1,dengue virus type 1
AUZ41797.1,dengue virus type 1
XPF60136.1,dengue virus type 1
AFD28525.1,dengue virus type 1
WJZ46815.1,dengue virus type 1
XPF60261.1,dengue virus type 1
QIC53496.1,dengue virus type 1
ACO06206.1,dengue virus type 1
ARM59243.1,dengue virus type 1
AKL81175.1,dengue virus type 1
QHD26369.1,dengue virus type 1
WZC42117.1,dengue virus type 1
ACY70712.1,dengue virus type 1
XPF59905.1,dengue virus type 1
WAU46401.1,dengue virus type 1
AQV12236.1,dengue virus type 1
XLZ97015.1,dengue virus type 1
ADA60787.1,dengue virus type 1
URK26085.1,dengue virus type 1
YBQ70450.1,dengue virus type 1
XPF60115.1,dengue virus type 1
ADI80651.1,dengue virus type 1
QTX92741.1,dengue virus type 1
WJJ08469.1,dengue virus type 1
ADA60793.1,dengue virus type 1
UUG60960.1,dengue virus type 1
AFZ40115.1,dengue virus type 1
WJZ47271.1,dengue virus type 1
AQV12258.1,dengue virus type 1
ADA60771.1,dengue virus type 1
WCZ55268.1,dengue virus type 1
WZC42120.1,dengue virus type 1
XPF59853.1,dengue virus type 1
QTX92835.1,dengue virus type 1
AYP74669.1,dengue virus type 1
WCZ55270.2,dengue virus type 1
QPZ88412.1,dengue virus type 1
WMM36231.1,dengue virus type 1
AUZ41788.1,dengue virus type 1
UAV34173.1,dengue virus type 1
QTX92466.1,dengue virus type 1
XPF59834.1,dengue virus type 1
QHD26375.1,dengue virus type 1
WJZ47088.1,dengue virus type 1
WEF85064.1,dengue virus type 1
ADI80627.1,dengue virus type 1
ABW82083.1,dengue virus type 1
QUU16662.1,dengue virus type 1
WCZ55282.2,dengue virus type 1
XQT73500.1,dengue virus type 1
YAJ45095.1,dengue virus type 1
AQV12247.1,dengue virus type 1
XPF59529.1,dengue virus type 1
XCI54573.1,dengue virus type 1
XPF59612.1,dengue virus type 1
XPF60050.1,dengue virus type 1
XLZ96956.1,dengue virus type 1
WVN40586.1,dengue virus type 1
WNX97890.1,dengue virus type 1
AQV12279.1,dengue virus type 1
XPF59875.1,dengue virus type 1
QRC48242.1,dengue virus type 1
AFD28487.1,dengue virus type 1
AIE17473.1,dengue virus type 1
ACA48782.1,dengue virus type 1
XPF59966.1,dengue virus type 1
WJD59970.1,dengue virus type 1
URK26112.1,dengue virus type 1
AFD28520.1,dengue virus type 1
XPF59704.1,dengue virus type 1
QFS19148.1,dengue virus type 1
XUM16011.1,dengue virus type 1
QIS48854.1,dengue virus type 1
WJZ46851.1,dengue virus type 1
UEK34806.1,dengue virus type 1
YBU65591.1,dengue virus type 1
WCZ55289.2,dengue virus type 1
UPY82033.1,dengue virus type 1
ACS31967.1,dengue virus type 1
WHS26885.1,dengue virus type 1
ANJ60722.1,dengue virus type 1
QNL13516.1,dengue virus type 1
WCZ55308.2,dengue virus type 1
WDZ68197.1,dengue virus type 1
XPF60059.1,dengue virus type 1
XQT73486.1,dengue virus type 1
AHX34897.1,dengue virus type 1
QHD26428.1,dengue virus type 1
WJZ47131.1,dengue virus type 1
XPF59726.1,dengue virus type 1
WEG68664.1,dengue virus type 1
AKQ00039.1,dengue virus type 1
WMS77840.1,dengue virus type 1
ACW82966.1,dengue virus type 1
ACL99129.1,dengue virus type 1
QHD26438.1,dengue virus type 1
WCZ55201.1,dengue virus type 1
WJJ08370.1,dengue virus type 1
UPY82046.1,dengue virus type 1
XCB13500.1,dengue virus type 1
AHI43711.1,dengue virus type 1
WJZ47036.1,dengue virus type 1
XPF59679.1,dengue virus type 1
WJZ46789.1,dengue virus type 1
UPY81999.1,dengue virus type 1
ACA48806.1,dengue virus type 1
WVN40406.1,dengue virus type 1
QIC53470.1,dengue virus type 1
XPF60220.1,dengue virus type 1
QFS19553.1,dengue virus type 1
WJZ47152.1,dengue virus type 1
WVN40497.1,dengue virus type 1
ACA48748.1,dengue virus type 1
UUG60966.1,dengue virus type 1
WJZ47179.1,dengue virus type 1
WJZ46945.1,dengue virus type 1
WMS77800.1,dengue virus type 1
AWV55222.1,dengue virus type 1
QFS19210.1,dengue virus type 1
QFS19203.1,dengue virus type 1
QTX92607.1,dengue virus type 1
UPY82026.1,dengue virus type 1
WVN40339.1,dengue virus type 1
ALP06121.1,dengue virus type 1
AHI43744.1,dengue virus type 1
WVN40643.1,dengue virus type 1
XPF59544.1,dengue virus type 1
QTX92801.1,dengue virus type 1
YBP09166.1,dengue virus type 1
WRW12845.1,dengue virus type 1
WKC20922.1,dengue virus type 1
QIC53494.1,dengue virus type 1
ACA48794.1,dengue virus type 1
ACL99030.1,dengue virus type 1
QTX92866.1,dengue virus type 1
AEX65547.1,dengue virus type 1
UEK35279.1,dengue virus type 1
WPF59417.1,dengue virus type 1
WVN40552.1,dengue virus type 1
WJZ47277.1,dengue virus type 1
WJZ46958.1,dengue virus type 1
QTX92548.1,dengue virus type 1
XYW46894.1,dengue virus type 1
AQV12300.1,dengue virus type 1
XPF59487.1,dengue virus type 1
QHD26386.1,dengue virus type 1
WJJ08372.1,dengue virus type 1
ACY70641.1,dengue virus type 1
WLD15559.1,dengue virus type 1
QFS19188.1,dengue virus type 1
QTX92603.1,dengue virus type 1
QTX92702.1,dengue virus type 1
ACL99049.1,dengue virus type 3
XPF59928.1,dengue virus type 1
QCZ24989.1,dengue virus type 1
ACY70593.1,dengue virus type 1
WRW12866.1,dengue virus type 1
XPF60179.1,dengue virus type 1
XLX38318.1,dengue virus type 1
XOF14206.1,dengue virus type 1
WJJ08496.1,dengue virus type 1
WJZ47112.1,dengue virus type 1
WHS04858.1,dengue virus type 1
WVN40582.1,dengue virus type 1
QTX92581.1,dengue virus type 1
WJZ46813.1,dengue virus type 1
YBQ70446.1,dengue virus type 1
ACJ04247.1,dengue virus type 1
ACH99681.1,dengue virus type 1
ACY70709.1,dengue virus type 1
XPF60277.1,dengue virus type 1
AEF57555.1,dengue virus type 1
WKC20815.1,dengue virus type 1
QTX92566.1,dengue virus type 1
APW49452.1,dengue virus type 1
XIF04092.1,dengue virus type 1
QHD26423.1,dengue virus type 1
XLZ96993.1,dengue virus type 1
AXB26595.1,dengue virus type 1
WEG86500.1,dengue virus type 1
ACY70589.1,dengue virus type 1
ACQ44373.1,dengue virus type 1
XPF60257.1,dengue virus type 1
XPF59763.1,dengue virus type 1
AEX65545.1,dengue virus type 1
QTX92771.1,dengue virus type 1
ADI80634.1,dengue virus type 1
WCZ55174.1,dengue virus type 1
AAQ19660.2,dengue virus type 1
XPF59752.1,dengue virus type 1
AQV12330.1,dengue virus type 1
XPF60256.1,dengue virus type 1
WLD15553.1,dengue virus type 1
AUN35115.1,dengue virus type 1
WRW12828.1,dengue virus type 1
AQV12184.1,dengue virus type 1
QIB99387.1,dengue virus type 1
URK26118.1,dengue virus type 1
ACN54383.1,dengue virus type 1
WHS26986.1,dengue virus type 1
UPY82017.1,dengue virus type 1
QTX92434.1,dengue virus type 1
XPF59601.1,dengue virus type 1
WYF20566.1,dengue virus type 1
XER78281.1,dengue virus type 1
ACY70644.1,dengue virus type 1
WFP46133.1,dengue virus type 1
YBK89158.1,dengue virus type 1
WYF20657.1,dengue virus type 1
QTX92556.1,dengue virus type 1
QHD26379.1,dengue virus type 1
AYP74678.1,dengue virus type 1
XPF59754.1,dengue virus type 1
QPD98776.1,dengue virus type 1
AHX42644.1,dengue virus type 1
XPF59810.1,dengue virus type 1
QFS19178.1,dengue virus type 1
WJZ47287.1,dengue virus type 1
WHS04899.1,dengue virus type 1
AHC98434.1,dengue virus type 1
ADI80630.1,dengue virus type 1
XPF59618.1,dengue virus type 1
QTX92468.1,dengue virus type 1
AET43243.1,dengue virus type 1
WJZ46802.1,dengue virus type 1
QXX05305.1,dengue virus type 1
WMS77799.1,dengue virus type 1
ACY70617.1,dengue virus type 1
XPF59572.1,dengue virus type 1
ACA48796.1,dengue virus type 1
XPF59490.1,dengue virus type 1
QZE60592.1,dengue virus type 1
WJZ47118.1,dengue virus type 1
XTK91197.1,dengue virus type 1
WCD38810.1,dengue virus type 1
WCZ55233.1,dengue virus type 1
QTX92629.1,dengue virus type 1
WKC20830.1,dengue virus type 1
XPF59800.1,dengue virus type 1
AHX42641.1,dengue virus type 1
ALI16133.1,dengue virus type 1
QPD98778.1,dengue virus type 1
AQV12261.1,dengue virus type 1
YBP09195.1,dengue virus type 1
QDG00667.1,dengue virus type 1
AQV12370.1,dengue virus type 1
ACQ44443.1,dengue virus type 1
WJZ47091.1,dengue virus type 1
ACY70647.1,dengue virus type 1
XPF59749.1,dengue virus type 1
WVN40514.1,dengue virus type 1
WLD15621.1,dengue virus type 1
ACL99093.1,dengue virus type 1
WJZ47040.1,dengue virus type 1
AKL81149.1,dengue virus type 1
ACW82943.1,dengue virus type 1
WJZ47174.1,dengue virus type 1
WMY87876.1,dengue virus type 1
WVN40488.1,dengue virus type 1
ADA60767.1,dengue virus type 1
AWV55200.1,dengue virus type 1
WJZ46905.1,dengue virus type 1
QTX92415.1,dengue virus type 1
WJZ47063.1,dengue virus type 1
QTX92596.1,dengue virus type 1
XLZ97017.1,dengue virus type 1
QTX92618.1,dengue virus type 1
WFP46138.1,dengue virus type 1
UPY82020.1,dengue virus type 1
XRY74907.1,dengue virus type 1
ACQ44368.1,dengue virus type 1
AQV12228.1,dengue virus type 1
ACW82939.1,dengue virus type 1
WJZ46906.1,dengue virus type 1
QHE24273.1,dengue virus type 1
XPF59983.1,dengue virus type 1
WET62303.1,dengue virus type 1
WHS26814.1,dengue virus type 1
WJZ47238.1,dengue virus type 1
ACE63540.1,dengue virus type 1
WHM53235.1,dengue virus type 1
XPF59954.1,dengue virus type 1
XPF60040.1,dengue virus type 1
UPY82025.1,dengue virus type 1
QTX92516.1,dengue virus type 1
WVN40309.1,dengue virus type 1
AKL81134.1,dengue virus type 1
QDG00652.1,dengue virus type 1
XPF59886.1,dengue virus type 1
AQV12139.1,dengue virus type 1
ACQ44413.1,dengue virus type 1
ACD13360.1,dengue virus type 1
URK26062.1,dengue virus type 1
QIS48852.1,dengue virus type 1
XPF60082.1,dengue virus type 1
QDG00692.1,dengue virus type 1
QTX92504.1,dengue virus type 1
ACA48974.1,dengue virus type 1
YBQ70432.1,dengue virus type 1
QTX92616.1,dengue virus type 1
ACJ04254.1,dengue virus type 1
WKC20863.1,dengue virus type 1
ACO06148.1,dengue virus type 1
ACH99650.1,dengue virus type 1
AQV12202.1,dengue virus type 1
XPF60194.1,dengue virus type 1
ANS59160.1,dengue virus type 1
ABW82065.1,dengue virus type 1
WYF20576.1,dengue virus type 1
QTX92744.1,dengue virus type 1
WZC42121.1,dengue virus type 1
AGN94866.1,dengue virus type 1
UDI89629.1,dengue virus type 1
QMT58611.1,dengue virus type 1
QTX92509.1,dengue virus type 1
XRY74894.1,dengue virus type 1
XLZ96963.1,dengue virus type 1
XQH47505.1,dengue virus type 1
ACA48777.1,dengue virus type 1
AYP74672.1,dengue virus type 1
XPF60154.1,dengue virus type 1
QHD26352.1,dengue virus type 1
AKQ00015.1,dengue virus type 1
XLZ96960.1,dengue virus type 1
XPF59669.1,dengue virus type 1
XPF59591.1,dengue virus type 1
ACY70788.1,dengue virus type 1
WYF20580.1,dengue virus type 1
XRY74885.1,dengue virus type 1
WKC20809.1,dengue virus type 1
ACA49077.1,dengue virus type 1
WCZ55339.2,dengue virus type 1
WHS26945.1,dengue virus type 1
YBQ70463.1,dengue virus type 1
WKC20921.1,dengue virus type 1
AEF01538.1,dengue virus type 1
WJZ47220.1,dengue virus type 1
WMS77818.1,dengue virus type 1
WJJ08500.1,dengue virus type 1
WVN40457.1,dengue virus type 1
QIC53486.1,dengue virus type 1
URK26050.1,dengue virus type 1
XQT73528.1,dengue virus type 1
QMW69352.1,dengue virus type 1
ACD13313.1,dengue virus type 1
QTX92540.1,dengue virus type 1
WVN40399.1,dengue virus type 1
WJZ47020.1,dengue virus type 1
ACN54381.1,dengue virus type 1
ACA48753.1,dengue virus type 1
QTX92699.1,dengue virus type 1
XLZ97040.1,dengue virus type 1
WJJ08390.1,dengue virus type 1
AQV12301.1,dengue virus type 1
WMM36219.1,dengue virus type 1
ACY70696.1,dengue virus type 1
ACS31988.1,dengue virus type 1
YBQ70419.1,dengue virus type 1
ACI15860.1,dengue virus type 1
AQS22534.1,dengue virus type 1
AQV12344.1,dengue virus type 1
QDG00693.1,dengue virus type 1
AWV55243.1,dengue virus type 1
WEF85060.1,dengue virus type 1
AYP74663.1,dengue virus type 1
QEP41632.1,dengue virus type 1
XKV17336.1,dengue virus type 1
WCZ55206.2,dengue virus type 1
ACL99201.1,dengue virus type 1
WHS04853.1,dengue virus type 1
ACJ04226.1,dengue virus type 1
QTX92765.1,dengue virus type 1
WCZ55202.1,dengue virus type 1
ABG75764.1,dengue virus type 1
WMM36230.1,dengue virus type 1
ACW82902.1,dengue virus type 1
XPF59664.1,dengue virus type 1
URK26069.1,dengue virus type 1
XPF59583.1,dengue virus type 1
ACA48880.1,dengue virus type 3
WJZ47145.1,dengue virus type 1
ACL98982.1,dengue virus type 1
QTX92589.1,dengue virus type 1
ACK28182.1,dengue virus type 1
QTX92779.1,dengue virus type 1
WVN40363.1,dengue virus type 1
UPY82003.1,dengue virus type 1
UNZ79625.1,dengue virus type 1
ABW82109.1,dengue virus type 1
WVN40487.1,dengue virus type 1
XPF60152.1,dengue virus type 1
QFS19562.1,dengue virus type 1
WKC20950.1,dengue virus type 1
AHG06336.1,dengue virus type 1
QIC53525.1,dengue virus type 1
QIC53497.1,dengue virus type 1
XQN21103.1,dengue virus type 1
QHD26345.1,dengue virus type 1
WJJ08391.1,dengue virus type 1
QTE20480.1,dengue virus type 1
XPF59881.1,dengue virus type 1
WVN40456.1,dengue virus type 1
WCZ55214.2,dengue virus type 1
XLZ97050.1,dengue virus type 1
QHR82510.1,dengue virus type 1
XLZ97024.1,dengue virus type 1
QEP41640.1,dengue virus type 1
WFP46141.1,dengue virus type 1
WJZ46995.1,dengue virus type 1
QTE20476.1,dengue virus type 1
WVN40330.1,dengue virus type 1
WHS26955.1,dengue virus type 1
WKC20822.1,dengue virus type 1
WCZ55265.2,dengue virus type 1
QFS19559.1,dengue virus type 1
YBQ70475.1,dengue virus type 1
XPF59649.1,dengue virus type 1
QTX92441.1,dengue virus type 1
AQV12335.1,dengue virus type 1
WYF20597.1,dengue virus type 1
ACS31981.1,dengue virus type 1
XPF60021.1,dengue virus type 1
ANC57583.1,dengue virus type 1
XPF59646.1,dengue virus type 1
WYF20548.1,dengue virus type 1
WJJ08423.1,dengue virus type 1
AFD28524.1,dengue virus type 1
XIF13464.1,dengue virus type 1
QEP41642.1,dengue virus type 1
UNN65469.1,dengue virus type 1
UBI73850.1,dengue virus type 1
WKC20862.1,dengue virus type 1
ACA48771.1,dengue virus type 1
WHS26875.1,dengue virus type 1
XPF59981.1,dengue virus type 1
BAD74042.1,dengue virus type 1
QNL13540.1,dengue virus type 1
WHS26946.1,dengue virus type 1
UNZ79636.1,dengue virus type 1
AHG23186.1,dengue virus type 1
XXH95387.1,dengue virus type 1
WEG86513.1,dengue virus type 1
QPZ88406.1,dengue virus type 1
ACI15856.1,dengue virus type 1
WCZ55266.1,dengue virus type 1
ACA49095.1,dengue virus type 1
QFS19184.1,dengue virus type 1
ACY70582.1,dengue virus type 1
ACQ44359.1,dengue virus type 1
AYU75102.1,dengue virus type 1
AQV12307.1,dengue virus type 1
XPF60109.1,dengue virus type 1
QPD98794.1,dengue virus type 1
XPF60044.1,dengue virus type 1
ABK54370.1,dengue virus type 1
XCI54574.1,dengue virus type 1
ACQ44534.1,dengue virus type 1
UIZ00636.1,dengue virus type 1
XRY74906.1,dengue virus type 1
XPF59885.1,dengue virus type 1
WJZ47259.1,dengue virus type 1
ACY70630.1,dengue virus type 1
AQV12362.1,dengue virus type 1
AHG06320.1,dengue virus type 1
WKC20927.1,dengue virus type 1
QTX92408.1,dengue virus type 1
ACI15876.1,dengue virus type 1
WJJ08444.1,dengue virus type 1
XPF59557.1,dengue virus type 1
UPY82006.1,dengue virus type 1
WJZ47226.1,dengue virus type 1
WHS26830.1,dengue virus type 1
XPF60065.1,dengue virus type 1
QPB40128.1,dengue virus type 1
ACL99208.1,dengue virus type 1
XPF60213.1,dengue virus type 1
QDG00648.1,dengue virus type 1
QIC53436.1,dengue virus type 1
WJJ08381.1,dengue virus type 1
BAD42414.1,dengue virus type 1
ACW82892.1,dengue virus type 1
AWV55234.1,dengue virus type 1
WCZ55291.2,dengue virus type 1
AQV12136.1,dengue virus type 1
XPF60170.1,dengue virus type 1
WVN40594.1,dengue virus type 1
ADA60760.1,dengue virus type 1
QHR82517.1,dengue virus type 1
ACS31933.1,dengue virus type 1
QFS19239.1,dengue virus type 1
WYF20618.1,dengue virus type 1
WJZ46899.1,dengue virus type 1
AKR67205.1,dengue virus type 1
XPF60118.1,dengue virus type 1
YBG70319.1,dengue virus type 1
AQV12229.1,dengue virus type 1
QIC53518.1,dengue virus type 1
XUM16023.1,dengue virus type 1
XTK91198.1,dengue virus type 1
XPF59901.1,dengue virus type 1
BBG62279.1,dengue virus type 1
QIC53502.1,dengue virus type 1
YBK92797.1,dengue virus type 1
CDF77359.1,dengue virus type 1
WJZ47239.1,dengue virus type 1
XPF59897.1,dengue virus type 1
WKC20874.1,dengue virus type 1
XQH47489.1,dengue virus type 1
UNN65464.1,dengue virus type 1
QUD37224.1,dengue virus type 1
UWM25496.1,dengue virus type 1
AHI43728.1,dengue virus type 1
XPF60319.1,dengue virus type 1
AFY10025.1,dengue virus type 1
ACA49089.1,dengue virus type 1
WYF20601.1,dengue virus type 1
XPF59777.1,dengue virus type 1
XPF59680.1,dengue virus type 1
QDG00677.1,dengue virus type 1
XPF60240.1,dengue virus type 1
XPF59686.1,dengue virus type 1
ACY70587.1,dengue virus type 1
WHS26976.1,dengue virus type 1
AFY10021.1,dengue virus type 1
WHS04846.1,dengue virus type 1
QNL13558.1,dengue virus type 1
QHF19281.1,dengue virus type 1
WMJ75685.1,dengue virus type 1
URK21468.1,dengue virus type 1
WJZ46847.1,dengue virus type 1
UNZ79630.1,dengue virus type 1
XPF59632.1,dengue virus type 1
QIC53467.1,dengue virus type 1
YEP31424.1,dengue virus type 1
WMY87889.1,dengue virus type 1
YBG70309.1,dengue virus type 1
WCZ55274.1,dengue virus type 1
UNZ79674.1,dengue virus type 1
UPY81975.1,dengue virus type 1
ACS31972.1,dengue virus type 1
QTX92803.1,dengue virus type 1
ANC57580.1,dengue virus type 1
XLZ96978.1,dengue virus type 1
QTX92880.1,dengue virus type 1
XPF60114.1,dengue virus type 1
AQV12352.1,dengue virus type 1
QTE20458.1,dengue virus type 1
AQV12226.1,dengue virus type 1
UIZ00656.1,dengue virus type 1
WHS26850.1,dengue virus type 1
WJZ47154.1,dengue virus type 1
QHE24256.1,dengue virus type 1
BBG62288.1,dengue virus type 1
AQV12365.1,dengue virus type 1
AFD28519.1,dengue virus type 1
WJZ47004.1,dengue virus type 1
QTX92565.1,dengue virus type 1
AHF50474.1,dengue virus type 1
QZZ17725.1,dengue virus type 1
YBQ70478.1,dengue virus type 1
ACY70717.1,dengue virus type 1
QHD26416.1,dengue virus type 1
WCZ55250.2,dengue virus type 1
AGW21594.1,dengue virus type 1
AUZ41756.1,dengue virus type 1
AQS22530.1,dengue virus type 1
ACW82967.1,dengue virus type 1
QMW69328.1,dengue virus type 1
ABW82071.1,dengue virus type 1
AAW28114.1,dengue virus type 1
XPF60088.1,dengue virus type 1
XRY74902.1,dengue virus type 1
APW49451.1,dengue virus type 1
ACQ44411.1,dengue virus type 1
QFS19151.1,dengue virus type 1
QTX92425.1,dengue virus type 1
WYF20643.1,dengue virus type 1
WLD55574.1,dengue virus type 1
ANS59159.1,dengue virus type 1
XPF59917.1,dengue virus type 1
WJJ08458.1,dengue virus type 1
WKC20856.1,dengue virus type 1
XPF59924.1,dengue virus type 1
WVN40407.1,dengue virus type 1
QTX92864.1,dengue virus type 1
ABW82108.1,dengue virus type 1
XYW46906.1,dengue virus type 1
WCZ55246.2,dengue virus type 1
XPF60169.1,dengue virus type 1
BBG62286.1,dengue virus type 1
ACA49087.1,dengue virus type 1
ACO06138.1,dengue virus type 1
XPF59822.1,dengue virus type 1
UPY81987.1,dengue virus type 1
QPK41398.1,dengue virus type 1
WAU46408.1,dengue virus type 1
WHS27003.1,dengue virus type 1
QGW42872.1,dengue virus type 1
YBQ70444.1,dengue virus type 1
WHS26849.1,dengue virus type 1
URK26071.1,dengue virus type 1
XDT57278.1,dengue virus type 1
WVN40382.1,dengue virus type 1
XAX02477.1,dengue virus type 1
URK26072.1,dengue virus type 1
XPF60302.1,dengue virus type 1
QTX92729.1,dengue virus type 1
AHI43700.1,dengue virus type 1
XUM16022.1,dengue virus type 1
ACL99169.1,dengue virus type 1
ACL99196.1,dengue virus type 1
WJZ47059.1,dengue virus type 1
AHI43719.1,dengue virus type 1
WJX08491.1,dengue virus type 1
WVN40405.1,dengue virus type 1
WJZ47023.1,dengue virus type 1
XPF60216.1,dengue virus type 1
YBQ70445.1,dengue virus type 1
WVN40521.1,dengue virus type 1
AHI43731.1,dengue virus type 1
XPF59631.1,dengue virus type 1
WMS77806.1,dengue virus type 1
AHC98435.1,dengue virus type 1
AQV12309.1,dengue virus type 1
XXH95380.1,dengue virus type 1
ACQ44452.1,dengue virus type 1
QTX92804.1,dengue virus type 1
QTX92511.1,dengue virus type 1
QIC53528.1,dengue virus type 1
WJZ47297.1,dengue virus type 1
WVN40560.1,dengue virus type 1
ACY70794.1,dengue virus type 1
XQH47490.1,dengue virus type 1
WJZ47248.1,dengue virus type 1
WLD15629.1,dengue virus type 1
WDZ68189.1,dengue virus type 1
USU42805.1,dengue virus type 1
WYF20562.1,dengue virus type 1
XPF59958.1,dengue virus type 1
ACD13372.1,dengue virus type 1
WCZ55306.2,dengue virus type 1
AQV12141.1,dengue virus type 1
QFS19165.1,dengue virus type 1
AHF45712.1,dengue virus type 1
XPF59615.1,dengue virus type 1
AHG23206.1,dengue virus type 1
UPY82040.1,dengue virus type 1
ACJ04309.1,dengue virus type 1
UZW44019.1,dengue virus type 1
WHS04851.1,dengue virus type 1
AKL81161.1,dengue virus type 1
ACY70708.1,dengue virus type 1
XRY74913.1,dengue virus type 1
QTX92671.1,dengue virus type 1
XPF59511.1,dengue virus type 1
UPY82028.1,dengue virus type 1
UEK34809.1,dengue virus type 1
AHF45713.1,dengue virus type 1
WJZ46850.1,dengue virus type 1
ARU09497.1,dengue virus type 1
ACS31961.1,dengue virus type 1
ARO84721.1,dengue virus type 1
QFS19159.1,dengue virus type 1
WKC20789.1,dengue virus type 1
WHS04850.1,dengue virus type 1
XQT73499.1,dengue virus type 1
UPY81985.1,dengue virus type 1
QIC53447.1,dengue virus type 1
QMT58613.1,dengue virus type 1
XPF59782.1,dengue virus type 1
ABO38807.1,dengue virus type 1
XLY76793.1,dengue virus type 1
XLZ96949.1,dengue virus type 1
XTK91204.1,dengue virus type 1
WJJ08402.1,dengue virus type 1
QPD98745.1,dengue virus type 1
WFP46111.1,dengue virus type 1
BBB18814.1,dengue virus type 1
QPC96821.1,dengue virus type 1
YDE81696.1,dengue virus type 1
QTX92778.1,dengue virus type 1
AAN03432.3,dengue virus type 1
QPK41393.1,dengue virus type 1
XPF59890.1,dengue virus type 1
WJZ46898.1,dengue virus type 1
ACA49084.1,dengue virus type 1
ACA48778.1,dengue virus type 1
UNZ79629.1,dengue virus type 1
WJJ08404.1,dengue virus type 1
XPF59606.1,dengue virus type 1
WHS04863.1,dengue virus type 1
XPF60093.1,dengue virus type 1
AQV12271.1,dengue virus type 1
QTX92601.1,dengue virus type 1
WVN40567.1,dengue virus type 1
QPD98783.1,dengue virus type 1
WYF20616.1,dengue virus type 1
XPF59689.1,dengue virus type 1
WYF20627.1,dengue virus type 1
QTX92635.1,dengue virus type 1
ACS31963.1,dengue virus type 1
AFZ40114.1,dengue virus type 1
ABW82067.1,dengue virus type 1
WKC20819.1,dengue virus type 1
AHF45721.1,dengue virus type 1
XCT47119.1,dengue virus type 1
WVN40372.1,dengue virus type 1
XPF59678.1,dengue virus type 1
WVN40477.1,dengue virus type 1
XPF60201.1,dengue virus type 1
AKL81170.1,dengue virus type 1
QGQ59490.1,dengue virus type 1
WJZ46997.1,dengue virus type 1
QMT58618.1,dengue virus type 1
QTX92707.1,dengue virus type 1
ULU19150.1,dengue virus type 1
ACQ44328.1,dengue virus type 1
WCZ55228.1,dengue virus type 1
UZI17949.1,dengue virus type 1
QTX92742.1,dengue virus type 1
QFS19166.1,dengue virus type 1
ACL99084.1,dengue virus type 1
QHD26376.1,dengue virus type 1
WJZ47219.1,dengue virus type 1
WVN40352.1,dengue virus type 1
XQT73509.1,dengue virus type 1
ACW82948.1,dengue virus type 1
WYF20634.1,dengue virus type 1
XPF59480.1,dengue virus type 1
WJZ46928.1,dengue virus type 1
WJZ47151.1,dengue virus type 1
ACL99132.1,dengue virus type 1
YBQ70473.1,dengue virus type 1
XUB19291.1,dengue virus type 1
XPF59702.1,dengue virus type 1
QTX92608.1,dengue virus type 1
XER78276.1,dengue virus type 1
AQV12317.1,dengue virus type 1
ANN30171.2,dengue virus type 1
ANQ38586.1,dengue virus type 1
ACW82940.1,dengue virus type 1
YBG70291.1,dengue virus type 1
QPK41410.1,dengue virus type 1
ACL99207.1,dengue virus type 1
AQV12171.1,dengue virus type 1
QTX92496.1,dengue virus type 1
QTX92610.1,dengue virus type 1
WCZ55302.2,dengue virus type 1
URK26090.1,dengue virus type 1
WDZ68185.1,dengue virus type 1
ACQ44437.1,dengue virus type 1
WVN40351.1,dengue virus type 1
WVN40474.1,dengue virus type 1
WLD15637.1,dengue virus type 1
QIB99385.1,dengue virus type 1
WHS04887.1,dengue virus type 1
ACS31986.1,dengue virus type 1
ACL99209.1,dengue virus type 1
QHD26396.1,dengue virus type 1
XPF60205.1,dengue virus type 1
WRW12833.1,dengue virus type 1
QPK41412.1,dengue virus type 1
QFS19219.1,dengue virus type 1
URK26087.1,dengue virus type 1
BAN63085.1,dengue virus type 1
ACD13342.1,dengue virus type 1
ACS32006.1,dengue virus type 1
XYW46910.1,dengue virus type 1
QPK41399.1,dengue virus type 1
WLD15646.1,dengue virus type 1
AWV55216.1,dengue virus type 1
ABW82076.1,dengue virus type 1
WVN40504.1,dengue virus type 1
WJZ47080.1,dengue virus type 1
WMS77826.1,dengue virus type 1
AKL81162.1,dengue virus type 1
WKC20826.1,dengue virus type 1
XPF59864.1,dengue virus type 1
XPF60176.1,dengue virus type 1
ACW82900.1,dengue virus type 1
WYF20547.1,dengue virus type 1
AFD28497.1,dengue virus type 1
QTE20466.1,dengue virus type 1
YBQ70468.1,dengue virus type 1
WFP46142.1,dengue virus type 1
ACA58321.1,dengue virus type 3
XPF59613.1,dengue virus type 1
ACQ44327.1,dengue virus type 1
QHF19279.1,dengue virus type 1
AHG23207.1,dengue virus type 1
XPF60263.1,dengue virus type 1
ACA49062.1,dengue virus type 1
WJZ47175.1,dengue virus type 1
XPF59836.1,dengue virus type 1
QOW96371.1,dengue virus type 1
WFP46153.1,dengue virus type 1
WCZ55344.2,dengue virus type 1
UNN65466.1,dengue virus type 1
QTX92751.1,dengue virus type 1
QQC97221.1,dengue virus type 1
QIC53438.1,dengue virus type 1
ACQ44415.1,dengue virus type 1
QTE20461.1,dengue virus type 1
QTX92530.1,dengue virus type 1
XPF60142.1,dengue virus type 1
ACL99193.1,dengue virus type 1
ACI15866.1,dengue virus type 1
WGD00803.1,dengue virus type 1
QTX92774.1,dengue virus type 1
XPF59839.1,dengue virus type 1
WJZ46932.1,dengue virus type 1
ACY70706.1,dengue virus type 1
QTX92863.1,dengue virus type 1
ACL99083.1,dengue virus type 1
ANS59164.1,dengue virus type 1
XPF59735.1,dengue virus type 1
AKL81176.1,dengue virus type 1
ACJ04273.1,dengue virus type 1
YBQ70447.1,dengue virus type 1
XPF59644.1,dengue virus type 1
WLD15636.1,dengue virus type 1
ACA49057.1,dengue virus type 1
ACY70597.1,dengue virus type 1
WFP46109.1,dengue virus type 1
XXL24442.1,dengue virus type 1
QIC53453.1,dengue virus type 1
WHS27007.1,dengue virus type 1
ACQ44451.1,dengue virus type 1
WHS27028.1,dengue virus type 1
WJZ46956.1,dengue virus type 1
WJJ08486.1,dengue virus type 1
ACQ44316.1,dengue virus type 1
AQV12327.1,dengue virus type 1
UPY81992.1,dengue virus type 1
XPF59866.1,dengue virus type 1
QIC53489.1,dengue virus type 1
XPF60298.1,dengue virus type 1
QTX92850.1,dengue virus type 1
WJZ47129.1,dengue virus type 1
XIF04103.1,dengue virus type 1
QUU16672.1,dengue virus type 1
QTX92817.1,dengue virus type 1
ACY70720.1,dengue virus type 1
AYP74701.1,dengue virus type 1
WCZ55340.2,dengue virus type 1
QGQ59491.1,dengue virus type 1
AQV12158.1,dengue virus type 1
AHF45717.1,dengue virus type 1
ACS31966.1,dengue virus type 1
XPF60047.1,dengue virus type 1
XPF59623.1,dengue virus type 1
QDG00660.1,dengue virus type 1
URK26103.1,dengue virus type 1
WYF20591.1,dengue virus type 1
WFP46136.1,dengue virus type 1
QHF19293.1,dengue virus type 1
ACQ44371.1,dengue virus type 1
QRI93542.1,dengue virus type 1
WVN40424.1,dengue virus type 1
WHS26873.1,dengue virus type 1
ACA49068.1,dengue virus type 1
XPF60165.1,dengue virus type 1
WJZ47257.1,dengue virus type 1
WLD55683.1,dengue virus type 1
QFS19232.1,dengue virus type 1
AXS75991.1,dengue virus type 1
ACA49094.1,dengue virus type 1
WVN40632.1,dengue virus type 1
USS19777.1,dengue virus type 1
YBQ70454.1,dengue virus type 1
XPF59833.1,dengue virus type 1
WJZ47100.1,dengue virus type 1
WDZ68205.1,dengue virus type 1
WVN40466.1,dengue virus type 1
ACW82972.1,dengue virus type 1
WCZ55346.2,dengue virus type 1
WJZ46949.1,dengue virus type 1
WJZ47005.1,dengue virus type 1
WVD52822.1,dengue virus type 1
WJZ47276.1,dengue virus type 1
XPF59538.1,dengue virus type 1
ACA48807.1,dengue virus type 1
XPF59476.1,dengue virus type 1
WHS27015.1,dengue virus type 1
WHS26865.1,dengue virus type 1
XRY74880.1,dengue virus type 1
URK26106.1,dengue virus type 1
QTX92724.1,dengue virus type 1
ACS32001.1,dengue virus type 1
ACA49063.1,dengue virus type 1
AQV12196.1,dengue virus type 1
ACY70655.1,dengue virus type 1
WYF20581.1,dengue virus type 1
WJZ46816.1,dengue virus type 1
ACS31951.1,dengue virus type 1
XPF59659.1,dengue virus type 1
QNL13541.1,dengue virus type 1
QTX92501.1,dengue virus type 1
AKL81132.1,dengue virus type 1
WAU46410.1,dengue virus type 1
QBK46930.1,dengue virus type 1
UNN65468.1,dengue virus type 1
YBG70287.1,dengue virus type 1
XPF59710.1,dengue virus type 1
QHD26478.1,dengue virus type 1
XPF60167.1,dengue virus type 1
WCZ55166.2,dengue virus type 1
ACY70824.1,dengue virus type 1
AEF01503.1,dengue virus type 1
XLZ97057.1,dengue virus type 1
ABW82117.1,dengue virus type 1
XPF60293.1,dengue virus type 1
AHF45718.1,dengue virus type 1
YAA48908.1,dengue virus type 1
ACD13362.1,dengue virus type 1
ACS31984.1,dengue virus type 1
XPF59564.1,dengue virus type 1
ACL99099.1,dengue virus type 1
WYF20640.1,dengue virus type 1
QFS19217.1,dengue virus type 1
WKC20811.1,dengue virus type 1
XLZ97008.1,dengue virus type 1
WHS26981.1,dengue virus type 1
QNL13518.1,dengue virus type 1
WKC20825.1,dengue virus type 1
XUH89054.1,dengue virus type 1
XHB72362.1,dengue virus type 1
AUZ41775.1,dengue virus type 1
UPY82036.1,dengue virus type 1
WZP38464.1,dengue virus type 1
QTX92735.1,dengue virus type 1
QHI01448.1,dengue virus type 1
XPF60036.1,dengue virus type 1
QPK41402.1,dengue virus type 1
QTX92823.1,dengue virus type 1
ACL99166.1,dengue virus type 1
ACY70635.1,dengue virus type 1
QTX92757.1,dengue virus type 1
ACQ44351.1,dengue virus type 1
QFS19141.1,dengue virus type 1
XPF60290.1,dengue virus type 1
ACS31973.1,dengue virus type 1
YBK92791.1,dengue virus type 1
QFS19195.1,dengue virus type 1
QNL13530.1,dengue virus type 1
WJZ46935.1,dengue virus type 1
WGD00799.1,dengue virus type 1
WJZ47098.1,dengue virus type 1
WJZ47095.1,dengue virus type 1
QCZ24990.1,dengue virus type 1
WVH32840.1,dengue virus type 1
ACS31954.1,dengue virus type 1
XHB72391.1,dengue virus type 1
WCZ55347.2,dengue virus type 1
WJZ46939.1,dengue virus type 1
QTX92479.1,dengue virus type 1
QTE20454.1,dengue virus type 1
UAV34178.1,dengue virus type 1
WHS26826.1,dengue virus type 1
ANC57591.1,dengue virus type 1
XPF59817.1,dengue virus type 1
WJJ08398.1,dengue virus type 1
AKL81169.1,dengue virus type 1
APU93587.1,dengue virus type 1
XLZ97047.1,dengue virus type 1
XPF60112.1,dengue virus type 1
QHD26397.1,dengue virus type 1
QXX05301.1,dengue virus type 1
WFP46113.1,dengue virus type 1
QTX92820.1,dengue virus type 1
XMF56213.1,dengue virus type 1
WJJ08363.1,dengue virus type 1
AHG06317.1,dengue virus type 1
ACW82994.1,dengue virus type 1
WYF20628.1,dengue virus type 1
XPF59718.1,dengue virus type 1
YDE81691.1,dengue virus type 1
XLZ97072.1,dengue virus type 1
AUZ41787.1,dengue virus type 1
AEX65552.1,dengue virus type 1
XPF60287.1,dengue virus type 1
XPF59903.1,dengue virus type 1
XPF60181.1,dengue virus type 1
XXL24463.1,dengue virus type 1
ACY70618.1,dengue virus type 1
WJJ08445.1,dengue virus type 1
WHS26928.1,dengue virus type 1
WCZ55207.2,dengue virus type 1
ULU19151.1,dengue virus type 1
QTX92710.1,dengue virus type 1
WCZ55178.1,dengue virus type 1
QTX92784.1,dengue virus type 1
ACD13358.1,dengue virus type 1
WKC20938.1,dengue virus type 1
ACL99190.1,dengue virus type 1
WRW12852.1,dengue virus type 1
ACA48795.1,dengue virus type 1
QUU16673.1,dengue virus type 1
APU93589.1,dengue virus type 1
XPF59524.1,dengue virus type 1
WHS26886.1,dengue virus type 1
QFS19237.1,dengue virus type 1
XPF59895.1,dengue virus type 1
WJJ08436.1,dengue virus type 1
WHS04874.1,dengue virus type 1
WJJ08373.1,dengue virus type 1
AQV12199.1,dengue virus type 1
XPF59776.1,dengue virus type 1
XPF59717.1,dengue virus type 1
ABC07334.1,dengue virus type 1
QIC53476.1,dengue virus type 1
WJZ46799.1,dengue virus type 1
WVN40337.1,dengue virus type 1
WJJ08366.1,dengue virus type 1
AKL81177.1,dengue virus type 1
XQT73482.1,dengue virus type 1
XPF60057.1,dengue virus type 1
ADI80624.1,dengue virus type 1
ACY70649.1,dengue virus type 1
AWV55238.1,dengue virus type 1
QTE20468.1,dengue virus type 1
XPF59482.1,dengue virus type 1
QNL13559.1,dengue virus type 1
AHI43743.1,dengue virus type 1
WDZ68203.1,dengue virus type 1
UDY72397.1,dengue virus type 1
ACD13380.1,dengue virus type 1
ABG75758.1,dengue virus type 1
URK26096.1,dengue virus type 1
USV27832.1,dengue virus type 1
XPF59522.1,dengue virus type 1
URK26123.1,dengue virus type 1
ALJ53459.1,dengue virus type 1
YBP09156.1,dengue virus type 1
XQT73527.1,dengue virus type 1
QMT58612.1,dengue virus type 1
WCZ55294.2,dengue virus type 1
QIC53540.1,dengue virus type 1
AUZ41763.1,dengue virus type 1
QTX92550.1,dengue virus type 1
ACS31937.1,dengue virus type 1
WEG86519.1,dengue virus type 1
XPF59858.1,dengue virus type 1
WME20535.1,dengue virus type 1
WVN40640.1,dengue virus type 1
AHF45720.1,dengue virus type 1
ANJ60736.1,dengue virus type 1
WVN40512.1,dengue virus type 1
WLD15562.1,dengue virus type 1
WVN40318.1,dengue virus type 1
WJJ08385.1,dengue virus type 1
QIC53443.1,dengue virus type 1
XLZ96942.1,dengue virus type 1
WKC20781.1,dengue virus type 1
URK26110.1,dengue virus type 1
ACS31990.1,dengue virus type 1
ACY70660.1,dengue virus type 1
ACY70677.1,dengue virus type 1
WKC20940.1,dengue virus type 1
WDZ68214.1,dengue virus type 1
WKC20911.1,dengue virus type 1
USW91910.1,dengue virus type 1
WJZ46869.1,dengue virus type 1
WME20528.1,dengue virus type 1
AHG23199.1,dengue virus type 1
WAU46413.1,dengue virus type 1
ACY70629.1,dengue virus type 1
WJZ46804.1,dengue virus type 1
WAU46404.1,dengue virus type 1
WCZ55219.1,dengue virus type 1
XPF59992.1,dengue virus type 1
QMW69335.1,dengue virus type 1
AEF01516.1,dengue virus type 1
QTX92541.1,dengue virus type 1
WJZ46788.1,dengue virus type 1
ACI15859.1,dengue virus type 1
UPY82034.1,dengue virus type 1
YDE81679.1,dengue virus type 1
AHI43687.1,dengue virus type 1
QHD26447.1,dengue virus type 1
XPF60138.1,dengue virus type 1
XPF60173.1,dengue virus type 1
WMS77825.1,dengue virus type 1
WJJ08435.1,dengue virus type 1
ACY70714.1,dengue virus type 1
ACS12900.1,dengue virus type 1
WJZ47260.1,dengue virus type 1
XPF60279.1,dengue virus type 1
QTX92427.1,dengue virus type 1
WPV88491.1,dengue virus type 1
UPY82011.1,dengue virus type 1
WJZ47173.1,dengue virus type 1
WJZ46955.1,dengue virus type 1
WJZ46858.1,dengue virus type 1
QIC53459.1,dengue virus type 1
XPF59542.1,dengue virus type 1
AWV55223.1,dengue virus type 1
WLD55691.1,dengue virus type 1
XUM16024.1,dengue virus type 1
ACH61773.1,dengue virus type 1
AHI43697.1,dengue virus type 1
UNZ79691.1,dengue virus type 1
XPF59937.1,dengue virus type 1
WMS77821.1,dengue virus type 1
WVN40618.1,dengue virus type 1
ACS31991.1,dengue virus type 1
ACQ44416.1,dengue virus type 1
WVN40490.1,dengue virus type 1
XPF59980.1,dengue virus type 1
XRY74872.1,dengue virus type 1
WEG86510.1,dengue virus type 1
WHS26901.1,dengue virus type 1
WET62301.1,dengue virus type 1
WJZ47225.1,dengue virus type 1
QPK41413.1,dengue virus type 1
AQV12183.1,dengue virus type 1
QNL13560.1,dengue virus type 1
ACI15826.1,dengue virus type 1
WHS04845.1,dengue virus type 1
QPD98777.1,dengue virus type 1
WHS26931.1,dengue virus type 1
QTX92534.1,dengue virus type 1
QIC53501.1,dengue virus type 1
ACO06167.1,dengue virus type 1
XQT73479.1,dengue virus type 1
YBQ70477.1,dengue virus type 1
AHF50482.1,dengue virus type 1
QMW69360.1,dengue virus type 1
XPF60264.1,dengue virus type 1
XDR01450.1,dengue virus type 1
AQV12224.1,dengue virus type 1
XHB72368.1,dengue virus type 1
ACJ04269.1,dengue virus type 1
UPY81973.1,dengue virus type 1
WCZ55323.2,dengue virus type 1
XUH89042.1,dengue virus type 1
WRW12812.1,dengue virus type 1
WHS04843.1,dengue virus type 1
WJZ47184.1,dengue virus type 1
XPF60271.1,dengue virus type 1
QHE24280.1,dengue virus type 1
WJZ46873.1,dengue virus type 1
WCZ55245.2,dengue virus type 1
QTX92853.1,dengue virus type 1
XLZ96996.1,dengue virus type 1
XPF60172.1,dengue virus type 1
WKC20898.1,dengue virus type 1
XPF59510.1,dengue virus type 1
QTX92500.1,dengue virus type 1
URK26116.1,dengue virus type 1
XPF60129.1,dengue virus type 1
YBQ70433.1,dengue virus type 1
WJJ08374.1,dengue virus type 1
BAP91043.1,dengue virus type 1
WKC20879.1,dengue virus type 1
WJZ46894.1,dengue virus type 1
QFS19181.1,dengue virus type 1
ACD13329.1,dengue virus type 1
WME20539.1,dengue virus type 1
QFS19552.1,dengue virus type 1
BAB72261.1,dengue virus type 1
XPF59831.1,dengue virus type 1
QTX92854.1,dengue virus type 1
XHB72407.1,dengue virus type 1
XPF59603.1,dengue virus type 1
QFS19187.1,dengue virus type 1
YAB37907.1,dengue virus type 1
XPF60084.1,dengue virus type 1
WRW12830.1,dengue virus type 1
BBG62280.1,dengue virus type 1
QMT58602.1,dengue virus type 1
WJZ47058.1,dengue virus type 1
ACA48799.1,dengue virus type 1
WYF20593.1,dengue virus type 1
WJZ46849.1,dengue virus type 1
WKC20865.1,dengue virus type 1
AHI43735.1,dengue virus type 1
QIC53464.1,dengue virus type 1
QHD26343.1,dengue virus type 1
ACJ04251.1,dengue virus type 1
QDG00661.1,dengue virus type 1
AKL81163.1,dengue virus type 1
ARO78345.1,dengue virus type 1
WVH32827.1,dengue virus type 1
ACL99011.1,dengue virus type 1
QHD26406.1,dengue virus type 1
WVN40473.1,dengue virus type 1
ACL99176.1,dengue virus type 1
ACS31971.1,dengue virus type 1
WNX97879.1,dengue virus type 1
QTX92449.1,dengue virus type 1
QTX92527.1,dengue virus type 1
WGD00787.1,dengue virus type 1
WKC20900.1,dengue virus type 1
QTX92838.1,dengue virus type 1
WCZ55249.2,dengue virus type 1
QTX92512.1,dengue virus type 1
AEF01547.1,dengue virus type 1
QPU83821.1,dengue virus type 1
ACS31987.1,dengue virus type 1
QTX92412.1,dengue virus type 1
WJJ08447.1,dengue virus type 1
WJZ46817.1,dengue virus type 1
WCZ55349.2,dengue virus type 1
WHS26913.1,dengue virus type 1
UEK34810.1,dengue virus type 1
ACW82891.1,dengue virus type 1
XPF59622.1,dengue virus type 1
XTK91196.1,dengue virus type 1
ACY70822.1,dengue virus type 1
XPF59732.1,dengue virus type 1
ACL99211.1,dengue virus type 1
QTX92787.1,dengue virus type 1
XLZ97030.1,dengue virus type 1
XPF59548.1,dengue virus type 1
XPF59592.1,dengue virus type 1
QTX92655.1,dengue virus type 1
AJQ21319.2,dengue virus type 1
XPF59674.1,dengue virus type 1
BBG62300.1,dengue virus type 1
UHR01891.1,dengue virus type 1
XPF59553.1,dengue virus type 1
WCZ55170.2,dengue virus type 1
YBK92788.1,dengue virus type 1
QTX92858.1,dengue virus type 1
QFS19556.1,dengue virus type 1
ACS31983.1,dengue virus type 1
AHI43715.1,dengue virus type 1
WHS26968.1,dengue virus type 1
XLZ96987.1,dengue virus type 1
ACS31946.1,dengue virus type 1
XPF59530.1,dengue virus type 1
ACQ44370.1,dengue virus type 1
XHB72384.1,dengue virus type 1
ARO84715.1,dengue virus type 1
WJZ47212.1,dengue virus type 1
XPF59957.1,dengue virus type 1
ACY70625.1,dengue virus type 1
QTX92644.1,dengue virus type 1
QFS19212.1,dengue virus type 1
XYW46912.1,dengue virus type 1
APW49453.1,dengue virus type 1
AGN94870.1,dengue virus type 1
ACJ04323.1,dengue virus type 1
AKL81152.1,dengue virus type 1
WJZ46981.1,dengue virus type 1
QTX92882.1,dengue virus type 1
WJZ46984.1,dengue virus type 1
QTX92626.1,dengue virus type 1
QTX92573.1,dengue virus type 1
ANA09032.1,dengue virus type 1
QPQ49765.1,dengue virus type 1
AQV12257.1,dengue virus type 1
QZN14214.1,dengue virus type 1
AWV55240.1,dengue virus type 1
WLD15620.1,dengue virus type 1
XPF59607.1,dengue virus type 1
AKQ00010.1,dengue virus type 1
AQV12195.1,dengue virus type 1
XEC79647.1,dengue virus type 1
QBB90021.1,dengue virus type 1
XPF60018.1,dengue virus type 1
ACY70792.1,dengue virus type 1
XPF59906.1,dengue virus type 1
WJZ46963.1,dengue virus type 1
AFD28492.1,dengue virus type 1
AYP74702.1,dengue virus type 1
QTX92451.1,dengue virus type 1
YAB37912.1,dengue virus type 1
WPF59419.1,dengue virus type 1
WFP46140.1,dengue virus type 1
XLZ97076.1,dengue virus type 1
XLZ97002.1,dengue virus type 1
WFP46121.1,dengue virus type 1
ARO84722.1,dengue virus type 1
AYP74698.1,dengue virus type 1
XPF59951.1,dengue virus type 1
QHD26436.1,dengue virus type 1
WKC20802.1,dengue virus type 1
QTX92465.1,dengue virus type 1
QTX92794.1,dengue virus type 1
WVN40364.1,dengue virus type 1
WMM36223.1,dengue virus type 1
URK21471.1,dengue virus type 1
BBG62290.1,dengue virus type 1
XIF04100.1,dengue virus type 1
WMM36234.1,dengue virus type 1
ACS31941.1,dengue virus type 1
XPF59887.1,dengue virus type 1
UPY82066.1,dengue virus type 1
QHD26362.1,dengue virus type 1
ACH61742.1,dengue virus type 1
ACW82979.1,dengue virus type 1
WMM36222.1,dengue virus type 1
XPF59577.1,dengue virus type 1
AHG06325.1,dengue virus type 1
QFS19231.1,dengue virus type 1
XPF59654.1,dengue virus type 1
WNX97877.1,dengue virus type 1
WJZ47233.1,dengue virus type 1
UPY82061.1,dengue virus type 1
XCB13503.1,dengue virus type 1
AYP74680.1,dengue virus type 1
WHS27009.1,dengue virus type 1
ACY70574.1,dengue virus type 1
QDG00672.1,dengue virus type 1
AHL19964.1,dengue virus type 1
ACJ04234.1,dengue virus type 1
XPF59862.1,dengue virus type 1
ADI80650.1,dengue virus type 1
WCZ55288.2,dengue virus type 1
WVN40546.1,dengue virus type 1
XPF59948.1,dengue virus type 1
WJZ46937.1,dengue virus type 1
XPF59847.1,dengue virus type 1
AAN60370.1,dengue virus type 1
AEF01552.1,dengue virus type 1
ACY70793.1,dengue virus type 1
XPF59938.1,dengue virus type 1
URK26095.1,dengue virus type 1
YBP09206.1,dengue virus type 1
AQV12303.1,dengue virus type 1
QCZ24993.1,dengue virus type 1
ACS31965.1,dengue virus type 1
WVN40471.1,dengue virus type 1
WJJ08396.1,dengue virus type 1
XPF59665.1,dengue virus type 1
ACY70787.1,dengue virus type 1
WVN40373.1,dengue virus type 1
WYF20652.1,dengue virus type 1
AFD28513.1,dengue virus type 1
QTX92720.1,dengue virus type 1
ACQ44366.1,dengue virus type 1
WYF20552.1,dengue virus type 1
YBP09153.1,dengue virus type 1
UIZ00639.1,dengue virus type 1
XPF59495.1,dengue virus type 1
WVN40624.1,dengue virus type 1
ACN54380.1,dengue virus type 1
XLZ97056.1,dengue virus type 1
QTX92595.1,dengue virus type 1
ABW82104.1,dengue virus type 1
ACY70704.1,dengue virus type 1
XPF59756.1,dengue virus type 1
ANS59161.1,dengue virus type 1
QTX92495.1,dengue virus type 1
AEF01522.1,dengue virus type 1
ACN54382.1,dengue virus type 1
WVN40423.1,dengue virus type 1
QIC53529.1,dengue virus type 1
UBI73849.1,dengue virus type 1
AQV12369.1,dengue virus type 1
QPC96825.1,dengue virus type 1
XQH47492.1,dengue virus type 1
ABW82101.1,dengue virus type 1
QTX92641.1,dengue virus type 1
WVN40507.1,dengue virus type 1
AUZ41782.1,dengue virus type 1
XIF04111.1,dengue virus type 1
XPF60071.1,dengue virus type 1
YBX60300.1,dengue virus type 1
AFY10020.1,dengue virus type 1
XPF59485.1,dengue virus type 1
XPF60133.1,dengue virus type 1
QOW96385.1,dengue virus type 1
WJZ46877.1,dengue virus type 1
WCZ55354.2,dengue virus type 1
XLZ97000.1,dengue virus type 1
QTX92837.1,dengue virus type 1
XQT73536.1,dengue virus type 1
XDR01451.1,dengue virus type 1
ACS31944.1,dengue virus type 1
ACY70721.1,dengue virus type 1
UPY82052.1,dengue virus type 1
XPF59771.1,dengue virus type 1
UAV34198.1,dengue virus type 1
XPF60144.1,dengue virus type 1
AHI43733.1,dengue virus type 1
WJZ47122.1,dengue virus type 1
XRY74905.1,dengue virus type 1
XHB72405.1,dengue virus type 1
WYF20553.1,dengue virus type 1
WJZ47039.1,dengue virus type 1
ACW82954.1,dengue virus type 1
WMM36228.1,dengue virus type 1
ACY70722.1,dengue virus type 1
QPK41401.1,dengue virus type 1
ARO84708.1,dengue virus type 1
AQV12353.1,dengue virus type 1
WHS26997.1,dengue virus type 1
QMT58603.1,dengue virus type 1
QIC53433.1,dengue virus type 1
AHI43704.1,dengue virus type 1
ACD13367.1,dengue virus type 1
WVH32829.1,dengue virus type 1
USW90904.1,dengue virus type 1
YDE81695.1,dengue virus type 1
QIS48856.1,dengue virus type 1
WMM36227.1,dengue virus type 1
XPF59827.1,dengue virus type 1
XLZ97055.1,dengue virus type 1
AYP74695.1,dengue virus type 1
AQV12313.1,dengue virus type 1
URK26093.1,dengue virus type 1
XCB13510.1,dengue virus type 1
XPF60064.1,dengue virus type 1
XQH47484.1,dengue virus type 1
ACI15864.1,dengue virus type 1
UAV34189.1,dengue virus type 1
XPF60234.1,dengue virus type 1
WVN40386.1,dengue virus type 1
XEC79648.1,dengue virus type 1
UPY82001.1,dengue virus type 1
XPF59512.1,dengue virus type 1
WJJ08499.1,dengue virus type 1
UAV34192.1,dengue virus type 1
QUD37228.1,dengue virus type 1
XXH95385.1,dengue virus type 1
WHS26816.1,dengue virus type 1
UNZ79637.1,dengue virus type 1
QIB99386.1,dengue virus type 1
WHS04855.1,dengue virus type 1
QPZ88404.1,dengue virus type 1
QBQ58384.1,dengue virus type 1
XPF59598.1,dengue virus type 1
WJZ46954.1,dengue virus type 1
UPY82030.1,dengue virus type 1
QTX92637.1,dengue virus type 1
WVN40465.1,dengue virus type 1
WJZ46808.1,dengue virus type 1
QFS19170.1,dengue virus type 1
QGQ59494.1,dengue virus type 1
XPF60282.1,dengue virus type 1
WLD15557.1,dengue virus type 1
QNL13525.1,dengue virus type 1
XPF60200.1,dengue virus type 1
WJZ47000.1,dengue virus type 1
URK26130.1,dengue virus type 1
QFS19142.1,dengue virus type 1
ACS31934.1,dengue virus type 1
WYF20655.1,dengue virus type 1
ACA48764.1,dengue virus type 1
XQT73504.1,dengue virus type 1
ACE63541.1,dengue virus type 1
YBP09163.1,dengue virus type 1
AQS22532.1,dengue virus type 1
ACY70691.1,dengue virus type 1
WKC20946.1,dengue virus type 1
WGD00801.1,dengue virus type 1
WYF20561.1,dengue virus type 1
ACS31906.1,dengue virus type 1
WVN40409.1,dengue virus type 1
URK26121.1,dengue virus type 1
ACD13363.1,dengue virus type 1
UNN65471.1,dengue virus type 1
ACI15863.1,dengue virus type 1
UAV34186.1,dengue virus type 1
XPF60206.1,dengue virus type 1
ACQ44335.1,dengue virus type 1
QTX92569.1,dengue virus type 1
YEH57875.1,dengue virus type 1
AFD28505.1,dengue virus type 1
UIZ00649.1,dengue virus type 1
AAW64440.1,dengue virus type 1
YBQ70449.1,dengue virus type 1
YBQ70485.1,dengue virus type 1
XPF59576.1,dengue virus type 1
AFY10024.1,dengue virus type 1
ACA48788.1,dengue virus type 1
XPF59813.1,dengue virus type 1
XQH47483.1,dengue virus type 1
YEH57879.1,dengue virus type 1
WJJ08488.1,dengue virus type 1
XPF59700.1,dengue virus type 1
WJZ46915.1,dengue virus type 1
ACH61759.1,dengue virus type 1
YBQ70484.1,dengue virus type 1
ASZ70602.1,dengue virus type 1
WJJ08395.1,dengue virus type 1
UUG60961.1,dengue virus type 1
ACN54385.1,dengue virus type 1
ACY70652.1,dengue virus type 1
URK26098.1,dengue virus type 1
WJZ46908.1,dengue virus type 1
XCB13494.1,dengue virus type 1
ACW82896.1,dengue virus type 1
WET62367.1,dengue virus type 1
ACY70786.1,dengue virus type 1
AXS75990.1,dengue virus type 1
XPF59851.1,dengue virus type 1
ACQ44341.1,dengue virus type 1
XIF04101.1,dengue virus type 1
WVN40442.1,dengue virus type 1
WFP46147.1,dengue virus type 1
XLZ96958.1,dengue virus type 1
QHD26374.1,dengue virus type 1
XPF59984.1,dengue virus type 1
WJZ46846.1,dengue virus type 1
UNZ79631.1,dengue virus type 1
AQV12215.1,dengue virus type 1
WFP46120.1,dengue virus type 1
ACA48982.1,dengue virus type 1
AXX75608.1,dengue virus type 1
WYF20585.1,dengue virus type 1
XPF60285.1,dengue virus type 1
WJZ46810.1,dengue virus type 1
AHG23212.1,dengue virus type 1
ACQ44448.1,dengue virus type 1
WJZ47121.1,dengue virus type 1
WEX91845.1,dengue virus type 1
WCZ55328.2,dengue virus type 1
WJZ47193.1,dengue virus type 1
WVN40600.1,dengue virus type 1
WLD15631.1,dengue virus type 1
XYW46886.1,dengue virus type 1
WHS04866.1,dengue virus type 1
QQC97218.1,dengue virus type 1
UNI08543.1,dengue virus type 1
QTX92691.1,dengue virus type 1
WMS77801.1,dengue virus type 1
QTX92553.1,dengue virus type 1
XPF59563.1,dengue virus type 1
WHS26874.1,dengue virus type 1
UPY82016.1,dengue virus type 1
WLD15633.1,dengue virus type 1
WHS26982.1,dengue virus type 1
WAU46411.1,dengue virus type 1
XPF59820.1,dengue virus type 1
ACS31953.1,dengue virus type 1
WJZ47013.1,dengue virus type 1
WVN40537.1,dengue virus type 1
QIC53469.1,dengue virus type 1
WHS26855.1,dengue virus type 1
WJZ47034.1,dengue virus type 1
WVN40484.1,dengue virus type 1
QPB40125.1,dengue virus type 1
QTX92477.1,dengue virus type 1
UWM25498.1,dengue virus type 1
QIC53437.1,dengue virus type 1
XPF59478.1,dengue virus type 1
XLZ96992.1,dengue virus type 1
WCZ55345.2,dengue virus type 1
WJZ47298.1,dengue virus type 1
WYF20549.1,dengue virus type 1
XPF59998.1,dengue virus type 1
QTX92510.1,dengue virus type 1
AQV12204.1,dengue virus type 1
QTX92426.1,dengue virus type 1
QFS19558.1,dengue virus type 1
ACY70791.1,dengue virus type 1
WCZ55221.2,dengue virus type 1
WJZ46934.1,dengue virus type 1
XEC79644.1,dengue virus type 1
WPV88486.1,dengue virus type 1
XPF60052.1,dengue virus type 1
WHS27030.1,dengue virus type 1
WHS26884.1,dengue virus type 1
WCZ55187.1,dengue virus type 1
WJZ46797.1,dengue virus type 1
XPF59896.1,dengue virus type 1
QMW69353.1,dengue virus type 1
XPF59461.1,dengue virus type 1
ACL99134.1,dengue virus type 1
AAW28141.1,dengue virus type 1
XPF59755.1,dengue virus type 1
XPF59731.1,dengue virus type 1
XLZ97038.1,dengue virus type 1
UNZ79688.1,dengue virus type 1
WJZ46914.1,dengue virus type 1
ABW82069.1,dengue virus type 1
WJZ47218.1,dengue virus type 1
QHD26469.1,dengue virus type 1
WHS27039.1,dengue virus type 1
AEF01515.1,dengue virus type 1
AQV12230.1,dengue virus type 1
WVN40647.1,dengue virus type 1
ARM59244.1,dengue virus type 1
AKL81187.1,dengue virus type 1
WJZ47082.1,dengue virus type 1
WJZ46944.1,dengue virus type 1
YAB37910.1,dengue virus type 1
BDI09149.1,dengue virus type 1
QFS19216.1,dengue virus type 1
XPF60236.1,dengue virus type 1
QTX92429.1,dengue virus type 1
ACY70713.1,dengue virus type 1
QTX92538.1,dengue virus type 1
AAW28112.1,dengue virus type 1
XPF60048.1,dengue virus type 1
WJZ46828.1,dengue virus type 1
XLZ96945.1,dengue virus type 1
XAN94065.1,dengue virus type 1
QHD26453.1,dengue virus type 1
ABW82092.1,dengue virus type 1
QHD26344.1,dengue virus type 1
QDG00649.1,dengue virus type 1
WJZ47056.1,dengue virus type 1
QPC96838.1,dengue virus type 1
ADI80638.1,dengue virus type 1
QFS19227.1,dengue virus type 1
ACW82976.1,dengue virus type 1
WHS27002.1,dengue virus type 1
UNN65462.1,dengue virus type 1
AKL81172.1,dengue virus type 1
ACJ04320.1,dengue virus type 1
XPF60056.1,dengue virus type 1
WHS04876.1,dengue virus type 1
WDZ68188.1,dengue virus type 1
AQV12251.1,dengue virus type 1
QPD98752.1,dengue virus type 1
ACQ44379.1,dengue virus type 1
XPF60212.1,dengue virus type 1
AHC08450.1,dengue virus type 1
ACJ04308.1,dengue virus type 1
ADA60795.1,dengue virus type 1
AHI43973.1,dengue virus type 1
QBA57538.1,dengue virus type 1
XUM16015.1,dengue virus type 1
ULU19148.1,dengue virus type 1
ACJ04221.1,dengue virus type 1
XPF60070.1,dengue virus type 1
XQT73498.1,dengue virus type 1
AFY10023.1,dengue virus type 1
AFD28500.1,dengue virus type 1
ACQ44362.1,dengue virus type 1
ACJ04290.1,dengue virus type 1
XQT73540.1,dengue virus type 1
ACL99103.1,dengue virus type 3
XPF59747.1,dengue virus type 1
XLZ96971.1,dengue virus type 1
WVN40538.1,dengue virus type 1
WLD55705.1,dengue virus type 1
XYW46913.1,dengue virus type 1
WLD55631.1,dengue virus type 1
XXL24465.1,dengue virus type 1
WDZ68208.1,dengue virus type 1
QRI93544.1,dengue virus type 1
WVN40589.1,dengue virus type 1
AQV12159.1,dengue virus type 1
ATD12163.1,dengue virus type 1
AKL81370.2,dengue virus type 1
WKC20882.1,dengue virus type 1
QTX92749.1,dengue virus type 1
QTX92583.1,dengue virus type 1
QPD98788.1,dengue virus type 1
URK26092.1,dengue virus type 1
UPY82009.1,dengue virus type 1
QCZ24996.1,dengue virus type 1
XPF60270.1,dengue virus type 1
XPF59504.1,dengue virus type 1
WHS26926.1,dengue virus type 1
XQT73533.1,dengue virus type 1
QTX92494.1,dengue virus type 1
ACY70732.1,dengue virus type 1
AET43241.1,dengue virus type 1
XPF59554.1,dengue virus type 1
YBK92789.1,dengue virus type 1
AGT63075.1,dengue virus type 1
WPV88496.1,dengue virus type 1
WGD00813.1,dengue virus type 1
QHD26442.1,dengue virus type 1
XPF60187.1,dengue virus type 1
AFD28491.1,dengue virus type 1
QCZ25002.1,dengue virus type 1
WVN40642.1,dengue virus type 1
XLZ97054.1,dengue virus type 1
QMW69358.1,dengue virus type 1
XPF59503.1,dengue virus type 1
AXI98990.1,dengue virus type 1
QPK41411.1,dengue virus type 1
AHC98428.1,dengue virus type 1
XPF60189.1,dengue virus type 1
QDG00674.1,dengue virus type 1
YBP09203.1,dengue virus type 1
QBA57534.1,dengue virus type 1
XPF59882.1,dengue virus type 1
WJZ46897.1,dengue virus type 1
XCB13498.1,dengue virus type 1
WHS26949.1,dengue virus type 1
ACJ04276.1,dengue virus type 1
ACO06150.1,dengue virus type 1
XDT57281.1,dengue virus type 1
WFP46112.1,dengue virus type 1
WMS77789.1,dengue virus type 1
QTX92709.1,dengue virus type 1
AKN52396.1,dengue virus type 1
WDZ68186.1,dengue virus type 1
ACQ44377.1,dengue virus type 1
WMY87882.1,dengue virus type 1
ACW82944.1,dengue virus type 1
AAB70694.1,dengue virus type 1
XPF60161.1,dengue virus type 1
ACA48749.1,dengue virus type 1
AQV12274.1,dengue virus type 1
WVN40479.1,dengue virus type 1
XPF59743.1,dengue virus type 1
ARO84720.1,dengue virus type 1
QTX92679.1,dengue virus type 1
BBB18818.1,dengue virus type 1
WRW12861.1,dengue virus type 1
ACW82938.1,dengue virus type 1
XPF60315.1,dengue virus type 1
WCZ55255.2,dengue virus type 1
XLZ96957.1,dengue virus type 1
URK26086.1,dengue virus type 1
WEG68660.1,dengue virus type 1
AHC98439.1,dengue virus type 1
QPC96829.1,dengue virus type 1
AFD28486.1,dengue virus type 1
QTX92862.1,dengue virus type 1
WVN40496.1,dengue virus type 1
AQV12182.1,dengue virus type 1
ACL99213.1,dengue virus type 1
WKC20920.1,dengue virus type 1
WHS26930.1,dengue virus type 1
AJQ21321.2,dengue virus type 1
XHB72373.1,dengue virus type 1
ACS31958.1,dengue virus type 1
QTX92505.1,dengue virus type 1
QTX92422.1,dengue virus type 1
WVN40648.1,dengue virus type 1
WCZ55277.2,dengue virus type 1
XPF59787.1,dengue virus type 1
YAA48911.1,dengue virus type 1
WHS27006.1,dengue virus type 1
XUM16026.1,dengue virus type 1
ACA48755.1,dengue virus type 1
QMT58619.1,dengue virus type 1
ACY70654.1,dengue virus type 1
XPF60269.1,dengue virus type 1
WMY87878.1,dengue virus type 1
WLD15640.1,dengue virus type 1
QZE60593.1,dengue virus type 1
ACY70579.1,dengue virus type 1
ACW82989.1,dengue virus type 1
XLZ97009.1,dengue virus type 1
XPF59472.1,dengue virus type 1
USS02548.1,dengue virus type 1
WKC20899.1,dengue virus type 1
UPY82029.1,dengue virus type 1
AQV12203.1,dengue virus type 1
AYP74681.1,dengue virus type 1
WGF24012.1,dengue virus type 1
BBG62292.1,dengue virus type 1
XPF60140.1,dengue virus type 1
XPF59888.1,dengue virus type 1
ACS31922.1,dengue virus type 1
WJZ46878.1,dengue virus type 1
WJZ47302.1,dengue virus type 1
AHF50470.1,dengue virus type 1
WCZ55352.2,dengue virus type 1
XVO18452.1,dengue virus type 1
QFS19182.1,dengue virus type 1
QHD26401.1,dengue virus type 1
APW49455.1,dengue virus type 1
AXB26594.1,dengue virus type 1
XPF59547.1,dengue virus type 1
QTX92435.1,dengue virus type 1
QDG00666.1,dengue virus type 1
WCZ55353.2,dengue virus type 1
QHZ01385.1,dengue virus type 1
WKC20885.1,dengue virus type 1
QOW96372.1,dengue virus type 1
QTX92650.1,dengue virus type 1
QTX92873.1,dengue virus type 1
QMW69345.1,dengue virus type 1
ACA48785.1,dengue virus type 1
WKC20852.1,dengue virus type 1
ACO06164.1,dengue virus type 1
QHE24255.1,dengue virus type 1
XPF59828.1,dengue virus type 1
AFD28502.1,dengue virus type 1
QTX92491.1,dengue virus type 1
AWV55258.1,dengue virus type 1
ACL99046.1,dengue virus type 3
XQT73519.1,dengue virus type 1
AFD28506.1,dengue virus type 1
UAV34200.1,dengue virus type 1
QTX92431.1,dengue virus type 1
ADA60791.1,dengue virus type 1
QUU16664.1,dengue virus type 1
QIC53512.1,dengue virus type 1
WJJ08405.1,dengue virus type 1
QTX92812.1,dengue virus type 1
AYP74667.1,dengue virus type 1
AQV12164.1,dengue virus type 1
ACY70577.1,dengue virus type 1
UIZ00641.1,dengue virus type 1
WJJ08470.1,dengue virus type 1
WJZ47065.1,dengue virus type 1
AWV55215.1,dengue virus type 1
ACL99178.1,dengue virus type 1
WJZ47198.1,dengue virus type 1
AVM80382.1,dengue virus type 1
WJD59974.1,dengue virus type 1
QTX92678.1,dengue virus type 1
QIC53539.1,dengue virus type 1
QPD98786.1,dengue virus type 1
AQV12163.1,dengue virus type 1
ACY70666.1,dengue virus type 1
XCB13504.1,dengue virus type 1
WRW12822.1,dengue virus type 1
WMS77797.1,dengue virus type 1
WMY87885.1,dengue virus type 1
ACH61757.1,dengue virus type 1
QHE24268.1,dengue virus type 1
WGD00826.1,dengue virus type 1
ACQ44472.1,dengue virus type 1
WJZ46822.1,dengue virus type 1
XLZ97081.1,dengue virus type 1
WHS26851.1,dengue virus type 1
ACL99089.1,dengue virus type 1
XUH89060.1,dengue virus type 1
YAB37909.1,dengue virus type 1
UBI73852.1,dengue virus type 1
ACY70676.1,dengue virus type 1
APU93588.1,dengue virus type 1
WJZ46809.1,dengue virus type 1
WZM84535.1,dengue virus type 1
ACL99206.1,dengue virus type 1
WJJ08424.1,dengue virus type 1
WVN40565.1,dengue virus type 1
XEO29467.1,dengue virus type 1
XPF59528.1,dengue virus type 1
WVN40430.1,dengue virus type 1
WHS26960.1,dengue virus type 1
WHS04885.1,dengue virus type 1
WKC20892.1,dengue virus type 1
QIC53487.1,dengue virus type 1
XYL12302.1,dengue virus type 1
ATP66556.1,dengue virus type 1
WHS26891.1,dengue virus type 1
QCZ25000.1,dengue virus type 1
QFS19179.1,dengue virus type 1
QTX92786.1,dengue virus type 1
AGN94874.1,dengue virus type 1
WHS26894.1,dengue virus type 1
ACD13341.1,dengue virus type 1
WHS26866.1,dengue virus type 1
XPF60121.1,dengue virus type 1
WHS04877.1,dengue virus type 1
AQV12299.1,dengue virus type 1
ACL99028.1,dengue virus type 1
XLZ96965.1,dengue virus type 1
ACL99199.1,dengue virus type 1
WDZ68184.1,dengue virus type 1
WME20533.1,dengue virus type 1
ACY70634.1,dengue virus type 1
WLD55572.1,dengue virus type 1
UDY72398.1,dengue virus type 1
ACA48803.1,dengue virus type 1
WVN40468.1,dengue virus type 1
AMK05843.1,dengue virus type 1
XPF60156.1,dengue virus type 1
URK26079.1,dengue virus type 1
YBP09179.1,dengue virus type 1
UAV34188.1,dengue virus type 1
YBP09205.1,dengue virus type 1
XRA05740.1,dengue virus type 1
ACH61767.1,dengue virus type 1
WHS26975.1,dengue virus type 1
AMK05846.1,dengue virus type 1
QMW69343.1,dengue virus type 1
YBU65584.1,dengue virus type 1
XPF59788.1,dengue virus type 1
QTX92666.1,dengue virus type 1
USU42898.1,dengue virus type 1
XPF59989.1,dengue virus type 1
WHS04879.1,dengue virus type 1
QTE20478.1,dengue virus type 1
XUH89059.1,dengue virus type 1
WJJ08414.1,dengue virus type 1
UAV34172.1,dengue virus type 1
QMW69332.1,dengue virus type 1
WJZ46999.1,dengue virus type 1
WJZ47113.1,dengue virus type 1
QTX92413.1,dengue virus type 1
XPF60300.1,dengue virus type 1
WVN40559.1,dengue virus type 1
AUZ41795.1,dengue virus type 1
WVN40415.1,dengue virus type 1
XDT57247.1,dengue virus type 1
ACB87142.1,dengue virus type 1
YBX60307.1,dengue virus type 1
QCZ25008.1,dengue virus type 1
XCB13507.1,dengue virus type 1
QPC96835.1,dengue virus type 1
AKQ00017.1,dengue virus type 1
ACW82946.1,dengue virus type 1
XPF59965.1,dengue virus type 1
WCZ55273.2,dengue virus type 1
WMM36238.1,dengue virus type 1
QHD26472.1,dengue virus type 1
ACW82988.1,dengue virus type 1
QFS19175.1,dengue virus type 1
QTX92676.1,dengue virus type 1
ACW82950.1,dengue virus type 1
XPF59559.1,dengue virus type 1
AWV55204.1,dengue virus type 1
ACA48979.1,dengue virus type 1
AUA17936.1,dengue virus type 1
ACS31980.1,dengue virus type 1
XPF60076.1,dengue virus type 1
WJZ47202.1,dengue virus type 1
XCB13496.1,dengue virus type 1
QIC53507.1,dengue virus type 1
ACA48877.1,dengue virus type 1
XPF60317.1,dengue virus type 1
XPF60029.1,dengue virus type 1
ACI15865.1,dengue virus type 1
QEV86479.1,dengue virus type 1
WKC20910.1,dengue virus type 1
QDG00663.1,dengue virus type 1
WVN40292.1,dengue virus type 1
XPF60097.1,dengue virus type 1
WRW12839.1,dengue virus type 1
QIC53499.1,dengue virus type 1
AQV12244.1,dengue virus type 1
QEP41643.1,dengue virus type 1
AWV55248.1,dengue virus type 1
WEG86520.1,dengue virus type 1
WYF20632.1,dengue virus type 1
WJZ46892.1,dengue virus type 1
QPD98748.1,dengue virus type 1
AHI43725.1,dengue virus type 1
XKQ27346.1,dengue virus type 1
WJZ47305.1,dengue virus type 1
XPF60094.1,dengue virus type 1
WJJ08430.1,dengue virus type 1
QPZ88408.1,dengue virus type 1
WYF20611.1,dengue virus type 1
WVH32842.1,dengue virus type 1
WXW92492.1,dengue virus type 1
WJZ47090.1,dengue virus type 1
BAD42413.1,dengue virus type 1
WJJ08406.1,dengue virus type 1
WJZ47201.1,dengue virus type 1
XPF59939.1,dengue virus type 1
XPF59578.1,dengue virus type 1
WKC20782.1,dengue virus type 1
XQT73514.1,dengue virus type 1
WPV88485.1,dengue virus type 1
ACY70662.1,dengue virus type 1
ANS59156.1,dengue virus type 1
WMS77787.1,dengue virus type 1
AHG06329.1,dengue virus type 1
XQT73489.1,dengue virus type 1
UPY81977.1,dengue virus type 1
AQV12208.1,dengue virus type 1
YEH57874.1,dengue virus type 1
ABY65724.1,dengue virus type 1
ACS31930.1,dengue virus type 1
XYW46888.1,dengue virus type 1
AQV12359.1,dengue virus type 1
AEF01509.1,dengue virus type 1
WKC20847.1,dengue virus type 1
WCZ55200.2,dengue virus type 1
QTX92783.1,dengue virus type 1
QNL13565.1,dengue virus type 1
ACY70627.1,dengue virus type 1
WME20542.1,dengue virus type 1
XPF59910.1,dengue virus type 1
XPF59634.1,dengue virus type 1
WJZ47064.1,dengue virus type 1
WHS26979.1,dengue virus type 1
ACS31957.1,dengue virus type 1
YBP09182.1,dengue virus type 1
XPF60223.1,dengue virus type 1
ARO84706.1,dengue virus type 1
AQV12315.1,dengue virus type 1
WHS04897.1,dengue virus type 1
QNL13536.1,dengue virus type 1
XPF59525.1,dengue virus type 1
QGW05393.1,dengue virus type 1
ACL99151.1,dengue virus type 1
WMS77827.1,dengue virus type 1
WMM36232.1,dengue virus type 1
ADU03652.1,dengue virus type 1
WJZ47130.1,dengue virus type 1
QTX92471.1,dengue virus type 1
AHF50486.1,dengue virus type 1
ARO84714.1,dengue virus type 1
URK26049.1,dengue virus type 1
XPF59521.1,dengue virus type 1
WJZ46896.1,dengue virus type 1
ABW82078.1,dengue virus type 1
WJZ47157.1,dengue virus type 1
WVN40476.1,dengue virus type 1
WYF20573.1,dengue virus type 1
ACW82941.1,dengue virus type 1
ACJ04322.1,dengue virus type 1
AAF82039.2,dengue virus type 1
WVN40541.1,dengue virus type 1
QPQ49766.1,dengue virus type 1
AKL81179.1,dengue virus type 1
QOQ57118.1,dengue virus type 1
ACA48884.1,dengue virus type 1
WVN40544.1,dengue virus type 1
ACA48886.1,dengue virus type 1
WHS26882.1,dengue virus type 1
QTX92447.1,dengue virus type 1
XPF60016.1,dengue virus type 1
WKC20842.1,dengue virus type 1
WCZ55198.2,dengue virus type 1
WJJ08455.1,dengue virus type 1
XPF59757.1,dengue virus type 1
ACA48859.1,dengue virus type 1
WYF20599.1,dengue virus type 1
YBG70321.1,dengue virus type 1
QHD26449.1,dengue virus type 1
WHS26933.1,dengue virus type 1
XPF59746.1,dengue virus type 1
XQT73491.1,dengue virus type 1
WJZ47003.1,dengue virus type 1
ACL99137.1,dengue virus type 1
AQV12156.1,dengue virus type 1
XPF59645.1,dengue virus type 1
XQT73523.1,dengue virus type 1
WHS26868.1,dengue virus type 1
XPF59793.1,dengue virus type 1
WVN40597.1,dengue virus type 1
QGW42870.1,dengue virus type 1
QPC96824.1,dengue virus type 1
UBI73846.1,dengue virus type 1
XLZ96968.1,dengue virus type 1
AQV12165.1,dengue virus type 1
ACI15875.1,dengue virus type 1
ANS59165.1,dengue virus type 1
AHF50473.1,dengue virus type 1
QNL13554.1,dengue virus type 1
XDT70808.1,dengue virus type 1
ACQ44330.1,dengue virus type 1
QGW42873.1,dengue virus type 1
WJJ08376.1,dengue virus type 1
QRA18135.1,dengue virus type 1
ACQ44314.1,dengue virus type 1
ACL98977.1,dengue virus type 1
ACQ44412.1,dengue virus type 1
QIC53541.1,dengue virus type 1
QHF19286.1,dengue virus type 1
WVN40603.1,dengue virus type 1
XLZ96998.1,dengue virus type 1
XPF60199.1,dengue virus type 1
QHD26400.1,dengue virus type 1
URK26075.1,dengue virus type 1
AQV12212.1,dengue virus type 1
WKC20948.1,dengue virus type 1
QUU16668.1,dengue virus type 1
AEF01517.1,dengue virus type 1
QTX92843.1,dengue virus type 1
ACE63538.1,dengue virus type 1
WHS26927.1,dengue virus type 1
ACL99202.1,dengue virus type 1
WME20519.1,dengue virus type 1
UAV34180.1,dengue virus type 1
UNY43259.1,dengue virus type 1
XPF60085.1,dengue virus type 1
ACS31921.1,dengue virus type 1
YBG70320.1,dengue virus type 1
XHB72369.1,dengue virus type 1
XYW46889.1,dengue virus type 1
UPY82048.1,dengue virus type 1
XUM16027.1,dengue virus type 1
QHD26361.1,dengue virus type 1
QPD98789.1,dengue virus type 1
WHS27038.1,dengue virus type 1
XPF60222.1,dengue virus type 1
WHS26934.1,dengue virus type 1
UPY82043.1,dengue virus type 1
ACL99205.1,dengue virus type 1
XPF59663.1,dengue virus type 1
AQV12290.1,dengue virus type 1
WJZ47077.1,dengue virus type 1
XPF59639.1,dengue virus type 1
YBK92794.1,dengue virus type 1
ACH61732.1,dengue virus type 1
XPF59509.1,dengue virus type 1
WKC20786.1,dengue virus type 1
QIC53474.1,dengue virus type 1
AAN03439.2,dengue virus type 1
QTX92456.1,dengue virus type 1
ACA49070.1,dengue virus type 1
WLD55665.1,dengue virus type 1
QFS19145.1,dengue virus type 1
WHS04834.1,dengue virus type 1
ACY70626.1,dengue virus type 1
WVH32845.1,dengue virus type 1
ACY70692.1,dengue virus type 1
BAB72262.1,dengue virus type 1
USW91914.1,dengue virus type 1
XPF59796.1,dengue virus type 1
ABG75761.1,dengue virus type 1
ARO84707.1,dengue virus type 1
ALP06119.1,dengue virus type 1
QPD98754.1,dengue virus type 1
WRW12851.1,dengue virus type 1
ACY70681.1,dengue virus type 1
WJZ46893.1,dengue virus type 1
WHS26940.1,dengue virus type 1
WME20540.1,dengue virus type 1
UVK35470.1,dengue virus type 1
QFS19197.1,dengue virus type 1
ACQ44344.1,dengue virus type 1
WKC20884.1,dengue virus type 1
ACL99126.1,dengue virus type 1
XPF59935.1,dengue virus type 1
AHG23173.1,dengue virus type 1
XLZ97011.1,dengue virus type 1
WMY87877.1,dengue virus type 1
QTX92732.1,dengue virus type 1
XQT73470.1,dengue virus type 1
ACY70637.1,dengue virus type 1
QEP41635.1,dengue virus type 1
WCZ55341.2,dengue virus type 1
WJZ47053.1,dengue virus type 1
QUU16670.1,dengue virus type 1
WJZ46839.1,dengue virus type 1
XPF60079.1,dengue virus type 1
WLD15560.1,dengue virus type 1
ACH61751.1,dengue virus type 1
AOE47568.1,dengue virus type 1
UPY82058.1,dengue virus type 1
WYF20592.1,dengue virus type 1
XPF59768.1,dengue virus type 1
QTX92438.1,dengue virus type 1
WRW12860.1,dengue virus type 1
XLY76792.1,dengue virus type 1
WMS77815.1,dengue virus type 1
QFS19190.1,dengue virus type 1
WKC20788.1,dengue virus type 1
XLZ97020.1,dengue virus type 1
AYP74696.1,dengue virus type 1
WYF20603.1,dengue virus type 1
QIC53445.1,dengue virus type 1
ACL99131.1,dengue virus type 1
ACY70674.1,dengue virus type 1
ACH61728.1,dengue virus type 1
ACA48792.1,dengue virus type 1
QHZ01383.1,dengue virus type 1
WJZ46841.1,dengue virus type 1
ACJ04194.1,dengue virus type 1
WFP46130.1,dengue virus type 1
WJZ46838.1,dengue virus type 1
ACL99108.1,dengue virus type 1
XPF59677.1,dengue virus type 1
AWV55230.1,dengue virus type 1
URK26076.1,dengue virus type 1
WCZ55189.2,dengue virus type 1
QHF19292.1,dengue virus type 1
WJZ47264.1,dengue virus type 1
ADA60776.1,dengue virus type 1
WJZ46929.1,dengue virus type 1
AWV55245.1,dengue virus type 1
WAU46414.1,dengue virus type 1
XPF59959.1,dengue virus type 1
AWV55250.1,dengue virus type 1
WHS04881.1,dengue virus type 1
UPY81981.1,dengue virus type 1
UNN65460.1,dengue virus type 1
UNZ79642.1,dengue virus type 1
WMS77830.1,dengue virus type 1
XLZ96952.1,dengue virus type 1
QMW69349.1,dengue virus type 1
XUH89049.1,dengue virus type 1
YBQ70439.1,dengue virus type 1
AET43246.1,dengue virus type 1
ACS31915.1,dengue virus type 1
YBK92798.1,dengue virus type 1
XLZ97061.1,dengue virus type 1
XYW46901.1,dengue virus type 1
WHS04857.1,dengue virus type 1
WGD00829.1,dengue virus type 1
QTX92539.1,dengue virus type 1
XDT70807.1,dengue virus type 1
WCZ55168.1,dengue virus type 1
WGD00804.1,dengue virus type 1
YBG70301.1,dengue virus type 1
WJJ08485.1,dengue virus type 1
WJZ47243.1,dengue virus type 1
YBP09174.1,dengue virus type 1
ACD13384.1,dengue virus type 1
QUD37219.1,dengue virus type 1
ACW82903.1,dengue virus type 1
XPF60215.1,dengue virus type 1
ALP06116.1,dengue virus type 1
QTX92792.1,dengue virus type 1
WJZ47138.1,dengue virus type 1
URK26117.1,dengue virus type 1
XPF60303.1,dengue virus type 1
XPF59970.1,dengue virus type 1
AHI43720.1,dengue virus type 1
XPF59762.1,dengue virus type 1
QTX92748.1,dengue virus type 1
ACA48885.1,dengue virus type 1
WJZ47017.1,dengue virus type 1
ACY70686.1,dengue virus type 1
XPF59707.1,dengue virus type 1
QNL13521.1,dengue virus type 1
WJZ46979.1,dengue virus type 1
WJZ47075.1,dengue virus type 1
YBK92793.1,dengue virus type 1
WJZ47027.1,dengue virus type 1
QTE20470.1,dengue virus type 1
QNL13533.1,dengue virus type 1
AQV12160.1,dengue virus type 1
QIC53537.1,dengue virus type 1
WJJ08473.1,dengue virus type 1
QPU83820.1,dengue virus type 1
QHD26409.1,dengue virus type 1
WFP46125.1,dengue virus type 1
WVN40448.1,dengue virus type 1
AQV12284.1,dengue virus type 1
AFY10022.1,dengue virus type 1
AQV12298.1,dengue virus type 1
URK21465.1,dengue virus type 1
ACY70586.1,dengue virus type 1
ACY70731.1,dengue virus type 1
XPF59602.1,dengue virus type 1
QIC53492.1,dengue virus type 1
XPF59584.1,dengue virus type 1
WJZ47028.1,dengue virus type 1
AQV12217.1,dengue virus type 1
WME20529.1,dengue virus type 1
ANC57584.1,dengue virus type 1
XPF59962.1,dengue virus type 1
YBP09160.1,dengue virus type 1
XXH95383.1,dengue virus type 1
WKC20897.1,dengue virus type 1
WJZ46931.1,dengue virus type 1
AFD28516.1,dengue virus type 1
QTX92474.1,dengue virus type 1
AQV12316.1,dengue virus type 1
ACS31912.1,dengue virus type 1
WYF20602.1,dengue virus type 1
XLZ97045.1,dengue virus type 1
XPF60020.1,dengue virus type 1
AQV12134.1,dengue virus type 1
WJZ46865.1,dengue virus type 1
WHS26929.1,dengue virus type 1
WJZ47168.1,dengue virus type 1
WJZ46912.1,dengue virus type 1
WMS77822.1,dengue virus type 1
QFS19220.1,dengue virus type 1
QUD37229.1,dengue virus type 1
QTX92703.1,dengue virus type 1
AFD28496.1,dengue virus type 1
QNL13557.1,dengue virus type 1
QMW69329.1,dengue virus type 1
ACD13368.1,dengue virus type 1
XPF60061.1,dengue virus type 1
WCZ55244.2,dengue virus type 1
USW91916.1,dengue virus type 1
WGF24014.1,dengue virus type 1
WJZ46924.1,dengue virus type 1
XPF59477.1,dengue virus type 1
WJZ46952.1,dengue virus type 1
BBG62287.1,dengue virus type 1
AKL81145.1,dengue virus type 1
XPF59467.1,dengue virus type 1
ACW82905.1,dengue virus type 1
XPF59595.1,dengue virus type 1
XPF60149.1,dengue virus type 1
WDZ68201.1,dengue virus type 1
XPF59479.1,dengue virus type 1
AQV12332.1,dengue virus type 1
XPF59516.1,dengue virus type 1
QTX92536.1,dengue virus type 1
UPY82060.1,dengue virus type 1
ACL99164.1,dengue virus type 1
ACS31979.1,dengue virus type 1
XPF59541.1,dengue virus type 1
XPF60196.1,dengue virus type 1
AKL81129.1,dengue virus type 1
XPF59829.1,dengue virus type 1
WJJ08415.1,dengue virus type 1
WAS10968.1,dengue virus type 1
ALP06118.1,dengue virus type 1
URK26114.1,dengue virus type 1
QPD98749.1,dengue virus type 1
QTX92743.1,dengue virus type 1
ACY70790.1,dengue virus type 1
WDZ68221.1,dengue virus type 1
WJZ47022.1,dengue virus type 1
QMW69362.1,dengue virus type 1
URK26105.1,dengue virus type 1
QTX92819.1,dengue virus type 1
WEG86518.1,dengue virus type 1
USI59538.1,dengue virus type 1
QTX92795.1,dengue virus type 1
QTX92877.1,dengue virus type 1
WHS26876.1,dengue virus type 1
AJQ21327.2,dengue virus type 1
XQT73524.1,dengue virus type 1
AWV55229.1,dengue virus type 1
AWV55208.1,dengue virus type 1
QTX92842.1,dengue virus type 1
QGQ59493.1,dengue virus type 1
WMS77820.1,dengue virus type 1
WMM36229.1,dengue virus type 1
QUD37217.1,dengue virus type 1
YBQ70466.1,dengue virus type 1
WRK27495.1,dengue virus type 1
QIC53536.1,dengue virus type 1
WLD55577.1,dengue virus type 1
QPC96831.1,dengue virus type 1
YBK92795.1,dengue virus type 1
ACD13361.1,dengue virus type 1
ACW82977.1,dengue virus type 1
QPD98790.1,dengue virus type 1
WGD00789.1,dengue virus type 1
AWV55263.1,dengue virus type 1
QHD26444.1,dengue virus type 1
ATP66559.1,dengue virus type 1
WMS77835.1,dengue virus type 1
ACS31949.1,dengue virus type 1
ACA48779.1,dengue virus type 1
XQT73493.1,dengue virus type 1
WHS26900.1,dengue virus type 1
AFD28495.1,dengue virus type 1
AHF45707.1,dengue virus type 1
WKC20924.1,dengue virus type 1
AUA17938.1,dengue virus type 1
YBU65585.1,dengue virus type 1
XPF60013.1,dengue virus type 1
YBG70325.1,dengue virus type 1
QHD26399.1,dengue virus type 1
QBK46928.1,dengue virus type 1
XPF59779.1,dengue virus type 1
WYF20644.1,dengue virus type 1
AVM80383.1,dengue virus type 1
QFS19200.1,dengue virus type 1
YBQ70427.1,dengue virus type 1
ACA48747.1,dengue virus type 1
ABW82115.1,dengue virus type 1
XPF60123.1,dengue virus type 1
WHS26909.1,dengue virus type 1
ACY70665.1,dengue virus type 1
YBQ70487.1,dengue virus type 1
QHE24278.1,dengue virus type 1
BBG62278.1,dengue virus type 1
WHS26887.1,dengue virus type 1
UDI89628.1,dengue virus type 1
WHS26820.1,dengue virus type 1
XPF60122.1,dengue virus type 1
XPF60251.1,dengue virus type 1
XDT57289.1,dengue virus type 1
AKL81185.1,dengue virus type 1
AFD28489.1,dengue virus type 1
WJZ47295.1,dengue virus type 1
ANJ60725.1,dengue virus type 1
XPF60120.1,dengue virus type 1
XLZ97037.1,dengue virus type 1
QTX92473.1,dengue virus type 1
WMM36237.1,dengue virus type 1
XHB72395.1,dengue virus type 1
AUZ41766.1,dengue virus type 1
WKC20933.1,dengue virus type 1
QIC53473.1,dengue virus type 1
AEX65549.1,dengue virus type 1
QMW69336.1,dengue virus type 1
YAA48912.1,dengue virus type 1
ACJ04280.1,dengue virus type 1
WCZ55330.2,dengue virus type 1
XUM16010.1,dengue virus type 1
AEX65550.1,dengue virus type 1
QTX92649.1,dengue virus type 1
WHS27024.1,dengue virus type 1
ACH99678.1,dengue virus type 1
AUZ41794.1,dengue virus type 1
WJZ46874.1,dengue virus type 1
BBG62284.1,dengue virus type 1
ACW82997.1,dengue virus type 1
AHI43742.1,dengue virus type 1
ACQ44523.1,dengue virus type 1
WWZ43992.1,dengue virus type 1
XPF59969.1,dengue virus type 1
AHI43716.1,dengue virus type 1
URK26053.1,dengue virus type 1
WVH32830.1,dengue virus type 1
WFP46128.1,dengue virus type 1
ACS31911.1,dengue virus type 1
WJZ47245.1,dengue virus type 1
ACY70620.1,dengue virus type 1
QTX92559.1,dengue virus type 1
XPF60148.1,dengue virus type 1
XXL24456.1,dengue virus type 1
XKF17059.1,dengue virus type 1
ACO06142.1,dengue virus type 1
WCZ55252.2,dengue virus type 1
AQV12364.1,dengue virus type 1
ACQ44318.1,dengue virus type 1
WJZ47032.1,dengue virus type 1
ACD13366.1,dengue virus type 1
WHS04841.1,dengue virus type 1
ACA48789.1,dengue virus type 1
WKC20928.1,dengue virus type 1
YBP09207.1,dengue virus type 1
QTX92663.1,dengue virus type 1
AGT63070.1,dengue virus type 1
AFD28501.1,dengue virus type 1
WJZ47159.1,dengue virus type 1
QTX92414.1,dengue virus type 1
YAE67943.1,dengue virus type 1
QTX92668.1,dengue virus type 1
QMT58606.1,dengue virus type 1
ACA48756.1,dengue virus type 1
ARO84710.1,dengue virus type 1
XPF59483.1,dengue virus type 1
AYP74675.1,dengue virus type 1
ACN42698.1,dengue virus type 1
QPD98768.1,dengue virus type 1
WVN40494.1,dengue virus type 1
AQV12149.1,dengue virus type 1
UAV34168.1,dengue virus type 1
WKC20805.1,dengue virus type 1
ACQ44424.1,dengue virus type 1
WHS04860.1,dengue virus type 1
WRW12829.1,dengue virus type 1
WHS04839.1,dengue virus type 1
XMF56215.1,dengue virus type 1
QTX92640.1,dengue virus type 1
URK26051.1,dengue virus type 1
QFS19167.1,dengue virus type 1
WCZ55327.1,dengue virus type 1
AAF59976.1,dengue virus type 1
ACS31938.1,dengue virus type 1
QTX92476.1,dengue virus type 1
WME20541.1,dengue virus type 1
YBX60303.1,dengue virus type 1
XPF59876.1,dengue virus type 1
UAV34174.1,dengue virus type 1
QTE20459.1,dengue virus type 1
AXS75989.1,dengue virus type 1
WFP46149.1,dengue virus type 1
WHS27016.1,dengue virus type 1
AET43245.1,dengue virus type 1
WJZ47171.1,dengue virus type 1
UPY82021.1,dengue virus type 1
ACK28181.1,dengue virus type 1
XPF59929.1,dengue virus type 1
XHB72363.1,dengue virus type 1
QTE20475.1,dengue virus type 1
QTX92579.1,dengue virus type 1
AEA50932.1,dengue virus type 1
UPY82053.1,dengue virus type 1
QFS19555.1,dengue virus type 1
XPF59918.1,dengue virus type 1
WJJ08482.1,dengue virus type 1
ATD12164.1,dengue virus type 1
BBG62295.1,dengue virus type 1
QPD98756.1,dengue virus type 1
UAV34165.1,dengue virus type 1
AYP74661.1,dengue virus type 1
XPF59526.1,dengue virus type 1
QOU99788.1,dengue virus type 1
WJZ47206.1,dengue virus type 1
XHB72379.1,dengue virus type 1
AQV12259.1,dengue virus type 1
AEV54598.1,dengue virus type 1
WHS04831.1,dengue virus type 1
QPD98763.1,dengue virus type 1
AQV12346.1,dengue virus type 1
ACW82921.1,dengue virus type 1
AYP74654.1,dengue virus type 1
AAW64434.1,dengue virus type 1
XMH29619.1,dengue virus type 1
XPF59987.1,dengue virus type 1
ABW82102.1,dengue virus type 1
WCZ55304.2,dengue virus type 1
WJJ08432.1,dengue virus type 1
WHS27011.1,dengue virus type 1
WVN40392.1,dengue virus type 1
BAU61357.1,dengue virus type 1
ACL99027.1,dengue virus type 1
WMS77828.1,dengue virus type 1
AWV55226.1,dengue virus type 1
XPF60002.1,dengue virus type 1
WYF20653.1,dengue virus type 1
WJZ47286.1,dengue virus type 1
WJZ46975.1,dengue virus type 1
WJZ46827.1,dengue virus type 1
ARO84712.1,dengue virus type 1
AYP74693.1,dengue virus type 1
ANC57588.1,dengue virus type 1
AQV12216.1,dengue virus type 1
ACY70682.1,dengue virus type 1
XQC65321.1,dengue virus type 1
WJZ47263.1,dengue virus type 1
ACS31923.1,dengue virus type 1
AHC98441.1,dengue virus type 1
ACD13347.1,dengue virus type 1
ACQ44444.1,dengue virus type 1
ACA48783.1,dengue virus type 1
ULU19147.1,dengue virus type 1
WRW12827.1,dengue virus type 1
XPF60150.1,dengue virus type 1
XCB13505.1,dengue virus type 1
ACO06205.1,dengue virus type 1
ACS32011.1,dengue virus type 1
XPF60262.1,dengue virus type 1
QTX92488.1,dengue virus type 1
AEX97803.2,dengue virus type 1
QDG00680.1,dengue virus type 1
AHI43734.1,dengue virus type 1
AKQ62913.1,dengue virus type 1
XPF60160.1,dengue virus type 1
AXS75988.1,dengue virus type 1
WYF20556.1,dengue virus type 1
ACQ44470.1,dengue virus type 1
WEF85063.1,dengue virus type 1
XHB72376.1,dengue virus type 1
XQH47502.1,dengue virus type 1
YBX60304.1,dengue virus type 1
WJJ08394.1,dengue virus type 1
AQV12187.1,dengue virus type 1
ACQ44433.1,dengue virus type 1
XPF60316.1,dengue virus type 1
QTX92789.1,dengue virus type 1
ACQ44340.1,dengue virus type 1
WCZ55191.2,dengue virus type 1
WJJ08461.1,dengue virus type 1
YBP09159.1,dengue virus type 1
XPF59506.1,dengue virus type 1
WJZ46880.1,dengue virus type 1
WJZ47211.1,dengue virus type 1
AYP74673.1,dengue virus type 1
WMS36548.1,dengue virus type 1
WVN40425.1,dengue virus type 1
ABW82089.1,dengue virus type 1
WJZ47288.1,dengue virus type 1
ACQ44367.1,dengue virus type 1
AFD28523.1,dengue virus type 1
ADI80626.1,dengue virus type 1
WJZ47189.1,dengue virus type 1
ACA48750.1,dengue virus type 1
WJZ47182.1,dengue virus type 1
WJZ47307.1,dengue virus type 1
WCZ55229.2,dengue virus type 1
XPF59849.1,dengue virus type 1
WKC20866.1,dengue virus type 1
WJZ47177.1,dengue virus type 1
XPF59620.1,dengue virus type 1
XDR01453.1,dengue virus type 1
XPF59947.1,dengue virus type 1
WME20523.1,dengue virus type 1
XPF59475.1,dengue virus type 1
XPF60250.1,dengue virus type 1
WJZ46941.1,dengue virus type 1
ABW82090.2,dengue virus type 1
XPF59784.1,dengue virus type 1
UPY81980.1,dengue virus type 1
WMS36547.1,dengue virus type 1
ABW82074.1,dengue virus type 1
XQH47500.1,dengue virus type 1
ACQ44487.1,dengue virus type 1
QPC96819.1,dengue virus type 1
XPF59545.1,dengue virus type 1
XHB72386.1,dengue virus type 1
WDZ68228.1,dengue virus type 1
QTX92684.1,dengue virus type 1
WJJ08393.1,dengue virus type 1
XPF60313.1,dengue virus type 1
XPF59641.1,dengue virus type 1
QTX92665.1,dengue virus type 1
AQV12151.1,dengue virus type 1
YAE67945.1,dengue virus type 1
QTX92781.1,dengue virus type 1
ACY70739.1,dengue virus type 1
WVN40291.1,dengue virus type 1
WYF20619.1,dengue virus type 1
WDZ68223.1,dengue virus type 1
XQH47491.1,dengue virus type 1
XIF04097.1,dengue virus type 1
WVN40338.1,dengue virus type 1
WPV88487.1,dengue virus type 1
WKC20836.1,dengue virus type 1
WMS36546.1,dengue virus type 1
AGN94867.1,dengue virus type 1
ACD13330.1,dengue virus type 1
ACA48804.1,dengue virus type 1
WKC20846.1,dengue virus type 1
QTX92590.1,dengue virus type 1
WPV88484.1,dengue virus type 1
WJJ08493.1,dengue virus type 1
WJZ46922.1,dengue virus type 1
ABW82075.1,dengue virus type 1
YBK92785.1,dengue virus type 1
QCZ25006.1,dengue virus type 1
QNL13537.1,dengue virus type 1
QHD26378.1,dengue virus type 1
QEP41641.1,dengue virus type 1
ACJ04303.1,dengue virus type 1
ACW82901.1,dengue virus type 1
XLZ96972.1,dengue virus type 1
QHD26421.1,dengue virus type 1
XPF59748.1,dengue virus type 1
WJZ47008.1,dengue virus type 1
URK26074.1,dengue virus type 1
UNZ79639.1,dengue virus type 1
XKQ27328.1,dengue virus type 1
YAB37911.1,dengue virus type 1
QPC96830.1,dengue virus type 1
AFN54940.1,dengue virus type 1
AAW64443.1,dengue virus type 1
XPF60247.1,dengue virus type 1
WJZ46986.1,dengue virus type 1
XLZ97041.1,dengue virus type 1
WVN40396.1,dengue virus type 1
WHS26831.1,dengue virus type 1
YBP09189.1,dengue virus type 1
WVN40531.1,dengue virus type 1
ABW82088.1,dengue virus type 1
UPY81997.1,dengue virus type 1
QTX92467.1,dengue virus type 1
UBI73843.1,dengue virus type 1
QNL13531.1,dengue virus type 1
YBX60306.1,dengue virus type 1
BBG62298.1,dengue virus type 1
QNL13539.1,dengue virus type 1
WOE53768.1,dengue virus type 1
XPF59894.1,dengue virus type 1
XPF60103.1,dengue virus type 1
ACA48760.1,dengue virus type 1
ACS31929.1,dengue virus type 1
WKC20923.1,dengue virus type 1
XPF59462.1,dengue virus type 1
WEF85059.1,dengue virus type 1
QTX92611.1,dengue virus type 1
ACA49064.1,dengue virus type 1
WJJ08479.1,dengue virus type 1
XLZ96954.1,dengue virus type 1
WHS26915.1,dengue virus type 1
QHD26346.1,dengue virus type 1
BBG62293.1,dengue virus type 1
AUZ41800.1,dengue virus type 1
QNL13549.1,dengue virus type 1
AYP74677.1,dengue virus type 1
QPD98746.1,dengue virus type 1
ACL99212.1,dengue virus type 1
AFN54941.1,dengue virus type 1
UPY82057.1,dengue virus type 1
UIZ00647.1,dengue virus type 1
WCZ55208.2,dengue virus type 1
ACY70596.1,dengue virus type 1
WHS04880.1,dengue virus type 1
WJZ47293.1,dengue virus type 1
XLZ96947.1,dengue virus type 1
ACL99177.1,dengue virus type 1
WLD55745.1,dengue virus type 3
ACY70680.1,dengue virus type 1
URK26054.1,dengue virus type 1
ACI15884.1,dengue virus type 1
XPF59840.1,dengue virus type 1
ARO78344.1,dengue virus type 1
ACL99148.1,dengue virus type 1
WHS26846.1,dengue virus type 1
AHF50489.1,dengue virus type 1
WGD00792.1,dengue virus type 1
QTX92445.1,dengue virus type 1
ACQ44323.1,dengue virus type 1
ACD13376.1,dengue virus type 1
AHC98437.1,dengue virus type 1
XRY74886.1,dengue virus type 1
QQC97220.1,dengue virus type 1
AYP74700.1,dengue virus type 1
AAW23169.1,dengue virus type 1
WCZ55297.2,dengue virus type 1
ACS31931.1,dengue virus type 1
XCI54568.1,dengue virus type 1
WJZ46887.1,dengue virus type 1
QHD26455.1,dengue virus type 1
AQV12306.1,dengue virus type 1
WDZ68207.1,dengue virus type 1
WCZ55180.2,dengue virus type 1
AQV12145.1,dengue virus type 1
WJZ46886.1,dengue virus type 1
QIC53514.1,dengue virus type 1
WDZ68217.1,dengue virus type 1
QIC53521.1,dengue virus type 1
QDG00688.1,dengue virus type 1
WJZ46980.1,dengue virus type 1
ACW82964.1,dengue virus type 1
WCZ55260.2,dengue virus type 1
XHB72397.1,dengue virus type 1
WHS27025.1,dengue virus type 1
WJZ47284.1,dengue virus type 1
XPF59465.1,dengue virus type 1
XIF04110.1,dengue virus type 1
WNX97883.1,dengue virus type 1
AQV12363.1,dengue virus type 1
XLZ96994.1,dengue virus type 1
ACW82960.1,dengue virus type 1
QHE24264.1,dengue virus type 1
AQV12325.1,dengue virus type 1
XLZ96951.1,dengue virus type 1
QMW69339.1,dengue virus type 1
QTX92662.1,dengue virus type 1
UZV49087.1,dengue virus type 1
ACJ04192.1,dengue virus type 1
ACS31948.1,dengue virus type 1
UNZ79678.1,dengue virus type 1
UPY82018.1,dengue virus type 1
QCZ35895.1,dengue virus type 1
XPF59730.1,dengue virus type 1
ACA48973.1,dengue virus type 1
XPF59880.1,dengue virus type 1
QTX92591.1,dengue virus type 1
WVN40374.1,dengue virus type 1
ACJ04312.1,dengue virus type 1
XPF60259.1,dengue virus type 1
AQV12201.1,dengue virus type 1
XHB72390.1,dengue virus type 1
WJZ47101.1,dengue virus type 1
WMS77819.1,dengue virus type 1
WJZ47160.1,dengue virus type 1
WJZ47285.1,dengue virus type 1
AHC08448.1,dengue virus type 1
ADI80620.1,dengue virus type 1
YBU65587.1,dengue virus type 1
QTX92613.1,dengue virus type 1
WJJ08365.1,dengue virus type 1
QFS19173.1,dengue virus type 1
AKL81154.1,dengue virus type 1
ABW82063.1,dengue virus type 1
AQV12289.1,dengue virus type 1
QPQ49769.1,dengue virus type 1
AHI43736.1,dengue virus type 1
ACL99142.1,dengue virus type 1
ACY70658.1,dengue virus type 1
ACQ44414.1,dengue virus type 1
WHS26985.1,dengue virus type 1
XDT57246.1,dengue virus type 1
QUD37225.1,dengue virus type 1
AHF45719.1,dengue virus type 1
ACJ04217.1,dengue virus type 1
WYF20650.1,dengue virus type 1
AQV12288.1,dengue virus type 1
WKC20907.1,dengue virus type 1
WKC20925.1,dengue virus type 1
WDZ68216.1,dengue virus type 1
AQS22531.1,dengue virus type 1
ACJ04286.1,dengue virus type 1
UAV34171.1,dengue virus type 1
AHG23184.1,dengue virus type 1
ACA48766.1,dengue virus type 1
QTX92651.1,dengue virus type 1
AFD28507.1,dengue virus type 1
WJZ47195.1,dengue virus type 1
ACH61748.1,dengue virus type 1
ACJ04328.1,dengue virus type 1
QNL13514.1,dengue virus type 1
UPY82013.1,dengue virus type 1
QHD26468.1,dengue virus type 1
UCQ65245.1,dengue virus type 1
XPF60190.1,dengue virus type 1
YBP09197.1,dengue virus type 1
WVN40499.1,dengue virus type 1
XPF60042.1,dengue virus type 1
WMS77814.1,dengue virus type 1
QPC96836.1,dengue virus type 1
QDG00654.1,dengue virus type 1
WKC54890.1,dengue virus type 1
WCZ55335.2,dengue virus type 1
QIC53441.1,dengue virus type 1
WHS26989.1,dengue virus type 1
XLZ96961.1,dengue virus type 1
XPF59741.1,dengue virus type 1
AYP74671.1,dengue virus type 1
XPF60231.1,dengue virus type 1
WVH32843.1,dengue virus type 1
QFS19221.1,dengue virus type 1
WCZ55355.2,dengue virus type 1
XLZ96974.1,dengue virus type 1
ACQ44442.1,dengue virus type 1
QTX92487.1,dengue virus type 1
ACS31993.1,dengue virus type 1
XPF59693.1,dengue virus type 1
ABC07330.1,dengue virus type 1
AQV12243.1,dengue virus type 1
QFS19158.1,dengue virus type 1
WMS77807.1,dengue virus type 1
XUH89039.1,dengue virus type 1
UIZ00663.1,dengue virus type 1
ACL99165.1,dengue virus type 1
UEP66935.1,dengue virus type 1
XPF60128.1,dengue virus type 1
WVN40408.1,dengue virus type 1
URK26048.1,dengue virus type 1
WVN40510.1,dengue virus type 1
WFP46123.1,dengue virus type 1
QIC53483.1,dengue virus type 1
ACS31910.1,dengue virus type 1
WKC20909.1,dengue virus type 1
QHD26391.1,dengue virus type 1
WJJ08383.1,dengue virus type 1
XQH47485.1,dengue virus type 1
ACJ04321.1,dengue virus type 1
WGD00822.1,dengue virus type 1
WCZ55210.2,dengue virus type 1
WJJ08506.1,dengue virus type 1
ACY70679.1,dengue virus type 1
QBK46949.1,dengue virus type 1
QTX92681.1,dengue virus type 1
YBP09184.1,dengue virus type 1
YBG70298.1,dengue virus type 1
XPF60098.1,dengue virus type 1
WJJ08459.1,dengue virus type 1
WJZ46884.1,dengue virus type 1
ADI80644.1,dengue virus type 1
ACY70819.1,dengue virus type 1
QEP41636.1,dengue virus type 1
XLZ96984.1,dengue virus type 1
WKC20820.1,dengue virus type 1
WGF24013.1,dengue virus type 1
XPF60031.1,dengue virus type 1
XIF04094.1,dengue virus type 1
XYW46892.1,dengue virus type 1
ACS31943.1,dengue virus type 1
WJZ46820.1,dengue virus type 1
WCZ55269.2,dengue virus type 1
WHS26904.1,dengue virus type 1
ACY70600.1,dengue virus type 1
XPF60230.1,dengue virus type 1
AMK05845.1,dengue virus type 1
QTX92675.1,dengue virus type 1
WRW12864.1,dengue virus type 1
QTX92759.1,dengue virus type 1
QCR70366.1,dengue virus type 1
QTX92597.1,dengue virus type 1
QFS19213.1,dengue virus type 1
ACY70762.1,dengue virus type 1
XDT57280.1,dengue virus type 1
WYF20648.1,dengue virus type 1
ACQ44363.1,dengue virus type 1
AEF01518.1,dengue virus type 1
AWV55220.1,dengue virus type 1
ACY70699.1,dengue virus type 1
AXK16189.1,dengue virus type 1
URK26073.1,dengue virus type 1
WJZ47125.1,dengue virus type 1
QPQ49767.1,dengue virus type 1
AIU47321.1,dengue virus type 1
XPF59979.1,dengue virus type 1
UNZ79622.1,dengue virus type 1
QPD98751.1,dengue virus type 1
AXI98991.1,dengue virus type 1
QTX92688.1,dengue virus type 1
QHD26422.1,dengue virus type 1
ANJ60735.1,dengue virus type 1
QHD26405.1,dengue virus type 1
WJZ46883.1,dengue virus type 1
QIC53542.1,dengue virus type 1
ACW82904.1,dengue virus type 1
XPF59534.1,dengue virus type 1
YCB22472.1,dengue virus type 1
XXH95386.1,dengue virus type 1
XHB72364.1,dengue virus type 1
ABW82079.1,dengue virus type 1
WRW12853.1,dengue virus type 1
WNX97880.1,dengue virus type 1
WJZ47010.1,dengue virus type 1
YBP09173.1,dengue virus type 1
AAF59977.1,dengue virus type 1
AFD28508.1,dengue virus type 1
YBZ63810.1,dengue virus type 1
WJD59973.1,dengue virus type 1
WMS77841.1,dengue virus type 1
XQT73517.1,dengue virus type 1
QTX92718.1,dengue virus type 1
WCZ55338.2,dengue virus type 1
WGD00831.1,dengue virus type 1
WJZ46863.1,dengue virus type 1
AET43236.1,dengue virus type 1
WJJ08371.1,dengue virus type 1
ACY70590.1,dengue virus type 1
AKQ00012.1,dengue virus type 1
AHI43705.1,dengue virus type 1
XLZ96973.1,dengue virus type 1
UIZ00652.1,dengue virus type 1
QTX92446.1,dengue virus type 1
UIZ00633.1,dengue virus type 1
WRW12820.1,dengue virus type 1
WLD55599.1,dengue virus type 1
XEC79649.1,dengue virus type 1
WJZ46901.1,dengue virus type 1
WVN40469.1,dengue virus type 1
QMW69361.1,dengue virus type 1
WYF20666.1,dengue virus type 1
XPF60283.1,dengue virus type 1
QPD98772.1,dengue virus type 1
WCZ55320.2,dengue virus type 1
ACJ04293.1,dengue virus type 1
QFS19186.1,dengue virus type 1
ACO06157.1,dengue virus type 1
WHS26890.1,dengue virus type 1
BAE44987.1,dengue virus type 1
AQV12154.1,dengue virus type 1
XPF59778.1,dengue virus type 1
QHD26467.1,dengue virus type 1
ATP66564.1,dengue virus type 1
ACJ04245.1,dengue virus type 1
QTX92404.1,dengue virus type 1
WHS26867.1,dengue virus type 1
BAD16759.1,dengue virus type 1
AQV12341.1,dengue virus type 1
QHF19277.1,dengue virus type 1
XWV29322.1,dengue virus type 1
QTX92402.1,dengue virus type 1
BBG62281.1,dengue virus type 1
QTX92507.1,dengue virus type 1
XPF59956.1,dengue virus type 1
YBU65582.1,dengue virus type 1
QTX92575.1,dengue virus type 1
WFP46116.1,dengue virus type 1
AEB98756.1,dengue virus type 1
AJQ21317.2,dengue virus type 1
AHZ44537.1,dengue virus type 1
WKC20855.1,dengue virus type 1
QTX92701.1,dengue virus type 1
URK26104.1,dengue virus type 1
WJJ08449.1,dengue virus type 1
XIF04091.1,dengue virus type 1
UNZ79634.1,dengue virus type 1
XPF59750.1,dengue virus type 1
ACJ04256.1,dengue virus type 1
AEV54603.1,dengue virus type 1
QNL13517.1,dengue virus type 1
ABW82077.1,dengue virus type 1
XPF59975.1,dengue virus type 1
QFS19172.1,dengue virus type 1
XXL24452.1,dengue virus type 1
WAS10532.1,dengue virus type 1
ACA49081.1,dengue virus type 1
WRW12819.1,dengue virus type 1
XPF59925.1,dengue virus type 1
XYW46890.1,dengue virus type 1
WHS04836.1,dengue virus type 1
AUZ41759.1,dengue virus type 1
QHD26430.1,dengue virus type 1
QFS19168.1,dengue virus type 1
XPF60243.1,dengue virus type 1
WMY87888.1,dengue virus type 1
QTX92520.1,dengue virus type 1
YAB37914.1,dengue virus type 1
QTX92405.1,dengue virus type 1
YBQ70417.1,dengue virus type 1
XPF59832.1,dengue virus type 1
ACY70697.1,dengue virus type 1
XPF60310.1,dengue virus type 1
XPF59848.1,dengue virus type 1
WCZ55262.2,dengue virus type 1
WJZ46794.1,dengue virus type 1
YBP09165.1,dengue virus type 1
AMR97402.1,dengue virus type 1
ACL99175.1,dengue virus type 1
WJJ08450.1,dengue virus type 1
QTX92846.1,dengue virus type 1
QTE20460.1,dengue virus type 1
XEC79642.1,dengue virus type 1
ACY70594.1,dengue virus type 1
XHB72403.1,dengue virus type 1
QIC53498.1,dengue virus type 1
WFP46143.1,dengue virus type 1
ACY70624.1,dengue virus type 1
WCZ55286.2,dengue virus type 1
QIC53531.1,dengue virus type 1
WCZ55213.2,dengue virus type 1
AHG06316.1,dengue virus type 1
AAW28138.1,dengue virus type 1
WKC20932.1,dengue virus type 1
XPF59692.1,dengue virus type 1
ACL99195.1,dengue virus type 1
WJZ47147.1,dengue virus type 1
WKC20875.1,dengue virus type 1
ACW82897.1,dengue virus type 1
XPF60280.1,dengue virus type 1
WJZ47127.1,dengue virus type 1
UNZ79635.1,dengue virus type 1
QHE24253.1,dengue virus type 1
WJJ08452.1,dengue virus type 1
WMS77805.1,dengue virus type 1
AUZ41769.1,dengue virus type 1
WEX91844.1,dengue virus type 1
QNL13548.1,dengue virus type 1
XPF60245.1,dengue virus type 1
WJZ47041.1,dengue virus type 1
WJZ46833.1,dengue virus type 1
WMS77809.1,dengue virus type 1
XPF59955.1,dengue virus type 1
XXL24446.1,dengue virus type 1
QDG00658.1,dengue virus type 1
WHS26877.1,dengue virus type 1
ACQ44476.1,dengue virus type 1
ADC92350.1,dengue virus type 1
ACY70591.1,dengue virus type 1
WMY87879.1,dengue virus type 1
QHF19278.1,dengue virus type 1
XLZ97022.1,dengue virus type 1
WHS04870.1,dengue virus type 1
ANC57575.1,dengue virus type 1
WJZ47208.1,dengue virus type 1
AHF50475.1,dengue virus type 1
XTK91203.1,dengue virus type 1
XPF60228.1,dengue virus type 1
XPF59502.1,dengue virus type 1
WRW12856.1,dengue virus type 1
WMS77817.1,dengue virus type 1
AEF01507.1,dengue virus type 1
WKC20905.1,dengue virus type 1
QFS19222.1,dengue virus type 1
XPF59805.1,dengue virus type 1
AHC08451.1,dengue virus type 1
ABG75766.1,dengue virus type 1
QTX92790.1,dengue virus type 1
QHD26382.1,dengue virus type 1
WHS04832.1,dengue virus type 1
ACY70818.1,dengue virus type 1
XPF59913.1,dengue virus type 1
QTX92643.1,dengue virus type 1
QHD26407.1,dengue virus type 1
YBG70293.1,dengue virus type 1
AHC98445.1,dengue virus type 1
WJZ47256.1,dengue virus type 1
XLY90656.1,dengue virus type 1
XPF59650.1,dengue virus type 1
QMW69325.1,dengue virus type 1
AHG06318.1,dengue virus type 1
AHG06311.1,dengue virus type 1
QTX92793.1,dengue virus type 1
WHS26970.1,dengue virus type 1
URK26099.1,dengue virus type 1
AWV55252.1,dengue virus type 1
UPY82007.1,dengue virus type 1
WJZ47186.1,dengue virus type 1
QFS19202.1,dengue virus type 1
XPF59821.1,dengue virus type 1
WVN40513.1,dengue virus type 1
WEG86511.1,dengue virus type 1
QHJ14106.1,dengue virus type 1
WFP46139.1,dengue virus type 1
AQV12185.1,dengue virus type 1
WHS04891.1,dengue virus type 1
WLD15558.1,dengue virus type 1
XPF59491.1,dengue virus type 1
ACS31908.1,dengue virus type 1
QPC96840.1,dengue virus type 1
XPF59856.1,dengue virus type 1
QIC53442.1,dengue virus type 1
QHE24281.1,dengue virus type 1
AQV12350.1,dengue virus type 1
WJZ47205.1,dengue virus type 1
XYW46911.1,dengue virus type 1
WJJ08413.1,dengue virus type 1
ACW82951.1,dengue virus type 1
ADI80635.1,dengue virus type 1
QHD26412.1,dengue virus type 1
QCZ24986.1,dengue virus type 1
WYF20660.1,dengue virus type 1
AWV55227.1,dengue virus type 1
ACS31982.1,dengue virus type 1
WMS77836.1,dengue virus type 1
QTX92730.1,dengue virus type 1
XPF60046.1,dengue virus type 1
WLD15554.1,dengue virus type 1
WCZ55177.1,dengue virus type 1
AGN94871.1,dengue virus type 1
ACA48768.1,dengue virus type 1
WJZ46902.1,dengue virus type 1
UPY82027.1,dengue virus type 1
XPF59802.1,dengue virus type 1
QFS19162.1,dengue virus type 1
AQV12175.1,dengue virus type 1
ACQ44441.1,dengue virus type 1
QFS19211.1,dengue virus type 1
AHC98438.1,dengue virus type 1
QIC53435.1,dengue virus type 1
XHB72382.1,dengue virus type 1
YBB96810.1,dengue virus type 1
WYF20623.1,dengue virus type 1
WET62366.1,dengue virus type 1
WCZ55181.1,dengue virus type 1
UPY81982.1,dengue virus type 1
ACW82973.1,dengue virus type 1
UDI89626.1,dengue virus type 1
QHR82545.1,dengue virus type 1
ANC57582.1,dengue virus type 1
ADA60788.1,dengue virus type 1
QOW96373.1,dengue virus type 1
WKC20886.1,dengue virus type 1
XLZ97052.1,dengue virus type 1
ACH61754.1,dengue virus type 1
YBP09198.1,dengue virus type 1
WJJ08504.1,dengue virus type 1
AAW28139.1,dengue virus type 1
ACJ04267.1,dengue virus type 1
XRY74901.1,dengue virus type 1
AHC98429.1,dengue virus type 1
WGD00780.1,dengue virus type 1
QPC96841.1,dengue virus type 1
WJZ47269.1,dengue virus type 1
QHD26479.1,dengue virus type 1
XDT57257.1,dengue virus type 1
ACQ44329.1,dengue virus type 1
QTX92860.1,dengue virus type 1
AWV55235.1,dengue virus type 1
XPF60132.1,dengue virus type 1
WJZ47002.1,dengue virus type 1
XPF60155.1,dengue virus type 1
UPY81969.1,dengue virus type 1
UBI73847.1,dengue virus type 1
WJJ08380.1,dengue virus type 1
WMM36233.1,dengue virus type 1
XQT73538.1,dengue virus type 1
WEG86517.1,dengue virus type 1
XLZ97082.1,dengue virus type 1
XER78285.1,dengue virus type 1
QTX92492.1,dengue virus type 1
ACA48801.1,dengue virus type 1
QFS19201.1,dengue virus type 1
XUM16029.1,dengue virus type 1
ACJ04172.1,dengue virus type 1
URK26078.1,dengue virus type 1
QQC97219.1,dengue virus type 1
UMO60368.1,dengue virus type 1
ACD13435.1,dengue virus type 1
QTX92821.1,dengue virus type 1
WVN40550.1,dengue virus type 1
ACS31924.1,dengue virus type 1
XJO99442.1,dengue virus type 1
WJJ08399.1,dengue virus type 1
QTX92693.1,dengue virus type 1
QNL13523.1,dengue virus type 1
QNL13538.1,dengue virus type 1
AQV12356.1,dengue virus type 1
YBK92783.1,dengue virus type 1
QTX92855.1,dengue virus type 1
XQT73487.1,dengue virus type 1
QTX92770.1,dengue virus type 1
XPF59740.1,dengue virus type 1
WLD55748.1,dengue virus type 1
ACD13385.1,dengue virus type 1
ARO78346.1,dengue virus type 1
AQV12146.1,dengue virus type 1
AQV12266.1,dengue virus type 1
ACD13340.1,dengue virus type 1
WRW12835.1,dengue virus type 1
ACQ44425.1,dengue virus type 1
AJQ21324.2,dengue virus type 1
WJZ47070.1,dengue virus type 1
QPD98757.1,dengue virus type 1
YAA48901.1,dengue virus type 1
WGD00805.1,dengue virus type 1
AEF01505.1,dengue virus type 1
YBP09164.1,dengue virus type 1
ADA60782.1,dengue virus type 1
YDE81684.1,dengue virus type 1
QPK41408.1,dengue virus type 1
WYF20588.1,dengue virus type 1
WHS26938.1,dengue virus type 1
WHS26888.1,dengue virus type 1
WCZ55329.2,dengue virus type 1
WJZ46842.1,dengue virus type 1
AQV12186.1,dengue virus type 1
WHS26838.1,dengue virus type 1
XXH95381.1,dengue virus type 1
WJZ47169.1,dengue virus type 1
WHS27018.1,dengue virus type 1
ACJ04291.1,dengue virus type 1
ACS31970.1,dengue virus type 1
ACJ04274.1,dengue virus type 1
YBQ70436.1,dengue virus type 1
WPV88495.1,dengue virus type 1
XPF60130.1,dengue virus type 1
WKC20799.1,dengue virus type 1
AQV12193.1,dengue virus type 1
AQV12246.1,dengue virus type 1
YBQ70462.1,dengue virus type 1
ACJ04238.1,dengue virus type 1
WJZ47251.1,dengue virus type 1
XPF60086.1,dengue virus type 1
UBI73844.1,dengue virus type 1
QTE20456.1,dengue virus type 1
WCZ55317.2,dengue virus type 1
YBP09194.1,dengue virus type 1
YBP09201.1,dengue virus type 1
AFZ40224.1,dengue virus type 1
AAW23166.1,dengue virus type 1
AEA50936.1,dengue virus type 1
QMT58615.1,dengue virus type 1
UAV34182.1,dengue virus type 1
ACL99154.1,dengue virus type 1
XLZ97074.1,dengue virus type 1
UUG60963.1,dengue virus type 1
WAU46402.1,dengue virus type 1
QHD26462.1,dengue virus type 1
ACQ44324.1,dengue virus type 1
QHD26383.1,dengue virus type 1
WJZ46890.1,dengue virus type 1
UNZ79681.1,dengue virus type 1
ACL99059.1,dengue virus type 3
AYP74690.1,dengue virus type 1
QIC53530.1,dengue virus type 1
QIC53451.1,dengue virus type 1
AUZ41785.1,dengue virus type 1
YBP09192.1,dengue virus type 1
QTX92525.1,dengue virus type 1
QTX92560.1,dengue virus type 1
ACY70595.1,dengue virus type 1
URK26109.1,dengue virus type 1
XLY76795.1,dengue virus type 1
WLD15627.1,dengue virus type 1
WEG86521.1,dengue virus type 1
YBG70324.1,dengue virus type 1
ACJ04230.1,dengue virus type 1
XPF59775.1,dengue virus type 1
ACW82949.1,dengue virus type 1
WRW12854.1,dengue virus type 1
WJZ46843.1,dengue virus type 1
UJL05610.1,dengue virus type 1
ACY70789.1,dengue virus type 1
WCZ55307.2,dengue virus type 1
QTX92657.1,dengue virus type 1
WMS77810.1,dengue virus type 1
ACY70645.1,dengue virus type 1
QNL13522.1,dengue virus type 1
AUZ41753.1,dengue virus type 1
QMW69354.1,dengue virus type 1
XPF60038.1,dengue virus type 1
XQH47487.1,dengue virus type 1
ACJ04174.1,dengue virus type 1
AMK05844.1,dengue virus type 1
ANJ60731.1,dengue virus type 1
WVN40562.1,dengue virus type 1
QTX92658.1,dengue virus type 1
XLZ97029.1,dengue virus type 1
XLZ96977.1,dengue virus type 1
UPY81996.1,dengue virus type 1
XPF59468.1,dengue virus type 1
ACJ04216.1,dengue virus type 1
XPF59629.1,dengue virus type 1
WJZ46916.1,dengue virus type 1
QTX92764.1,dengue virus type 1
UAV34162.1,dengue virus type 1
WYF20617.1,dengue virus type 1
WJZ47209.1,dengue virus type 1
QTX92499.1,dengue virus type 1
WJZ47140.1,dengue virus type 1
QDG00662.1,dengue virus type 1
XPF59481.1,dengue virus type 1
UPY81978.1,dengue virus type 1
ACA49092.1,dengue virus type 1
WDZ68210.1,dengue virus type 1
WJJ08453.1,dengue virus type 1
WJJ08428.1,dengue virus type 1
UNZ79680.1,dengue virus type 1
ACA48878.1,dengue virus type 1
XLZ97078.1,dengue virus type 1
WVN40530.1,dengue virus type 1
ACL99188.1,dengue virus type 1
AUZ41776.1,dengue virus type 1
XPF59811.1,dengue virus type 1
WJZ47312.1,dengue virus type 1
WHS04901.1,dengue virus type 1
UEK34808.1,dengue virus type 1
ACH61772.1,dengue virus type 1
URK26101.1,dengue virus type 1
AHI43741.1,dengue virus type 1
ACD13365.1,dengue virus type 1
QFS19198.1,dengue virus type 1
ACY70581.1,dengue virus type 1
XQH47495.1,dengue virus type 1
QTA73180.1,dengue virus type 1
XPF59985.1,dengue virus type 1
WJZ46973.1,dengue virus type 1
XPF59812.1,dengue virus type 1
ACA48797.1,dengue virus type 1
QTX92486.1,dengue virus type 1
WYF20551.1,dengue virus type 1
AOE47569.1,dengue virus type 1
QHD26445.1,dengue virus type 1
WJZ46998.1,dengue virus type 1
ACY70663.1,dengue virus type 1
XPF60004.1,dengue virus type 1
ACD13370.1,dengue virus type 1
XLZ97077.1,dengue virus type 1
XHB72392.1,dengue virus type 1
WJZ47210.1,dengue virus type 1
QIC53468.1,dengue virus type 1
QPD98755.1,dengue virus type 1
QTX92758.1,dengue virus type 1
WJZ47153.1,dengue virus type 1
ACW82906.1,dengue virus type 1
AQV12235.1,dengue virus type 1
XUH89053.1,dengue virus type 1
WJZ46996.1,dengue virus type 1
BAQ08293.1,dengue virus type 1
QHE24254.1,dengue virus type 1
QTX92599.1,dengue virus type 1
QTX92726.1,dengue virus type 1
XUM16016.1,dengue virus type 1
WGD00830.1,dengue virus type 1
WJZ46936.1,dengue virus type 1
ACL99163.1,dengue virus type 1
ATP66563.1,dengue virus type 1
ACH61753.1,dengue virus type 1
XIF04096.1,dengue virus type 1
AQV12278.1,dengue virus type 1
ACY70703.1,dengue virus type 1
BBB18819.1,dengue virus type 1
XPF60229.1,dengue virus type 1
AAV31421.1,dengue virus type 1
AQV12153.1,dengue virus type 1
YBP09152.1,dengue virus type 1
ACD13343.1,dengue virus type 1
WJZ47677.1,dengue virus type 3
YBQ70424.1,dengue virus type 1
XPF59781.1,dengue virus type 1
AXX75606.1,dengue virus type 1
QTX92636.1,dengue virus type 1
XXL24453.1,dengue virus type 1
XPF60117.1,dengue virus type 1
XPF60265.1,dengue virus type 1
QHD26403.1,dengue virus type 1
ACL99157.1,dengue virus type 1
WHS26823.1,dengue virus type 1
WJZ47252.1,dengue virus type 1
YBG70288.1,dengue virus type 1
WPV88494.1,dengue virus type 1
YDE81686.1,dengue virus type 1
URK26057.1,dengue virus type 1
ALI16135.1,dengue virus type 1
URK26063.1,dengue virus type 1
AHI43740.1,dengue virus type 1
ADI80631.1,dengue virus type 1
ABW82085.1,dengue virus type 1
XPF60195.1,dengue virus type 1
ACA49071.1,dengue virus type 1
YDE81692.1,dengue virus type 1
ACL99173.1,dengue virus type 1
WJZ46806.1,dengue virus type 1
QTX92836.1,dengue virus type 1
ACA48978.1,dengue virus type 1
YBQ70457.1,dengue virus type 1
WJJ08478.1,dengue virus type 1
QNL13545.1,dengue virus type 1
AQV12238.1,dengue virus type 1
QFS19557.1,dengue virus type 1
ACA48710.1,dengue virus type 1
ARJ31951.1,dengue virus type 1
ACW82895.1,dengue virus type 1
AWV55247.1,dengue virus type 1
XPF60126.1,dengue virus type 1
QCZ24988.1,dengue virus type 1
XPF59818.1,dengue virus type 1
WHS27001.1,dengue virus type 1
XPF59806.1,dengue virus type 1
WMM36224.1,dengue virus type 1
XQT73488.1,dengue virus type 1
XEC79645.1,dengue virus type 1
WJZ47253.1,dengue virus type 1
WJZ47191.1,dengue virus type 1
BEV70263.1,dengue virus type 1
WAU46405.1,dengue virus type 1
WJZ46791.1,dengue virus type 1
WKC20870.1,dengue virus type 1
QHD26443.1,dengue virus type 1
AYD78166.1,dengue virus type 1
WHS26917.1,dengue virus type 1
WJZ47315.1,dengue virus type 1
WJZ47110.1,dengue virus type 1
YBP09196.1,dengue virus type 1
WDE20500.1,dengue virus type 1
ACL99204.1,dengue virus type 1
ACE63542.1,dengue virus type 1
WHS26974.1,dengue virus type 1
AEF01514.1,dengue virus type 1
WYF20577.1,dengue virus type 1
ADA60777.1,dengue virus type 1
XPF59586.1,dengue virus type 1
ADA60794.1,dengue virus type 1
QHE24265.1,dengue virus type 1
WKC20951.1,dengue virus type 1
ACJ04223.1,dengue virus type 1
WVN40307.1,dengue virus type 1
ACY70619.1,dengue virus type 1
BBG62274.1,dengue virus type 1
WVN40463.1,dengue virus type 1
WJZ47068.1,dengue virus type 1
ANC57577.1,dengue virus type 1
WKC20889.1,dengue virus type 1
XCB13506.1,dengue virus type 1
QGW42874.1,dengue virus type 1
ACS31977.1,dengue virus type 1
XUH89048.1,dengue virus type 1
WHS26969.1,dengue virus type 1
WJZ47146.1,dengue virus type 1
WKC20860.1,dengue virus type 1
AAB70695.1,dengue virus type 1
WVN40418.1,dengue virus type 1
ARO84713.1,dengue virus type 1
WJZ46796.1,dengue virus type 1
WJZ47162.1,dengue virus type 1
WCZ55259.2,dengue virus type 1
XPF59514.1,dengue virus type 1
AEF01504.1,dengue virus type 1
WYF20658.1,dengue virus type 1
WJJ08378.1,dengue virus type 1
XPF59914.1,dengue virus type 1
QFS19208.1,dengue virus type 1
XPF59722.1,dengue virus type 1
QTX92614.1,dengue virus type 1
XPF59932.1,dengue virus type 1
XPF60308.1,dengue virus type 1
XPF59671.1,dengue virus type 1
AQV12275.1,dengue virus type 1
WCZ55230.2,dengue virus type 1
AWV55255.1,dengue virus type 1
QIC53519.1,dengue virus type 1
AQV12218.1,dengue virus type 1
XYW46896.1,dengue virus type 1
AQV12285.1,dengue virus type 1
URK26100.1,dengue virus type 1
WKC20934.1,dengue virus type 1
WJZ47190.1,dengue virus type 1
QNL13527.1,dengue virus type 1
USS98707.1,dengue virus type 1
XPF60203.1,dengue virus type 1
XPF60274.1,dengue virus type 1
QPC96827.1,dengue virus type 1
AYP74668.1,dengue virus type 1
XPF60007.1,dengue virus type 1
AQV12237.1,dengue virus type 1
AYP74694.1,dengue virus type 1
ACA48800.1,dengue virus type 1
WKC20878.1,dengue virus type 1
WEG86512.1,dengue virus type 1
WJZ47163.1,dengue virus type 1
ACA48793.1,dengue virus type 1
URK26081.1,dengue virus type 1
XPF60147.1,dengue virus type 1
AKQ62912.1,dengue virus type 1
URK26089.1,dengue virus type 1
UIZ00653.1,dengue virus type 1
ACA49072.1,dengue virus type 1
AFD28522.1,dengue virus type 1
YBP09178.1,dengue virus type 1
ACO06173.1,dengue virus type 1
QTX92554.1,dengue virus type 1
ADA60774.1,dengue virus type 1
XQT73476.1,dengue virus type 1
WLD55707.1,dengue virus type 1
WHS26897.1,dengue virus type 1
QTX92642.1,dengue virus type 1
UPY82010.1,dengue virus type 1
AHG06304.1,dengue virus type 1
ACN54386.1,dengue virus type 1
XPF60304.1,dengue virus type 1
AQV12254.1,dengue virus type 1
XPF60224.1,dengue virus type 1
URQ55968.1,dengue virus type 1
ACJ04298.1,dengue virus type 1
AKL81133.1,dengue virus type 1
AUW27627.1,dengue virus type 1
QHD26434.1,dengue virus type 1
XPF59579.1,dengue virus type 1
XPF59933.1,dengue virus type 1
ACH61713.1,dengue virus type 1
WCZ55209.2,dengue virus type 1
AQV12292.1,dengue virus type 1
XLZ97016.1,dengue virus type 1
ADA60784.1,dengue virus type 1
ACJ04240.1,dengue virus type 1
ARQ80406.1,dengue virus type 1
ACO06176.1,dengue virus type 1
QTX92715.1,dengue virus type 1
XLZ97044.1,dengue virus type 1
WJJ08375.1,dengue virus type 1
UWM25499.1,dengue virus type 1
XRY74909.1,dengue virus type 1
QDG00659.1,dengue virus type 1
YBP09188.1,dengue virus type 1
WJZ46965.1,dengue virus type 1
ACY70603.1,dengue virus type 1
UPY82005.1,dengue virus type 1
YBQ70434.1,dengue virus type 1
XPF59973.1,dengue virus type 1
WHS26998.1,dengue virus type 1
WKC20896.1,dengue virus type 1
AQV12308.1,dengue virus type 1
WAL91252.1,dengue virus type 1
AHI43730.1,dengue virus type 1
WCZ55254.2,dengue virus type 1
WLD15642.1,dengue virus type 1
XPF59611.1,dengue virus type 1
XQT73469.1,dengue virus type 1
XPF59721.1,dengue virus type 1
XPF59705.1,dengue virus type 1
ACQ44326.1,dengue virus type 1
XPF60055.1,dengue virus type 1
QDG00683.1,dengue virus type 1
WDZ68219.1,dengue virus type 1
QHD26410.1,dengue virus type 1
QDG00686.1,dengue virus type 1
WVN40630.1,dengue virus type 1
WHS26950.1,dengue virus type 1
XPF60166.1,dengue virus type 1
XLZ97010.1,dengue virus type 1
QTX92453.1,dengue virus type 1
ACA49091.1,dengue virus type 1
XPF60053.1,dengue virus type 1
QJF23946.1,dengue virus type 1
WGD00828.1,dengue virus type 1
AXB26592.2,dengue virus type 1
YBG70289.1,dengue virus type 1
QTX92484.1,dengue virus type 1
YBG70299.1,dengue virus type 1
XPF60225.1,dengue virus type 1
WVN40485.1,dengue virus type 1
QTX92547.1,dengue virus type 1
ADA60778.1,dengue virus type 1
XXL24461.1,dengue virus type 1
AHG23205.1,dengue virus type 1
ACH61747.1,dengue virus type 1
ACF49259.1,dengue virus type 1
UIZ00661.1,dengue virus type 1
ACI15869.1,dengue virus type 1
XPF59737.1,dengue virus type 1
XPF59589.1,dengue virus type 1
AHF50477.1,dengue virus type 1
AWV55209.1,dengue virus type 1
XPF59640.1,dengue virus type 1
ACW82962.1,dengue virus type 1
QTX92692.1,dengue virus type 1
QTX92745.1,dengue virus type 1
WKC20804.1,dengue virus type 1
ACA49079.1,dengue virus type 1
XYW46902.1,dengue virus type 1
QTX92660.1,dengue virus type 1
WET62305.1,dengue virus type 1
ACJ04300.1,dengue virus type 1
WVN40450.1,dengue virus type 1
WVN40343.1,dengue virus type 1
QHD26341.1,dengue virus type 1
AWV55256.1,dengue virus type 1
QCZ24992.1,dengue virus type 1
ACA48786.1,dengue virus type 1
AEF01554.1,dengue virus type 1
WKC20890.1,dengue virus type 1
XPF59703.1,dengue virus type 1
XPF59920.1,dengue virus type 1
ACJ04258.1,dengue virus type 1
XPF59573.1,dengue virus type 1
QDG00689.1,dengue virus type 1
ACY70690.1,dengue virus type 1
UAV34184.1,dengue virus type 1
AEB98754.1,dengue virus type 1
WJZ47124.1,dengue virus type 1
WVN40638.1,dengue virus type 1
WYF20584.1,dengue virus type 1
WLD15632.1,dengue virus type 1
AHC98442.1,dengue virus type 1
AGN94865.1,dengue virus type 1
WKC20849.1,dengue virus type 1
QPK41397.1,dengue virus type 1
WHS26919.1,dengue virus type 1
QNL13510.1,dengue virus type 1
QTX92524.1,dengue virus type 1
XHB72387.1,dengue virus type 1
URK26120.1,dengue virus type 1
QMW69337.1,dengue virus type 1
AYP74670.1,dengue virus type 1
WGD00825.1,dengue virus type 1
AUW27525.1,dengue virus type 1
WEG86514.1,dengue virus type 1
XPF59599.1,dengue virus type 1
AQS22543.1,dengue virus type 1
XXH95384.1,dengue virus type 1
QTE20455.1,dengue virus type 1
UPY82015.1,dengue virus type 1
ASN77914.1,dengue virus type 1
WMS77788.1,dengue virus type 1
ACJ04173.1,dengue virus type 1
UAV34185.1,dengue virus type 1
XYW46891.1,dengue virus type 1
AQV12372.1,dengue virus type 1
WVN40608.1,dengue virus type 1
QTX92563.1,dengue virus type 1
WVN40362.1,dengue virus type 1
XQT73466.1,dengue virus type 1
QPD98764.1,dengue virus type 1
ACY70622.1,dengue virus type 1
AJQ21322.2,dengue virus type 1
QTX92766.1,dengue virus type 1
AKF17159.1,dengue virus type 1
QTX92587.1,dengue virus type 1
AHG06314.1,dengue virus type 1
YBQ70456.1,dengue virus type 1
WEG86509.1,dengue virus type 1
QTX92529.1,dengue virus type 1
AQV12347.1,dengue virus type 1
ACL99106.1,dengue virus type 1
ARO78348.1,dengue virus type 1
AHI43751.1,dengue virus type 1
ACJ04268.1,dengue virus type 1
ACD13382.1,dengue virus type 1
WYF20630.1,dengue virus type 1
ACA48787.1,dengue virus type 1
AUZ41767.1,dengue virus type 1
ACW82918.1,dengue virus type 1
XYW46887.1,dengue virus type 1
AGT63071.1,dengue virus type 1
WHS26893.1,dengue virus type 1
QDG00695.1,dengue virus type 1
WJJ08377.1,dengue virus type 1
YBG70292.1,dengue virus type 1
AQV12354.1,dengue virus type 1
ACL99002.1,dengue virus type 1
XQT73521.1,dengue virus type 1
QTX92452.1,dengue virus type 1
QDG00668.1,dengue virus type 1
WVN40481.1,dengue virus type 1
WVN40349.1,dengue virus type 1
WMS77792.1,dengue virus type 1
QPD98750.1,dengue virus type 1
QHE24277.1,dengue virus type 1
AHG23172.1,dengue virus type 1
WKC20850.1,dengue virus type 1
XPF59922.1,dengue virus type 1
UAV34166.1,dengue virus type 1
WVN40492.1,dengue virus type 1
AJQ21341.2,dengue virus type 1
XPF59949.1,dengue virus type 1
ANC57585.1,dengue virus type 1
WMS77795.1,dengue virus type 1
AGM38094.1,dengue virus type 1
WYF20574.1,dengue virus type 1
AQV12249.1,dengue virus type 1
WVN40317.1,dengue virus type 1
ACL99091.1,dengue virus type 3
XER78284.1,dengue virus type 1
WKC20930.1,dengue virus type 1
ACJ04329.1,dengue virus type 1
WLD55686.1,dengue virus type 1
XCB13499.1,dengue virus type 1
WJZ47303.1,dengue virus type 1
WHS26852.1,dengue virus type 1
XPF59486.1,dengue virus type 1
ACJ04310.1,dengue virus type 1
WJZ47043.1,dengue virus type 1
WKC20790.1,dengue virus type 1
XRY74882.1,dengue virus type 1
XPF59667.1,dengue virus type 1
WYF20583.1,dengue virus type 1
WJZ47292.1,dengue virus type 1
QTX92839.1,dengue virus type 1
WHS27037.1,dengue virus type 1
WHS26853.1,dengue virus type 1
WVN40371.1,dengue virus type 1
WMS77838.1,dengue virus type 1
WJZ46870.1,dengue virus type 1
XPF59993.1,dengue virus type 1
AAV97946.4,dengue virus type 1
WJZ46859.1,dengue virus type 1
XEC79650.1,dengue virus type 1
AQV12360.1,dengue virus type 1
XPF60193.1,dengue virus type 1
XLZ97006.1,dengue virus type 1
QTX92867.1,dengue virus type 1
URK26088.1,dengue virus type 1
QPD98769.1,dengue virus type 1
WKC20881.1,dengue virus type 1
YBP09167.1,dengue virus type 1
ACA48984.1,dengue virus type 1
WMV06615.1,dengue virus type 1
YBK89154.1,dengue virus type 1
WVN40404.1,dengue virus type 1
XLZ97058.1,dengue virus type 1
QTX92825.1,dengue virus type 1
ACH61761.1,dengue virus type 1
XPF59683.1,dengue virus type 1
UAV34177.1,dengue virus type 1
QTX92410.1,dengue virus type 1
WVN40591.1,dengue virus type 1
XPF59696.1,dengue virus type 1
QDG00664.1,dengue virus type 1
QFS19226.1,dengue virus type 1
UPY82012.1,dengue virus type 1
AYP74699.1,dengue virus type 1
ACQ44466.1,dengue virus type 1
ACL99187.1,dengue virus type 1
WKC20902.1,dengue virus type 1
WJZ46969.1,dengue virus type 1
WJZ47029.1,dengue virus type 1
ACN42677.1,dengue virus type 1
XRY74874.1,dengue virus type 1
XXL24444.1,dengue virus type 1
QDG00653.1,dengue virus type 1
WHS04833.1,dengue virus type 1
QTX92440.1,dengue virus type 1
WKC20808.1,dengue virus type 1
AET43242.1,dengue virus type 1
XPF60278.1,dengue virus type 1
XLZ96944.1,dengue virus type 1
QHF19294.1,dengue virus type 1
XIF04105.1,dengue virus type 1
AEM92304.1,dengue virus type 1
ACJ04307.1,dengue virus type 1
ACJ04318.1,dengue virus type 1
XLY90657.1,dengue virus type 1
XPF59605.1,dengue virus type 1
WJD59971.1,dengue virus type 1
XLZ97031.1,dengue virus type 1
QIC53454.1,dengue virus type 1
ACA48791.1,dengue virus type 1
WCZ55336.2,dengue virus type 1
QPK41392.1,dengue virus type 1
WJJ08503.1,dengue virus type 1
QTX92648.1,dengue virus type 1
WJZ47197.1,dengue virus type 1
WCZ55184.1,dengue virus type 1
UPY81970.1,dengue virus type 1
QIC53471.1,dengue virus type 1
QTX92615.1,dengue virus type 1
WMS77803.1,dengue virus type 1
XPF60108.1,dengue virus type 1
WYF20555.1,dengue virus type 1
XCB13493.1,dengue virus type 1
YBG70307.1,dengue virus type 1
WJZ46920.1,dengue virus type 1
XLZ97026.1,dengue virus type 1
XPF59494.1,dengue virus type 1
WVN40464.1,dengue virus type 1
AQV12192.1,dengue virus type 1
ACY70614.1,dengue virus type 1
WJZ46787.1,dengue virus type 1
ACQ44447.1,dengue virus type 1
WVN40472.1,dengue virus type 1
ANJ60734.1,dengue virus type 1
ACJ04294.1,dengue virus type 1
WMY87883.1,dengue virus type 1
XEC79646.1,dengue virus type 1
WJZ46844.1,dengue virus type 1
WLD15619.1,dengue virus type 1
WVN40501.1,dengue virus type 1
XYW46900.1,dengue virus type 1
QTX92831.1,dengue virus type 1
WJZ47155.1,dengue virus type 1
WVN40470.1,dengue virus type 1
XPF60227.1,dengue virus type 1
ACA58326.1,dengue virus type 3
AEB98757.1,dengue virus type 1
WJZ47143.1,dengue virus type 1
XPF59868.1,dengue virus type 1
QPK41409.1,dengue virus type 1
ACL99194.1,dengue virus type 1
ACN42673.1,dengue virus type 1
WJZ46903.1,dengue virus type 1
AHF45722.1,dengue virus type 1
XPF60025.1,dengue virus type 1
XPF59785.1,dengue virus type 1
AQV12222.1,dengue virus type 1
WJZ46962.1,dengue virus type 1
QXX05303.1,dengue virus type 1
WVN40522.1,dengue virus type 1
QUU16669.1,dengue virus type 1
QHD26457.1,dengue virus type 1
ACY70648.1,dengue virus type 1
WAU52797.1,dengue virus type 1
UCQ65244.1,dengue virus type 1
QYU75492.1,dengue virus type 1
XPF60295.1,dengue virus type 1
QTX92506.1,dengue virus type 1
ACL99138.1,dengue virus type 1
AQV12291.1,dengue virus type 1
QNL13529.1,dengue virus type 1
WDZ68191.1,dengue virus type 1
WGD00809.1,dengue virus type 1
QTX92653.1,dengue virus type 1
ACQ44459.1,dengue virus type 1
BBG62283.1,dengue virus type 1
XPF59588.1,dengue virus type 1
ARO84717.1,dengue virus type 1
ACD13338.1,dengue virus type 1
XER78278.1,dengue virus type 1
WHS26922.1,dengue virus type 1
ACQ44319.1,dengue virus type 1
XPF60069.1,dengue virus type 1
ACQ44313.1,dengue virus type 1
ACY70650.1,dengue virus type 1
AET43235.1,dengue virus type 1
ABW82106.1,dengue virus type 1
WVH32822.1,dengue virus type 1
ARO78354.1,dengue virus type 1
ACQ44435.1,dengue virus type 1
XPF59549.1,dengue virus type 1
ACQ44347.1,dengue virus type 1
XPF60180.1,dengue virus type 1
UEK36471.1,dengue virus type 1
BBG62276.1,dengue virus type 1
QTX92542.1,dengue virus type 1
ACW82961.1,dengue virus type 1
WVN40301.1,dengue virus type 1
ADA60761.1,dengue virus type 1
WHS26859.1,dengue virus type 1
QTA73181.1,dengue virus type 1
ACY70727.1,dengue virus type 1
ACY70659.1,dengue virus type 1
XPF60318.1,dengue virus type 1
QTX92459.1,dengue virus type 1
AQV12310.1,dengue virus type 1
ADI80641.1,dengue virus type 1
QWE80564.1,dengue virus type 1
QCZ24991.1,dengue virus type 1
QTX92576.1,dengue virus type 1
XHB72400.1,dengue virus type 1
WJJ08466.1,dengue virus type 1
YBP09186.1,dengue virus type 1
WDZ68183.1,dengue virus type 1
QTX92549.1,dengue virus type 1
QVV57729.1,dengue virus type 1
ACS31945.1,dengue virus type 1
AOG15607.1,dengue virus type 1
WJZ47120.1,dengue virus type 1
WYF20564.1,dengue virus type 1
XPF60072.1,dengue virus type 1
AHG06327.1,dengue virus type 1
XPF60210.1,dengue virus type 1
AHF50491.1,dengue virus type 1
WJZ46885.1,dengue virus type 1
ACO06204.1,dengue virus type 1
ACJ04311.1,dengue virus type 1
WJZ47132.1,dengue virus type 1
QPQ49770.1,dengue virus type 1
AQV12368.1,dengue virus type 1
WCZ55220.2,dengue virus type 1
WMY87880.1,dengue virus type 1
WJZ47254.1,dengue virus type 1
AEF01511.1,dengue virus type 1
WJZ47300.1,dengue virus type 1
URK21470.1,dengue virus type 1
QTX92785.1,dengue virus type 1
ACH61756.1,dengue virus type 1
ACQ44358.1,dengue virus type 1
ACA49056.1,dengue virus type 1
ACH61736.1,dengue virus type 1
XPF59803.1,dengue virus type 1
QFS19205.1,dengue virus type 1
ACL99160.1,dengue virus type 1
URK26084.1,dengue virus type 1
WYF20651.1,dengue virus type 1
YBQ70451.1,dengue virus type 1
WJZ46942.1,dengue virus type 1
ACY70726.1,dengue virus type 1
WKC54889.1,dengue virus type 1
XPF59581.1,dengue virus type 1
XPF59869.1,dengue virus type 1
XQH47507.1,dengue virus type 1
WOX58730.1,dengue virus type 1
WYF20596.1,dengue virus type 1
WKC20944.1,dengue virus type 1
XPF59556.1,dengue virus type 1
QHD26466.1,dengue virus type 1
XPF60060.1,dengue virus type 1
QHF19282.1,dengue virus type 1
BBG62291.1,dengue virus type 1
XPF59758.1,dengue virus type 1
WJZ46840.1,dengue virus type 1
WPV88490.1,dengue virus type 1
WDZ68211.1,dengue virus type 1
YBG70322.1,dengue virus type 1
WVN40486.1,dengue virus type 1
XPF59655.1,dengue virus type 1
WLD55737.1,dengue virus type 1
XPF60253.1,dengue virus type 1
UPY82065.1,dengue virus type 1
WDZ68215.1,dengue virus type 1
XPF60045.1,dengue virus type 1
WKC20796.1,dengue virus type 1
XPF59518.1,dengue virus type 1
QTX92753.1,dengue virus type 1
XQH47497.1,dengue virus type 1
WJZ46970.1,dengue virus type 1
WYF20645.1,dengue virus type 1
XIF04087.1,dengue virus type 1
APW49457.1,dengue virus type 1
QHE24270.1,dengue virus type 1
WMS77791.1,dengue virus type 1
URK26094.1,dengue virus type 1
QTE20464.1,dengue virus type 1
QDG00698.1,dengue virus type 1
XHB72372.1,dengue virus type 1
QHD26439.1,dengue virus type 1
AKL81189.1,dengue virus type 1
WVN40381.1,dengue virus type 1
WVN40580.1,dengue virus type 1
AQS22533.1,dengue virus type 1
QTX92561.1,dengue virus type 1
QHD26398.1,dengue virus type 1
XPF59473.1,dengue virus type 1
AQV12178.1,dengue virus type 1
AQS22535.1,dengue virus type 1
WRW12846.1,dengue virus type 1
WVN40435.1,dengue virus type 1
WYF20604.1,dengue virus type 1
WVN40620.1,dengue virus type 1
QTX92498.1,dengue virus type 1
WJJ08389.1,dengue virus type 1
QPD98758.1,dengue virus type 1
ACJ04260.1,dengue virus type 1
WKC20792.1,dengue virus type 1
BBG62294.1,dengue virus type 1
AHG06321.1,dengue virus type 1
XPF59662.1,dengue virus type 1
WHS27021.1,dengue virus type 1
QTX92833.1,dengue virus type 1
WVN40500.1,dengue virus type 1
WVN40498.1,dengue virus type 1
WVN40383.1,dengue virus type 1
UAV34163.1,dengue virus type 1
AEX97804.2,dengue virus type 1
QNL13509.1,dengue virus type 1
XLZ96997.1,dengue virus type 1
ACA49093.1,dengue virus type 1
AHI43699.1,dengue virus type 1
ACY70611.1,dengue virus type 1
AYP74684.1,dengue virus type 1
WKC20952.1,dengue virus type 1
WHS26834.1,dengue virus type 1
WRW12863.1,dengue virus type 1
XPF59673.1,dengue virus type 1
XYW46895.1,dengue virus type 1
WJZ47123.1,dengue virus type 1
WHS26879.1,dengue virus type 1
WHS26906.1,dengue virus type 1
XPF59500.1,dengue virus type 1
WJZ47097.1,dengue virus type 1
QTX92870.1,dengue virus type 1
AYP74665.1,dengue virus type 1
AKL81131.1,dengue virus type 1
WDZ68209.1,dengue virus type 1
XPF60197.1,dengue virus type 1
QTX92537.1,dengue virus type 1
WJZ47136.1,dengue virus type 1
ACS31932.1,dengue virus type 1
WCZ55264.2,dengue virus type 1
ATJ00092.1,dengue virus type 1
XHB72385.1,dengue virus type 1
ACN42676.1,dengue virus type 1
WJZ46888.1,dengue virus type 1
URK26047.1,dengue virus type 1
QFS19550.1,dengue virus type 1
AUZ41762.1,dengue virus type 1
ACL99095.1,dengue virus type 1
ACL99197.1,dengue virus type 1
XHB72378.1,dengue virus type 1
XUM16009.1,dengue virus type 1
WET62296.1,dengue virus type 1
XPF59936.1,dengue virus type 1
ACW82907.1,dengue virus type 1
XPF59941.1,dengue virus type 1
QTX92845.1,dengue virus type 1
WHS26993.1,dengue virus type 1
AFD28498.1,dengue virus type 1
ANJ60723.1,dengue virus type 1
AYP74676.1,dengue virus type 1
QPZ88413.1,dengue virus type 1
QEP41637.1,dengue virus type 1
QTX92617.1,dengue virus type 1
WNF87948.2,dengue virus type 1
BBG62277.1,dengue virus type 1
WJJ08369.1,dengue virus type 1
WHS26924.1,dengue virus type 1
WLD15625.1,dengue virus type 1
QDG00675.1,dengue virus type 1
WCZ55226.2,dengue virus type 1
XUM16021.1,dengue virus type 1
QTX92454.1,dengue virus type 1
QHE24259.1,dengue virus type 1
WGD00782.1,dengue virus type 1
QPI11922.1,dengue virus type 1
YBQ70471.1,dengue virus type 1
ACA48781.1,dengue virus type 1
WJZ46814.1,dengue virus type 1
WDZ68187.1,dengue virus type 1
WJJ08474.1,dengue virus type 1
QRA18917.1,dengue virus type 1
UNZ79672.1,dengue virus type 1
AUZ41754.1,dengue virus type 1
WCZ55267.1,dengue virus type 1
QMW69363.1,dengue virus type 1
AYP74685.1,dengue virus type 1
ADI80653.1,dengue virus type 1
AHG06324.1,dengue virus type 1
URK26077.1,dengue virus type 1
XPF59878.1,dengue virus type 1
QTE20469.1,dengue virus type 1
AQV12268.1,dengue virus type 1
UUG60964.1,dengue virus type 1
WKC20795.1,dengue virus type 1
XPF60028.1,dengue virus type 1
WJZ46872.1,dengue virus type 1
WJZ46972.1,dengue virus type 1
WKC20787.1,dengue virus type 1
WDZ68220.1,dengue virus type 1
AFZ40117.1,dengue virus type 1
QHD26440.1,dengue virus type 1
QIC53522.1,dengue virus type 1
QTX92788.1,dengue virus type 1
XPF60063.1,dengue virus type 1
XPF60026.1,dengue virus type 1
YDE81693.1,dengue virus type 1
AQV12273.1,dengue virus type 1
QHD26370.1,dengue virus type 1
QTX92872.1,dengue virus type 1
QZZ17723.2,dengue virus type 1
AQV12239.1,dengue virus type 1
WCZ55196.2,dengue virus type 1
XHB72371.1,dengue virus type 1
XLZ96970.1,dengue virus type 1
WVN40369.1,dengue virus type 1
XPF59551.1,dengue virus type 1
UZV49085.1,dengue virus type 1
WGD00810.1,dengue virus type 1
AHI43701.1,dengue virus type 1
YBQ70479.1,dengue virus type 1
XLZ96955.1,dengue virus type 1
AUZ41780.1,dengue virus type 1
WFP46115.1,dengue virus type 1
WHS26958.1,dengue virus type 1
ACB87143.1,dengue virus type 1
XPF59675.1,dengue virus type 1
WKC20903.1,dengue virus type 1
XPF59627.1,dengue virus type 1
QPC96823.1,dengue virus type 1
AWV55225.1,dengue virus type 1
WYF20612.1,dengue virus type 1
QTX92830.1,dengue virus type 1
WJJ08451.1,dengue virus type 1
WDZ68200.1,dengue virus type 1
XER78277.1,dengue virus type 1
WJZ47187.1,dengue virus type 1
AQV12323.1,dengue virus type 1
ACA48762.1,dengue virus type 1
YBP09202.1,dengue virus type 1
WCZ55218.2,dengue virus type 1
ACA48758.1,dengue virus type 1
WRW12841.1,dengue virus type 1
WHS26903.1,dengue virus type 1
BBB18817.1,dengue virus type 1
QHE24269.1,dengue virus type 1
ACD13337.1,dengue virus type 1
WHS26916.1,dengue virus type 1
UAV34199.1,dengue virus type 1
ALP06117.1,dengue virus type 1
QPD98744.1,dengue virus type 1
AQV12361.1,dengue virus type 1
WJJ08476.1,dengue virus type 1
WVN40376.1,dengue virus type 1
ACA49065.1,dengue virus type 1
WKC20915.1,dengue virus type 1
WKC20839.1,dengue virus type 1
WJZ46845.1,dengue virus type 1
WCZ55217.1,dengue virus type 1
XPF60110.1,dengue virus type 1
WME20520.1,dengue virus type 1
XPF59517.1,dengue virus type 1
WME20531.1,dengue virus type 1
XPF59739.1,dengue virus type 1
QMW69323.1,dengue virus type 1
QHD26470.1,dengue virus type 1
XPF59872.1,dengue virus type 1
XPF59745.1,dengue virus type 1
WJJ08442.1,dengue virus type 1
XPF59496.1,dengue virus type 1
WJZ46835.1,dengue virus type 1
XPF60001.1,dengue virus type 1
XPF59527.1,dengue virus type 1
XLZ97023.1,dengue virus type 1
WJZ47242.1,dengue virus type 1
QTX92725.1,dengue virus type 1
ADK26433.1,dengue virus type 1
ACQ44325.1,dengue virus type 1
QNL13551.1,dengue virus type 1
AHG06305.1,dengue virus type 1
XPF59990.1,dengue virus type 1
WJZ47228.1,dengue virus type 1
AQV12189.1,dengue virus type 1
WHS04895.1,dengue virus type 1
AKL81155.1,dengue virus type 1
ACA48802.1,dengue virus type 1
YBP09170.1,dengue virus type 1
WJZ47144.1,dengue virus type 1
URK26065.1,dengue virus type 1
YBG70302.1,dengue virus type 1
WCZ55247.2,dengue virus type 1
AKL81181.1,dengue virus type 1
XLZ96948.1,dengue virus type 1
WMS77816.1,dengue virus type 1
WHS26942.1,dengue virus type 1
AHI88623.1,dengue virus type 1
XPF59638.1,dengue virus type 1
QTX92631.1,dengue virus type 1
ACD13383.1,dengue virus type 1
QTX92814.1,dengue virus type 1
XPF59587.1,dengue virus type 1
XPF60041.1,dengue virus type 1
XCB13509.1,dengue virus type 1
URK26107.1,dengue virus type 1
URK26102.1,dengue virus type 1
QPD98770.1,dengue virus type 1
ACW82968.1,dengue virus type 1
XPF60075.1,dengue virus type 1
QTX92497.1,dengue virus type 1
QIC53493.1,dengue virus type 1
ADI80643.1,dengue virus type 1
XUH89046.1,dengue virus type 1
XPF59843.1,dengue virus type 1
WME20518.1,dengue virus type 1
WJZ47031.1,dengue virus type 1
WDE20498.1,dengue virus type 1
QJS52833.1,dengue virus type 1
AEF01502.1,dengue virus type 1
ACY70610.1,dengue virus type 1
ADI80621.1,dengue virus type 1
UPY82038.1,dengue virus type 1
XPF59720.1,dengue virus type 1
XPF60178.1,dengue virus type 1
QPK41396.1,dengue virus type 1
ADA60773.1,dengue virus type 1
ACD13346.1,dengue virus type 1
UAV34176.1,dengue virus type 1
AQV12161.1,dengue virus type 1
ACJ04186.1,dengue virus type 1
WKC20917.1,dengue virus type 1
ACY70700.1,dengue virus type 1
WCZ55284.2,dengue virus type 1
QTX92747.1,dengue virus type 1
WKC20800.1,dengue virus type 1
XPF59709.1,dengue virus type 1
QTX92879.1,dengue virus type 1
WRW12832.1,dengue virus type 1
QMW69356.1,dengue virus type 1
YBP09161.1,dengue virus type 1
XER78280.1,dengue virus type 1
WJZ47052.1,dengue virus type 1
WHS26845.1,dengue virus type 1
AUZ41798.1,dengue virus type 1
ACY70737.1,dengue virus type 1
QTX92514.1,dengue virus type 1
YAB37917.1,dengue virus type 1
WJZ47109.1,dengue virus type 1
WHS26862.1,dengue virus type 1
AQV12140.1,dengue virus type 1
WCZ55351.2,dengue virus type 1
QPC96833.1,dengue virus type 1
ACJ04292.1,dengue virus type 1
ACL99144.1,dengue virus type 1
WYF20661.1,dengue virus type 1
QMT58610.1,dengue virus type 1
WJJ08433.1,dengue virus type 1
WJJ08465.1,dengue virus type 1
AHI43690.1,dengue virus type 1
QTX92807.1,dengue virus type 1
XPF59555.1,dengue virus type 1
WHS26948.1,dengue virus type 1
WHS04890.1,dengue virus type 1
WYF20656.1,dengue virus type 1
XPF59537.1,dengue virus type 1
AQV12211.1,dengue virus type 1
XPF59499.1,dengue virus type 1
AWV55228.1,dengue virus type 1
AHG06306.1,dengue virus type 1
ACY70639.1,dengue virus type 1
AEF01553.1,dengue virus type 1
WJD59968.1,dengue virus type 1
WYF20550.1,dengue virus type 1
UPY81972.1,dengue virus type 1
WFP46152.1,dengue virus type 1
ACQ44457.1,dengue virus type 1
WHS27031.1,dengue virus type 1
ABW82096.1,dengue virus type 1
WKC20893.1,dengue virus type 1
ACY70669.1,dengue virus type 1
WKC20901.1,dengue virus type 1
QHR82519.1,dengue virus type 1
QNL13561.1,dengue virus type 1
UIZ00637.1,dengue virus type 1
AFZ40118.1,dengue virus type 1
WVN40609.1,dengue virus type 1
AKQ00018.1,dengue virus type 1
WJJ08501.1,dengue virus type 1
AKL81174.1,dengue virus type 1
ACY70661.1,dengue virus type 1
QFS19191.1,dengue virus type 1
WMS77812.1,dengue virus type 1
ACN42680.1,dengue virus type 1
QMT58616.1,dengue virus type 1
XPF60275.1,dengue virus type 1
QTX92074.1,dengue virus type 1
WLD55690.1,dengue virus type 1
AHC98446.1,dengue virus type 1
ACL98980.1,dengue virus type 1
YBQ70410.1,dengue virus type 1
QTX92469.1,dengue virus type 1
XPF59682.1,dengue virus type 1
XXL24440.1,dengue virus type 1
WJZ47011.1,dengue virus type 1
WHS04873.1,dengue virus type 1
QHD26433.1,dengue virus type 1
QTX92661.1,dengue virus type 1
QHD26448.1,dengue virus type 1
XLY90655.1,dengue virus type 1
XPF59698.1,dengue virus type 1
XLZ97027.1,dengue virus type 1
QPZ88410.1,dengue virus type 1
URK21469.1,dengue virus type 1
AHF45709.1,dengue virus type 1
XQT73507.1,dengue virus type 1
QHD26431.1,dengue virus type 1
XPF59492.1,dengue virus type 1
WDZ68206.1,dengue virus type 1
ACQ44428.1,dengue virus type 1
QTX92605.1,dengue virus type 1
AQV12232.1,dengue virus type 1
ANC57586.1,dengue virus type 1
ANS59163.1,dengue virus type 1
XPF59773.1,dengue virus type 1
WJZ47234.1,dengue virus type 1
WHS04896.1,dengue virus type 1
AQV12179.1,dengue virus type 1
ACA48751.1,dengue virus type 1
QTX92606.1,dengue virus type 1
QTX92531.1,dengue virus type 1
AKL81168.1,dengue virus type 1
WYI51577.1,dengue virus type 1
XPF60204.1,dengue virus type 1
AHC98443.1,dengue virus type 1
AHG06333.1,dengue virus type 1
WJZ47178.1,dengue virus type 1
ACA49082.1,dengue virus type 1
XPF59515.1,dengue virus type 1
AHI43708.1,dengue virus type 1
AUZ41799.1,dengue virus type 1
BBB18821.1,dengue virus type 1
AFZ40116.1,dengue virus type 1
ACA48980.1,dengue virus type 1
ACL99141.1,dengue virus type 1
XPF59841.1,dengue virus type 1
WYF20638.1,dengue virus type 1
BBB18820.1,dengue virus type 1
WVN40440.1,dengue virus type 1
XPF60309.1,dengue virus type 1
XPF59569.1,dengue virus type 1
ACW82974.1,dengue virus type 1
XPF60305.1,dengue virus type 1
WYF20563.1,dengue virus type 1
AWV55224.1,dengue virus type 1
QTX92828.1,dengue virus type 1
ACY70638.1,dengue virus type 1
WLD15644.1,dengue virus type 1
XPF60054.1,dengue virus type 1
ADA60781.1,dengue virus type 1
QTX92754.1,dengue virus type 1
QTX92564.1,dengue virus type 1
WKC20829.1,dengue virus type 1
QTX92570.1,dengue virus type 1
UNZ79690.1,dengue virus type 1
XPF60137.1,dengue virus type 1
XPF60146.1,dengue virus type 1
AWV55203.1,dengue virus type 1
WVN40400.1,dengue virus type 1
WHS04842.1,dengue virus type 1
WHS26964.1,dengue virus type 1
XPF59580.1,dengue virus type 1
QRA18134.1,dengue virus type 1
XPF60239.1,dengue virus type 1
QTX92782.1,dengue virus type 1
QFS19225.1,dengue virus type 1
WJZ47126.1,dengue virus type 1
QHD26389.1,dengue virus type 1
YAB37915.1,dengue virus type 1
QTX92824.1,dengue virus type 1
QTX92625.1,dengue virus type 1
QTX92503.1,dengue virus type 1
QIC53511.1,dengue virus type 1
AKL81184.1,dengue virus type 1
XLZ96964.1,dengue virus type 1
AHI43729.1,dengue virus type 1
XPF59701.1,dengue virus type 1
ACS31907.1,dengue virus type 1
QMT58609.1,dengue virus type 1
ACL99149.1,dengue virus type 1
ACH61727.1,dengue virus type 1
YBG70316.1,dengue virus type 1
ACI15867.1,dengue virus type 1
AAN03445.3,dengue virus type 1
ADA60783.1,dengue virus type 1
XUH89044.1,dengue virus type 1
QTX92401.1,dengue virus type 1
ANJ60726.1,dengue virus type 1
WGD00785.1,dengue virus type 1
QTX92562.1,dengue virus type 1
QTX92826.1,dengue virus type 1
XDG51446.1,dengue virus type 1
ACQ44418.1,dengue virus type 1
QTE20467.1,dengue virus type 1
XXL24437.1,dengue virus type 1
WJZ47094.1,dengue virus type 1
ADF55779.2,dengue virus type 1
WJZ47224.1,dengue virus type 1
WCZ55240.2,dengue virus type 1
AKL81146.1,dengue virus type 1
AAW28142.1,dengue virus type 1
XHB72383.1,dengue virus type 1
AQV12205.1,dengue virus type 1
WRW12825.1,dengue virus type 1
XPF59600.1,dengue virus type 1
QZE60614.1,dengue virus type 1
UNZ79632.1,dengue virus type 1
WJZ46919.1,dengue virus type 1
UNZ79623.1,dengue virus type 1
QDG00676.1,dengue virus type 1
UNN65470.1,dengue virus type 1
WJZ47066.1,dengue virus type 1
WJJ08481.1,dengue virus type 1
ACH61738.1,dengue virus type 1
UPY81990.1,dengue virus type 1
QTX92470.1,dengue virus type 1
QTX92727.1,dengue virus type 1
WGF24011.1,dengue virus type 1
ACA48775.1,dengue virus type 1
UPY81984.1,dengue virus type 1
XPF59738.1,dengue virus type 1
YBK92786.1,dengue virus type 1
YBG70313.1,dengue virus type 1
WFP46145.1,dengue virus type 1
WJZ47272.1,dengue virus type 1
QIC53462.1,dengue virus type 1
UCM76012.1,dengue virus type 1
WMM36221.1,dengue virus type 1
XPF59729.1,dengue virus type 1
WWZ43990.1,dengue virus type 1
AXI98994.1,dengue virus type 1
WJZ47128.1,dengue virus type 1
WJZ47262.1,dengue virus type 1
WCZ55192.1,dengue virus type 1
AKL81130.1,dengue virus type 1
UAV34195.1,dengue virus type 1
AYP74666.1,dengue virus type 1
AHI43747.1,dengue virus type 1
ACS31952.1,dengue virus type 1
WJZ47246.1,dengue virus type 1
AUZ41777.1,dengue virus type 1
ACY70623.1,dengue virus type 1
WGF24010.1,dengue virus type 1
QUU16667.1,dengue virus type 1
AHF45706.1,dengue virus type 1
AUZ41772.1,dengue virus type 1
AUA17937.1,dengue virus type 1
WCZ55183.1,dengue virus type 1
ACW82923.1,dengue virus type 1
ACQ44365.1,dengue virus type 1
WHS04892.1,dengue virus type 1
XPF59815.1,dengue virus type 1
BBG62285.1,dengue virus type 1
AHI43713.1,dengue virus type 1
ACN42675.1,dengue virus type 1
WLD15624.1,dengue virus type 1
QIC53503.1,dengue virus type 1
XPF59854.1,dengue virus type 1
ACQ44467.1,dengue virus type 1
XPF59558.1,dengue virus type 1
UZV49088.1,dengue virus type 1
QTX92844.1,dengue virus type 1
WGD00811.1,dengue virus type 1
YDE81687.1,dengue virus type 1
WMY87881.1,dengue virus type 1
WHS26822.1,dengue virus type 1
ACL99147.1,dengue virus type 1
AKL81136.1,dengue virus type 1
ACK28189.1,dengue virus type 1
AHG06309.1,dengue virus type 1
WLD15638.1,dengue virus type 1
YCB66280.1,dengue virus type 1
YBG70327.1,dengue virus type 1
QHD26456.1,dengue virus type 1
XPF59691.1,dengue virus type 1
QPZ88411.1,dengue virus type 1
WJZ47018.1,dengue virus type 1
YBQ70448.1,dengue virus type 1
WVN40595.1,dengue virus type 1
AKC32653.1,dengue virus type 1
AQV12349.1,dengue virus type 1
XPF59466.1,dengue virus type 1
XPF60292.1,dengue virus type 1
AQV12326.1,dengue virus type 1
WJZ47078.1,dengue virus type 1
ACI15868.1,dengue virus type 1
AQV12270.1,dengue virus type 1
AHI43748.1,dengue virus type 1
QHZ01387.1,dengue virus type 1
AWV55257.1,dengue virus type 1
XPF59950.1,dengue virus type 1
BBG62296.1,dengue virus type 1
WAU46416.1,dengue virus type 1
ACY70640.1,dengue virus type 1
URK26070.1,dengue virus type 1
WJZ46819.1,dengue virus type 1
XPF60174.1,dengue virus type 1
ACS31935.1,dengue virus type 1
ACH61740.1,dengue virus type 1
YBQ70413.1,dengue virus type 1
WHS27040.1,dengue virus type 1
ACQ44375.1,dengue virus type 1
ADA60779.1,dengue virus type 1
XPF59877.1,dengue virus type 1
XPF60288.1,dengue virus type 1
WCZ55236.2,dengue virus type 1
XQT73475.1,dengue virus type 1
UNZ79633.1,dengue virus type 1
XIF04088.1,dengue virus type 1
YDE81689.1,dengue virus type 1
AHF50484.1,dengue virus type 1
WJZ47119.1,dengue virus type 1
XPF60081.1,dengue virus type 1
WJZ47301.1,dengue virus type 1
URK26068.1,dengue virus type 1
XYW46885.1,dengue virus type 1
WVN40528.1,dengue virus type 1
WEF85061.1,dengue virus type 1
QPD98753.1,dengue virus type 1
QTX92419.1,dengue virus type 1
WCZ55321.2,dengue virus type 1
ACQ44429.1,dengue virus type 1
ACL99171.1,dengue virus type 1
AQV12241.1,dengue virus type 1
WJZ47215.1,dengue virus type 1
AEA50931.1,dengue virus type 1
QPK41400.1,dengue virus type 1
ACH61735.1,dengue virus type 1
YBG70317.1,dengue virus type 1
QIC53490.1,dengue virus type 1
QTX92568.1,dengue virus type 1
AFD28517.1,dengue virus type 1
UPY82067.1,dengue virus type 1
WCZ55242.2,dengue virus type 1
WHS26902.1,dengue virus type 1
XLY90663.1,dengue virus type 1
WFP46119.1,dengue virus type 1
WGD00819.1,dengue virus type 1
XLZ96985.1,dengue virus type 1
WCZ55194.2,dengue virus type 1
ACY70693.1,dengue virus type 1
WFP46146.1,dengue virus type 1
WHS26861.1,dengue virus type 1
QMW69355.1,dengue virus type 1
AJQ21331.2,dengue virus type 1
WJZ47087.1,dengue virus type 1
WJZ47235.1,dengue virus type 1
WJZ47309.1,dengue virus type 1
ACN54387.1,dengue virus type 1
WJZ47240.1,dengue virus type 1
WHS26953.1,dengue virus type 1
AWV55261.1,dengue virus type 1
WJJ08403.1,dengue virus type 1
QTX92572.1,dengue virus type 1
AQV12371.1,dengue virus type 1
ACQ44339.1,dengue virus type 1
AKL81165.1,dengue virus type 1
UVN42094.1,dengue virus type 1
WHS26921.1,dengue virus type 1
BDB33211.1,dengue virus type 1
WYF20568.1,dengue virus type 1
NP_059433.1,dengue virus type 1
XPF59725.1,dengue virus type 1
XPF60158.1,dengue virus type 1
QFS19160.1,dengue virus type 1
XRY74895.1,dengue virus type 1
AKQ00038.1,dengue virus type 1
WJZ47030.1,dengue virus type 1
XPF60255.1,dengue virus type 1
QTX92421.1,dengue virus type 1
QHD26368.1,dengue virus type 1
XPF59994.1,dengue virus type 1
XPF60095.1,dengue virus type 1
ACY70572.1,dengue virus type 1
URK26083.1,dengue virus type 1
XMF56233.1,dengue virus type 2
WVN40651.1,dengue virus type 2
XMF56269.1,dengue virus type 2
WVN40687.1,dengue virus type 2
ADM26232.1,dengue virus type 2
XCI54588.1,dengue virus type 2
WVN40760.1,dengue virus type 2
ADM26225.1,dengue virus type 2
WVN40758.1,dengue virus type 2
QTX93104.1,dengue virus type 2
WCZ55382.2,dengue virus type 2
WVN40756.1,dengue virus type 2
XMF56272.1,dengue virus type 2
XMF56218.1,dengue virus type 2
XMF56255.1,dengue virus type 2
WLD55679.1,dengue virus type 2
WGD00936.1,dengue virus type 2
YEO36750.1,dengue virus type 2
XMF56277.1,dengue virus type 2
ADM26236.1,dengue virus type 2
XMF56226.1,dengue virus type 2
XMF56248.1,dengue virus type 2
ADM26222.1,dengue virus type 2
WVN40733.1,dengue virus type 2
AAV70829.1,dengue virus type 2
UNZ79675.1,dengue virus type 2
WVN40698.1,dengue virus type 2
XMF56274.1,dengue virus type 2
WVN40742.1,dengue virus type 2
WVN40666.1,dengue virus type 2
XAJ73970.1,dengue virus type 2
XCI54593.1,dengue virus type 2
XMF56240.1,dengue virus type 2
ULP34435.1,dengue virus type 2
ADM26233.1,dengue virus type 2
QTX93130.1,dengue virus type 2
ADM26235.1,dengue virus type 2
XMF56217.1,dengue virus type 2
XCI54600.1,dengue virus type 2
ADM26218.1,dengue virus type 2
XMF56251.1,dengue virus type 2
UNZ79665.1,dengue virus type 2
WVN40685.1,dengue virus type 2
XFB80464.1,dengue virus type 2
UNZ79662.1,dengue virus type 2
ADM26226.1,dengue virus type 2
WVN40720.1,dengue virus type 2
XCI54609.1,dengue virus type 2
QUU16650.1,dengue virus type 2
WVN40741.1,dengue virus type 2
YDE81674.1,dengue virus type 2
XMF56267.1,dengue virus type 2
ADM26234.1,dengue virus type 2
XMF56279.1,dengue virus type 2
UYK60818.1,dengue virus type 2
XCI54596.1,dengue virus type 2
WVN40683.1,dengue virus type 2
XMF56278.1,dengue virus type 2
UNZ79664.1,dengue virus type 2
ADM26228.1,dengue virus type 2
YBK92807.1,dengue virus type 2
WVN40727.1,dengue virus type 2
XMF56276.1,dengue virus type 2
WVN40729.1,dengue virus type 2
XMF56281.1,dengue virus type 2
XCI54608.1,dengue virus type 2
WVV02212.1,dengue virus type 2
UCQ65251.1,dengue virus type 2
QGW05362.1,dengue virus type 2
XMF56241.1,dengue virus type 2
XCI54586.1,dengue virus type 2
WVN40684.1,dengue virus type 2
WVN40745.1,dengue virus type 2
ADM26230.1,dengue virus type 2
WVN40682.1,dengue virus type 2
WVN40767.1,dengue virus type 2
ADM26223.1,dengue virus type 2
WVN40740.1,dengue virus type 2
XMF56273.1,dengue virus type 2
ADM26219.1,dengue virus type 2
WVN40706.1,dengue virus type 2
WVN40732.1,dengue virus type 2
XMF56282.1,dengue virus type 2
WVN40743.1,dengue virus type 2
WVN40665.1,dengue virus type 2
WVN40660.1,dengue virus type 2
WVN40761.1,dengue virus type 2
ADM26229.1,dengue virus type 2
YEO36751.1,dengue virus type 2
ADM26227.1,dengue virus type 2
QGW05357.1,dengue virus type 2
XMF56265.1,dengue virus type 2
WVN40708.1,dengue virus type 2
ADM26231.1,dengue virus type 2
XMF56245.1,dengue virus type 2
WVN40707.1,dengue virus type 2
XCI54583.1,dengue virus type 2
XMF56236.1,dengue virus type 2
XCI54589.1,dengue virus type 2
WVN40718.1,dengue virus type 2
YDE81672.1,dengue virus type 2
QGW05358.1,dengue virus type 2
XCI54592.1,dengue virus type 2
ULF50559.1,dengue virus type 2
XMF56243.1,dengue virus type 2
XCA47686.1,dengue virus type 2
WVN40765.1,dengue virus type 2
WVN40710.1,dengue virus type 2
UXX51223.1,dengue virus type 2
XAJ73969.1,dengue virus type 2
WVN40738.1,dengue virus type 2
XMF56228.1,dengue virus type 2
WVN40686.1,dengue virus type 2
WVN40709.1,dengue virus type 2
ADM26221.1,dengue virus type 2
XCI54605.1,dengue virus type 2
ADM26220.1,dengue virus type 2
XMF56242.1,dengue virus type 2
XDE79241.1,dengue virus type 2
XMF56275.1,dengue virus type 2
XCM77325.1,dengue virus type 2
ADM26224.1,dengue virus type 2
ARO78355.1,dengue virus type 1
WJD59972.1,dengue virus type 1
ACJ04227.1,dengue virus type 1
WGD00818.1,dengue virus type 1
WVN40491.1,dengue virus type 1
AYP74679.1,dengue virus type 1
WVN40604.1,dengue virus type 1
YBQ70412.1,dengue virus type 1
WGD00795.1,dengue virus type 1
WVN40628.1,dengue virus type 1
WPF59425.1,dengue virus type 1
WVN40545.1,dengue virus type 1
ACY70705.1,dengue virus type 1
AHF45684.1,dengue virus type 1
WVN40357.1,dengue virus type 1
QIC53534.1,dengue virus type 1
ARO78342.1,dengue virus type 1
ACJ04200.1,dengue virus type 1
WOV69441.1,dengue virus type 1
WVN40625.1,dengue virus type 1
WVN40300.1,dengue virus type 1
WVN40401.1,dengue virus type 1
YBZ63812.1,dengue virus type 1
WVN40519.1,dengue virus type 1
WVN40621.1,dengue virus type 1
WVN40551.1,dengue virus type 1
WVN40329.1,dengue virus type 1
QTE20477.1,dengue virus type 1
XQH47488.1,dengue virus type 1
WVN40334.1,dengue virus type 1
ACH61739.1,dengue virus type 1
WGD00834.1,dengue virus type 1
WVN40515.1,dengue virus type 1
AWV55212.1,dengue virus type 1
ACJ12617.1,dengue virus type 1
WVN40293.1,dengue virus type 1
APW49454.1,dengue virus type 1
WCZ55300.2,dengue virus type 1
QDG00685.1,dengue virus type 1
WVN40322.1,dengue virus type 1
WVN40526.1,dengue virus type 1
WLD15556.1,dengue virus type 1
WCZ55295.2,dengue virus type 1
ATP66561.1,dengue virus type 1
WCZ55301.2,dengue virus type 1
WVN40578.1,dengue virus type 1
WVN40444.1,dengue virus type 1
AMN88556.1,dengue virus type 1
AFN54943.1,dengue virus type 1
WGD00797.1,dengue virus type 1
XCI54572.1,dengue virus type 1
WGD00779.1,dengue virus type 1
AHF50490.1,dengue virus type 1
WVN40283.1,dengue virus type 1
WGD00832.1,dengue virus type 1
XQT73535.1,dengue virus type 1
YBK92782.1,dengue virus type 1
WRW12821.1,dengue virus type 1
XCI54566.1,dengue virus type 1
WVN40616.1,dengue virus type 1
WVN40633.1,dengue virus type 1
WVN40611.1,dengue virus type 1
WVN40581.1,dengue virus type 1
WOV69438.1,dengue virus type 1
AHG23203.1,dengue virus type 1
WVN40388.1,dengue virus type 1
WVN40623.1,dengue virus type 1
WRW12823.1,dengue virus type 1
QPD98771.1,dengue virus type 1
URK26128.1,dengue virus type 1
WLD15622.1,dengue virus type 1
WVN40556.1,dengue virus type 1
WGD00796.1,dengue virus type 1
WVN40429.1,dengue virus type 1
WVN40579.1,dengue virus type 1
AEZ00066.1,dengue virus type 1
WVN40348.1,dengue virus type 1
WVN40428.1,dengue virus type 1
WVN40436.1,dengue virus type 1
WVN40285.1,dengue virus type 1
WGD00820.1,dengue virus type 1
WVN40324.1,dengue virus type 1
WVN40332.1,dengue virus type 1
YBZ63814.1,dengue virus type 1
WVN40417.1,dengue virus type 1
WVN40634.1,dengue virus type 1
WVN40583.1,dengue virus type 1
XUM16014.1,dengue virus type 1
WVN40327.1,dengue virus type 1
WCZ55314.2,dengue virus type 1
WVN40437.1,dengue virus type 1
WVN40535.1,dengue virus type 1
WRW12842.1,dengue virus type 1
WVN40574.1,dengue virus type 1
ANC57589.1,dengue virus type 1
YBQ70428.1,dengue virus type 1
WVN40294.1,dengue virus type 1
WVN40303.1,dengue virus type 1
WVN40577.1,dengue virus type 1
WVN40592.1,dengue virus type 1
XHP22488.1,dengue virus type 1
WVN40571.1,dengue virus type 1
WVN40384.1,dengue virus type 1
WVN40596.1,dengue virus type 1
WVN40434.1,dengue virus type 1
WEU54301.1,dengue virus type 1
WME20524.1,dengue virus type 1
WVN40355.1,dengue virus type 1
WVN40284.1,dengue virus type 1
ACH61752.1,dengue virus type 1
WGD00800.1,dengue virus type 1
UIZ00654.1,dengue virus type 1
WVN40572.1,dengue virus type 1
WVN40629.1,dengue virus type 1
WOV69439.1,dengue virus type 1
WVN40602.1,dengue virus type 1
QMW69330.1,dengue virus type 1
WVN40427.1,dengue virus type 1
WVN40394.1,dengue virus type 1
WVN40575.1,dengue virus type 1
WVN40336.1,dengue virus type 1
WNP52480.1,dengue virus type 1
WRW12813.1,dengue virus type 1
WVN40346.1,dengue virus type 1
WVN40344.1,dengue virus type 1
WVN40617.1,dengue virus type 1
ANC57590.1,dengue virus type 1
YBZ63813.1,dengue virus type 1
WVN40368.1,dengue virus type 1
WVN40366.1,dengue virus type 1
WVN40325.1,dengue virus type 1
WOV69440.1,dengue virus type 1
WGD00827.1,dengue virus type 1
AYP31257.1,dengue virus type 1
WVN40353.1,dengue virus type 1
WVN40527.1,dengue virus type 1
WVN40517.1,dengue virus type 1
WVN40631.1,dengue virus type 1
WVN40576.1,dengue virus type 1
XPF59608.1,dengue virus type 1
WVN40321.1,dengue virus type 1
WVN40645.1,dengue virus type 1
WVN40323.1,dengue virus type 1
WVN40439.1,dengue virus type 1
WLD15618.1,dengue virus type 1
WVN40335.1,dengue virus type 1
YBK92784.1,dengue virus type 1
WVN40518.1,dengue virus type 1
WVN40385.1,dengue virus type 1
WVN40635.1,dengue virus type 1
QDG00684.1,dengue virus type 1
WVN40584.1,dengue virus type 1
AHF50476.1,dengue virus type 1
WVN40308.1,dengue virus type 1
QDG00679.1,dengue virus type 1
WVN40599.1,dengue virus type 1
WVN40438.1,dengue virus type 1
WVN40587.1,dengue virus type 1
WGD00781.1,dengue virus type 1
WVN40637.1,dengue virus type 1
WVN40359.1,dengue virus type 1
WVN40542.1,dengue virus type 1
WVN40312.1,dengue virus type 1
WVN40370.1,dengue virus type 1
WPF59424.1,dengue virus type 1
WVN40475.1,dengue virus type 1
WVN40287.1,dengue virus type 1
WVN40331.1,dengue virus type 1
ABW82093.1,dengue virus type 1
WVN40646.1,dengue virus type 1
WVN40421.1,dengue virus type 1
AWV55259.1,dengue virus type 1
WVN40641.1,dengue virus type 1
WVN40360.1,dengue virus type 1
UNZ79685.1,dengue virus type 1
WVN40508.1,dengue virus type 1
URK26052.1,dengue virus type 1
WVN40615.1,dengue virus type 1
WCZ55356.2,dengue virus type 1
WVN40451.1,dengue virus type 1
WVN40328.1,dengue virus type 1
WVN40453.1,dengue virus type 1
YBQ70429.1,dengue virus type 1
WVN40509.1,dengue virus type 1
URK26060.1,dengue virus type 1
WVN40340.1,dengue virus type 1
ADO97103.1,dengue virus type 1
WVN40564.1,dengue virus type 1
WJD59969.1,dengue virus type 1
WVN40380.1,dengue virus type 1
WVN40558.1,dengue virus type 1
WVN40389.1,dengue virus type 1
WCZ55318.2,dengue virus type 1
WVN40568.1,dengue virus type 1
AHF50478.1,dengue virus type 1
XCI54569.1,dengue virus type 1
WVN40598.1,dengue virus type 1
WVN40458.1,dengue virus type 1
WVN40524.1,dengue virus type 1
WVN40627.1,dengue virus type 1
WVN40585.1,dengue virus type 1
WGD00798.1,dengue virus type 1
WGD00784.1,dengue virus type 1
XCI54565.1,dengue virus type 1
WYF20664.1,dengue virus type 1
WRW12834.1,dengue virus type 1
WVN40326.1,dengue virus type 1
WVN40516.1,dengue virus type 1
WVN40569.1,dengue virus type 1
WVN40398.1,dengue virus type 1
WVN40416.1,dengue virus type 1
WVN40320.1,dengue virus type 1
WVN40607.1,dengue virus type 1
WGD00806.1,dengue virus type 1
WVN40333.1,dengue virus type 1
WVN40503.1,dengue virus type 1
WVN40548.1,dengue virus type 1
WVN40290.1,dengue virus type 1
WVN40588.1,dengue virus type 1
QHE24276.1,dengue virus type 1
XRE91599.1,dengue virus type 1
WVN40441.1,dengue virus type 1
WVN40557.1,dengue virus type 1
WCZ55293.2,dengue virus type 1
ACH61750.1,dengue virus type 1
ARO78343.1,dengue virus type 1
WVN40422.1,dengue virus type 1
WVN40502.1,dengue virus type 1
WVN40426.1,dengue virus type 1
WVN40314.1,dengue virus type 1
AYP74683.1,dengue virus type 1
YBQ70423.1,dengue virus type 1
AWV55237.1,dengue virus type 1
WVN40379.1,dengue virus type 1
WVN40420.1,dengue virus type 1
WVN40397.1,dengue virus type 1
WVN40356.1,dengue virus type 1
WCZ55342.2,dengue virus type 1
WVN40433.1,dengue virus type 1
WVN40533.1,dengue virus type 1
AWV55231.1,dengue virus type 1
WVN40297.1,dengue virus type 1
ACJ04232.1,dengue virus type 1
AYP74688.1,dengue virus type 1
QTX92750.1,dengue virus type 1
AHF50487.1,dengue virus type 1
YBQ70416.1,dengue virus type 1
WVN40593.1,dengue virus type 1
WVN40573.1,dengue virus type 1
WVN40354.1,dengue virus type 1
WVN40358.1,dengue virus type 1
WVN40525.1,dengue virus type 1
WVN40613.1,dengue virus type 1
YBZ63818.1,dengue virus type 1
WVN40459.1,dengue virus type 1
WVN40345.1,dengue virus type 1
WVN40295.1,dengue virus type 1
AYP74689.1,dengue virus type 1
YBQ70411.1,dengue virus type 1
WVN40570.1,dengue virus type 1
WVN40313.1,dengue virus type 1
WVN40610.1,dengue virus type 1
QDG00647.1,dengue virus type 1
YBQ70415.1,dengue virus type 1
WVN40311.1,dengue virus type 1
WFF71375.1,dengue virus type 2
WEG68672.1,dengue virus type 2
WVN40713.1,dengue virus type 2
WVN40810.1,dengue virus type 4
WGD00895.1,dengue virus type 2
YBZ63820.1,dengue virus type 2
XUM16037.1,dengue virus type 2
WGD00878.1,dengue virus type 2
WEG68668.1,dengue virus type 2
QNL13588.1,dengue virus type 2
WGD00882.1,dengue virus type 2
WJE97908.1,dengue virus type 2
XMF56259.1,dengue virus type 2
YBZ63787.1,dengue virus type 2
WGD00853.1,dengue virus type 2
WGD00907.1,dengue virus type 2
QNL13667.1,dengue virus type 2
WGD00918.1,dengue virus type 2
WVN40815.1,dengue virus type 4
ADK37503.1,dengue virus type 2
WGD00851.1,dengue virus type 2
YBZ63791.1,dengue virus type 2
QOW96382.1,dengue virus type 2
YBZ63790.1,dengue virus type 2
QNL13725.1,dengue virus type 2
WVN40719.1,dengue virus type 2
WGD00845.1,dengue virus type 2
WGD01099.1,dengue virus type 4
QNL13670.1,dengue virus type 2
QNL13624.1,dengue virus type 2
WGD00863.1,dengue virus type 2
QNL13663.1,dengue virus type 2
WEG68683.1,dengue virus type 2
QNL13735.1,dengue virus type 2
XCI54611.1,dengue virus type 2
QNL13699.1,dengue virus type 2
WGD00914.1,dengue virus type 2
WVN40870.1,dengue virus type 4
QNL13721.1,dengue virus type 2
QNL13680.1,dengue virus type 2
QNL13673.1,dengue virus type 2
WVN40766.1,dengue virus type 2
YBZ63782.1,dengue virus type 2
ADK37504.1,dengue virus type 2
XDE79239.1,dengue virus type 2
QNL13567.1,dengue virus type 2
WGD00840.1,dengue virus type 2
WGD00949.1,dengue virus type 2
YBZ63779.1,dengue virus type 2
QNL13640.1,dengue virus type 2
YBZ63795.1,dengue virus type 2
WEG68693.1,dengue virus type 2
QNL13619.1,dengue virus type 2
WGD00835.1,dengue virus type 2
WGD00902.1,dengue virus type 2
QNL13726.1,dengue virus type 2
AGK36292.1,dengue virus type 2
WGD00866.1,dengue virus type 2
QNL13720.1,dengue virus type 2
WGD00850.1,dengue virus type 2
WGD00841.1,dengue virus type 2
YBZ63784.1,dengue virus type 2
WGD00886.1,dengue virus type 2
WGD00906.1,dengue virus type 2
ADK37505.1,dengue virus type 2
YBZ63777.1,dengue virus type 2
YBZ63780.1,dengue virus type 2
WGD00925.1,dengue virus type 2
QNL13729.1,dengue virus type 2
WVN40812.1,dengue virus type 4
QNL13681.1,dengue virus type 2
WVN40845.1,dengue virus type 4
WGD00950.1,dengue virus type 2
WGD00859.1,dengue virus type 2
WGD00896.1,dengue virus type 2
QNL13596.1,dengue virus type 2
YBZ63802.1,dengue virus type 2
QNL13590.1,dengue virus type 2
WGD00877.1,dengue virus type 2
WGD00862.1,dengue virus type 2
YBZ63811.1,dengue virus type 2
WVN40831.1,dengue virus type 4
ADK37502.1,dengue virus type 2
QNL13582.1,dengue virus type 2
WGD01086.1,dengue virus type 4
WGD00892.1,dengue virus type 2
WVN40712.1,dengue virus type 2
QNL13734.1,dengue virus type 2
WVN40350.1,dengue virus type 1
WNN20155.1,dengue virus type 2
WVN40411.1,dengue virus type 1
WGD00954.1,dengue virus type 2
WVN40412.1,dengue virus type 1
WIW72144.1,dengue virus type 2
WVN40543.1,dengue virus type 1
WVN40315.1,dengue virus type 1
WVN40305.1,dengue virus type 1
WIW72157.1,dengue virus type 2
WVN40288.1,dengue virus type 1
WJE97913.1,dengue virus type 2
WVN40462.1,dengue virus type 1
WVN40304.1,dengue virus type 1
WVN40452.1,dengue virus type 1
QUD37230.1,dengue virus type 1
WJE97916.1,dengue virus type 2
WVN40606.1,dengue virus type 1
WVN40446.1,dengue virus type 1
WVN40395.1,dengue virus type 1
WGD00926.1,dengue virus type 2
QOW96394.1,dengue virus type 2
WGD00837.1,dengue virus type 2
WGD00948.1,dengue virus type 2
WGD00843.1,dengue virus type 2
QNL13731.1,dengue virus type 2
UIV13884.1,dengue virus type 3
YAJ45107.1,dengue virus type 3
QDG00729.1,dengue virus type 3
QPJ75914.1,dengue virus type 3
UJT50355.1,dengue virus type 3
AAT69740.1,dengue virus type 3
QPJ75913.1,dengue virus type 3
XKQ27367.1,dengue virus type 3
QTX92075.1,dengue virus type 3
UJT50354.1,dengue virus type 3
ABW82039.1,dengue virus type 3
AHC98447.1,dengue virus type 3
AMH87187.1,dengue virus type 3
XMF56298.1,dengue virus type 3
XDT57260.1,dengue virus type 3
QTX93582.1,dengue virus type 3
AHG23233.1,dengue virus type 3
XQH05722.1,dengue virus type 3
ACD13403.1,dengue virus type 3
AMH87188.1,dengue virus type 3
XUM16045.1,dengue virus type 3
XGZ23339.1,dengue virus type 3
AHC98416.1,dengue virus type 3
SNQ41864.1,dengue virus type 3
XUM16046.1,dengue virus type 3
YAE67934.1,dengue virus type 3
YBX56922.1,dengue virus type 3
ASX95466.1,dengue virus type 3
XMN96762.1,dengue virus type 3
YBG70296.1,dengue virus type 1
WVN40342.1,dengue virus type 1
WGD01098.1,dengue virus type 4
YAE67935.1,dengue virus type 4
WGD01094.1,dengue virus type 4
WGD01092.1,dengue virus type 4
WVN40853.1,dengue virus type 4
WVN40814.1,dengue virus type 4
XDL09068.1,dengue virus type 3
WLD55688.1,dengue virus type 2
WVW36850.1,dengue virus type 2
QGW05364.1,dengue virus type 2
YAF76184.1,dengue virus type 4
